시군명,발생년도,발생일자,주야구분명,사고요일,사고유형_대분류,사고유형,법규위반대분류명,법규위반내용,도로형태_대분류,도로형태,가해자 당사자 종별,당사자1_차종,피해자 당사자 종별,당사자2_차종,사망자수,중상자수,부상자수,부상신고자수,경상자수,WGS84위도,WGS84경도
평택시,2022   ,2022-04-24 10시,주간,일요일,차대차,측면충돌,,,교차로,교차로부근,화물차,,자전거,,1,0,1,0,0,36.99067297,127.11480943
포천시,2022   ,2022-04-23 16시,주간,토요일,차량단독,공작물충돌,,,단일로,기타단일로,이륜차,,없음,,1,0,1,0,0,37.80820241,127.14306991
하남시,2022   ,2022-04-22 01시,야간,금요일,차대차,추돌,,,단일로,기타단일로,승합차,,특수차,,1,0,1,0,0,37.53550181,127.18705688
안산시,2022   ,2022-04-21 07시,주간,목요일,차대차,기타,,,단일로,기타단일로,화물차,,자전거,,1,0,1,0,0,37.30169848,126.77053565
남양주시,2022   ,2022-04-21 07시,주간,목요일,차대사람,횡단중,,,교차로,교차로횡단보도내,승합차,,보행자,,1,0,1,0,0,37.65260946,127.30674508
부천시,2022   ,2022-04-20 23시,야간,수요일,차대사람,기타,,,단일로,기타단일로,승용차,,보행자,,1,0,1,0,0,37.48671092,126.81392890
양평군,2022   ,2022-04-20 14시,주간,수요일,차대사람,횡단중,,,교차로,교차로부근,건설기계,,보행자,,1,0,1,0,0,37.48845445,127.59866104
포천시,2022   ,2022-04-19 07시,주간,화요일,차대차,기타,,,교차로,교차로내,화물차,,자전거,,1,0,1,0,0,37.78553270,127.22673117
수원시,2022   ,2022-04-17 22시,야간,일요일,차대사람,횡단중,,,단일로,기타단일로,승용차,,보행자,,1,0,1,0,0,37.26619481,127.02630798
수원시,2022   ,2022-04-17 19시,야간,일요일,차대차,기타,,,기타,기타,승용차,,이륜차,,1,0,1,0,0,37.26348560,127.00957727
남양주시,2022   ,2022-04-16 09시,주간,토요일,차량단독,기타,,,단일로,기타단일로,자전거,,없음,,1,0,1,0,0,37.58552344,127.17247442
평택시,2022   ,2022-04-15 05시,야간,금요일,차대차,측면충돌,,,교차로,교차로내,화물차,,이륜차,,1,1,2,0,0,37.03828084,127.04915962
안성시,2022   ,2022-04-14 13시,주간,목요일,차대차,추돌,,,단일로,기타단일로,화물차,,화물차,,1,1,7,1,4,36.99219044,127.21486292
의정부시,2022   ,2022-04-12 20시,야간,화요일,차대사람,차도통행중,,,단일로,기타단일로,승용차,,보행자,,1,0,1,0,0,37.72003919,127.06145600
오산시,2022   ,2022-04-11 11시,주간,월요일,차량단독,전도,,,단일로,기타단일로,특수차,,없음,,1,0,1,0,0,37.17697304,126.99758781
부천시,2022   ,2022-04-09 01시,야간,토요일,차대차,측면충돌,,,교차로,교차로내,승용차,,이륜차,,1,0,1,0,0,37.50889509,126.75904244
안양시,2022   ,2022-04-08 20시,야간,금요일,차대차,추돌,,,단일로,기타단일로,자전거,,자전거,,1,0,1,0,0,37.38576330,126.94156971
화성시,2022   ,2022-04-08 08시,주간,금요일,차대차,정면충돌,,,단일로,기타단일로,승용차,,화물차,,1,0,2,0,1,37.04970344,126.85440982
남양주시,2022   ,2022-04-08 04시,야간,금요일,차대사람,기타,,,단일로,기타단일로,화물차,,보행자,,1,0,1,0,0,37.71579711,127.18685605
이천시,2022   ,2022-04-07 01시,야간,목요일,차대사람,기타,,,단일로,기타단일로,승용차,,보행자,,1,0,1,0,0,37.27975205,127.45130235
군포시,2022   ,2022-04-04 11시,주간,월요일,차대사람,기타,,,교차로,교차로횡단보도내,승용차,,보행자,,1,0,1,0,0,37.35162335,126.92549586
화성시,2022   ,2022-04-04 05시,야간,월요일,차대차,추돌,,,교차로,교차로부근,승용차,,승용차,,1,0,1,0,0,37.08937787,126.80242700
의정부시,2022   ,2022-04-03 10시,주간,일요일,차대차,측면충돌,,,단일로,기타단일로,자전거,,승용차,,1,0,1,0,0,37.75068645,127.03386142
오산시,2022   ,2022-04-01 20시,야간,금요일,차대차,기타,,,단일로,기타단일로,이륜차,,승용차,,1,0,1,0,0,37.13808636,127.07354115
평택시,2022   ,2022-03-31 20시,야간,목요일,차대사람,횡단중,,,단일로,기타단일로,승용차,,보행자,,1,0,1,0,0,37.01742362,127.02199990
평택시,2022   ,2022-03-31 15시,주간,목요일,차대차,기타,,,교차로,교차로부근,승용차,,이륜차,,1,0,2,0,1,36.98974266,126.93240932
파주시,2022   ,2022-03-31 07시,주간,목요일,차대차,측면충돌,,,단일로,기타단일로,건설기계,,승합차,,1,7,11,0,3,37.75329798,126.68645843
안양시,2022   ,2022-03-29 12시,주간,화요일,차대차,기타,,,단일로,기타단일로,승합차,,승용차,,1,0,2,0,1,37.42142616,126.89313799
화성시,2022   ,2022-03-29 10시,주간,화요일,차대차,추돌,,,단일로,기타단일로,화물차,,건설기계,,1,0,2,0,1,37.19116127,126.70064098
파주시,2022   ,2022-03-26 23시,야간,토요일,차대차,기타,,,단일로,기타단일로,승용차,,승용차,,1,0,1,0,0,37.84648350,126.78958202
평택시,2022   ,2022-03-25 18시,야간,금요일,차대차,추돌,,,단일로,기타단일로,화물차,,화물차,,1,2,5,0,2,37.04890811,126.88628772
김포시,2022   ,2022-03-25 10시,주간,금요일,차대차,기타,,,단일로,지하차도(도로)내,승합차,,화물차,,1,0,2,0,1,37.64923002,126.67572646
용인시,2022   ,2022-03-23 20시,야간,수요일,차대차,추돌,,,단일로,기타단일로,화물차,,화물차,,1,0,1,0,0,37.22894935,127.27333664
성남시,2022   ,2022-03-22 23시,야간,화요일,차대사람,횡단중,,,단일로,기타단일로,승용차,,보행자,,1,0,1,0,0,37.41906556,127.12867384
평택시,2022   ,2022-03-22 04시,야간,화요일,차량단독,공작물충돌,,,교차로,교차로내,승용차,,없음,,1,0,2,1,0,36.97010249,127.07026720
수원시,2022   ,2022-03-21 10시,주간,월요일,차대차,정면충돌,,,교차로,교차로내,화물차,,이륜차,,1,0,1,0,0,37.25260725,127.00559960
파주시,2022   ,2022-03-20 18시,야간,일요일,차대차,측면충돌,,,단일로,기타단일로,이륜차,,승용차,,1,0,2,0,1,37.75426088,126.77165474
안산시,2022   ,2022-03-19 04시,야간,토요일,차대차,추돌,,,단일로,기타단일로,승용차,,원동기장치자전거,,1,0,1,0,0,37.32811194,126.84016091
평택시,2022   ,2022-03-17 20시,야간,목요일,차대차,추돌,,,단일로,기타단일로,승용차,,농기계,,1,1,2,0,0,37.00136716,126.91855511
화성시,2022   ,2022-03-15 19시,야간,화요일,차량단독,도로이탈 추락,,,기타,기타,승용차,,없음,,1,0,1,0,0,37.15651058,126.72489226
평택시,2022   ,2022-03-15 07시,주간,화요일,차대사람,기타,,,교차로,교차로부근,승합차,,보행자,,1,0,1,0,0,36.99752881,127.14530998
남양주시,2022   ,2022-03-14 20시,야간,월요일,차량단독,도로이탈 추락,,,단일로,기타단일로,사륜오토바이(ATV),,없음,,1,0,1,0,0,37.66269940,127.34617558
김포시,2022   ,2022-03-12 23시,야간,토요일,차량단독,기타,,,교차로,교차로내,이륜차,,없음,,1,0,1,0,0,37.58927830,126.76219930
여주시,2022   ,2022-03-11 13시,주간,금요일,차대차,측면충돌,,,교차로,교차로내,승용차,,이륜차,,1,0,1,0,0,37.28319115,127.63533754
안산시,2022   ,2022-03-10 11시,주간,목요일,차대사람,횡단중,,,단일로,기타단일로,승용차,,보행자,,1,0,1,0,0,37.31464450,126.84000780
부천시,2022   ,2022-03-10 07시,주간,목요일,차대사람,횡단중,,,교차로,교차로내,화물차,,보행자,,1,0,1,0,0,37.47519426,126.80054193
가평군,2022   ,2022-03-08 11시,주간,화요일,차량단독,공작물충돌,,,단일로,기타단일로,승용차,,없음,,1,0,1,0,0,37.69478139,127.37157438
파주시,2022   ,2022-03-05 17시,주간,토요일,차대차,측면충돌,,,단일로,지하차도(도로)내,승용차,,개인형이동수단(PM),,1,0,1,0,0,37.85847775,126.78925092
남양주시,2022   ,2022-03-05 01시,야간,토요일,차량단독,공작물충돌,,,단일로,기타단일로,이륜차,,없음,,1,0,1,0,0,37.66364616,127.36098141
화성시,2022   ,2022-03-03 16시,주간,목요일,차대차,추돌,,,단일로,기타단일로,화물차,,승용차,,1,0,4,0,3,37.03499146,126.85095882
군포시,2022   ,2022-03-03 09시,주간,목요일,차대사람,횡단중,,,단일로,기타단일로,특수차,,보행자,,1,0,1,0,0,37.35069792,126.94500230
용인시,2022   ,2022-03-02 23시,야간,수요일,차대사람,보도통행중,,,단일로,기타단일로,승용차,,보행자,,1,0,1,0,0,37.23297223,127.20859253
화성시,2022   ,2022-03-02 16시,주간,수요일,차대사람,횡단중,,,교차로,교차로내,승용차,,보행자,,1,0,1,0,0,37.20944418,126.81626694
수원시,2022   ,2022-02-26 10시,주간,토요일,차대차,측면충돌,,,교차로,교차로횡단보도내,자전거,,화물차,,1,0,1,0,0,37.27141252,127.01704900
파주시,2022   ,2022-02-25 16시,주간,금요일,차대사람,횡단중,,,교차로,교차로내,화물차,,보행자,,1,0,1,0,0,37.73754827,126.84498764
양평군,2022   ,2022-02-25 09시,주간,금요일,차대차,추돌,,,단일로,기타단일로,화물차,,건설기계,,1,0,2,0,1,37.50369041,127.47674964
부천시,2022   ,2022-02-24 13시,주간,목요일,차대사람,기타,,,교차로,교차로횡단보도내,승합차,,보행자,,1,1,2,0,0,37.51570423,126.75537676
성남시,2022   ,2022-02-23 10시,주간,수요일,차대사람,기타,,,기타,기타,승용차,,보행자,,1,0,1,0,0,37.37841293,127.11999638
안성시,2022   ,2022-02-23 09시,주간,수요일,차대차,추돌,,,단일로,기타단일로,화물차,,화물차,,1,4,5,0,0,37.08348922,127.45729010
화성시,2022   ,2022-02-22 10시,주간,화요일,차대차,추돌,,,단일로,기타단일로,화물차,,승용차,,1,0,1,0,0,37.26885038,126.74579171
김포시,2022   ,2022-02-22 07시,주간,화요일,차량단독,공작물충돌,,,교차로,교차로부근,화물차,,없음,,1,0,1,0,0,37.68287828,126.55467617
부천시,2022   ,2022-02-22 05시,야간,화요일,차대차,기타,,,단일로,기타단일로,화물차,,승용차,,1,0,1,0,0,37.50432109,126.81045280
남양주시,2022   ,2022-02-20 18시,야간,일요일,차대사람,횡단중,,,단일로,기타단일로,승용차,,보행자,,1,0,1,0,0,37.64645000,127.19435688
평택시,2022   ,2022-02-20 16시,주간,일요일,차대차,측면충돌,,,단일로,기타단일로,승합차,,승용차,,2,6,8,0,0,37.01780625,127.05071952
여주시,2022   ,2022-02-20 14시,주간,일요일,차량단독,기타,,,단일로,기타단일로,농기계,,없음,,1,0,1,0,0,37.40894625,127.47294833
양주시,2022   ,2022-02-19 15시,주간,토요일,차량단독,전복,,,단일로,교량위,자전거,,없음,,1,0,1,0,0,37.83057170,127.06493898
광명시,2022   ,2022-02-15 22시,야간,화요일,차대사람,횡단중,,,교차로,교차로부근,승용차,,보행자,,1,0,1,0,0,37.44611383,126.88084207
부천시,2022   ,2022-02-15 19시,야간,화요일,차대사람,횡단중,,,단일로,기타단일로,화물차,,보행자,,1,0,1,0,0,37.48150696,126.80567459
양주시,2022   ,2022-02-15 07시,주간,화요일,차대차,측면충돌,,,교차로,교차로내,이륜차,,화물차,,1,0,1,0,0,37.81383747,126.98937220
오산시,2022   ,2022-02-13 21시,야간,일요일,차대차,기타,,,단일로,기타단일로,승용차,,승합차,,1,0,1,0,0,37.15990016,127.04203001
남양주시,2022   ,2022-02-12 18시,야간,토요일,차량단독,공작물충돌,,,교차로,교차로내,이륜차,,없음,,1,0,1,0,0,37.59461125,127.17327285
안성시,2022   ,2022-02-12 17시,주간,토요일,차대차,정면충돌,,,기타,기타,화물차,,화물차,,1,2,3,0,0,37.04830083,127.26210030
평택시,2022   ,2022-02-10 05시,야간,목요일,차대사람,횡단중,,,단일로,기타단일로,특수차,,보행자,,1,0,1,0,0,37.00665516,126.82271830
수원시,2022   ,2022-02-09 18시,야간,수요일,차대사람,횡단중,,,단일로,기타단일로,승용차,,보행자,,1,0,1,0,0,37.28298746,127.00638237
안성시,2022   ,2022-02-09 08시,주간,수요일,차대사람,횡단중,,,교차로,교차로횡단보도내,승합차,,보행자,,1,0,1,0,0,36.97969818,127.26052752
평택시,2022   ,2022-02-08 19시,야간,화요일,차대차,측면충돌,,,교차로,교차로내,화물차,,승용차,,1,0,1,0,0,37.07649452,127.05451355
평택시,2022   ,2022-02-08 05시,야간,화요일,차대차,기타,,,단일로,기타단일로,화물차,,승용차,,1,0,3,0,2,37.02431219,127.07958560
의정부시,2022   ,2022-02-08 00시,야간,화요일,차량단독,공작물충돌,,,단일로,지하차도(도로)내,원동기장치자전거,,없음,,1,0,1,0,0,37.73304364,127.04671671
여주시,2022   ,2022-02-05 15시,주간,토요일,차량단독,공작물충돌,,,단일로,기타단일로,승용차,,없음,,1,0,1,0,0,37.31993250,127.64992903
이천시,2022   ,2022-02-04 00시,야간,금요일,차대차,정면충돌,,,단일로,기타단일로,승용차,,화물차,,1,1,3,0,1,37.24734334,127.37367942
의정부시,2022   ,2022-02-03 10시,주간,목요일,차대사람,횡단중,,,교차로,교차로횡단보도내,화물차,,보행자,,1,0,1,0,0,37.71345947,127.04714237
군포시,2022   ,2022-01-28 22시,야간,금요일,차대사람,횡단중,,,기타,기타,화물차,,보행자,,1,0,1,0,0,37.36433379,126.94650548
의정부시,2022   ,2022-01-28 07시,주간,금요일,차대차,기타,,,단일로,기타단일로,화물차,,승용차,,1,0,1,0,0,37.70869045,127.03989922
성남시,2022   ,2022-01-27 04시,야간,목요일,차대사람,횡단중,,,단일로,기타단일로,화물차,,보행자,,1,0,1,0,0,37.44294109,127.15176470
용인시,2022   ,2022-01-27 02시,야간,목요일,차량단독,기타,,,단일로,기타단일로,이륜차,,없음,,1,0,1,0,0,37.27819406,127.22300355
화성시,2022   ,2022-01-25 23시,야간,화요일,차대차,기타,,,단일로,기타단일로,승용차,,화물차,,1,0,1,0,0,37.11281509,126.87870392
성남시,2022   ,2022-01-24 19시,야간,월요일,차대차,기타,,,교차로,교차로내,이륜차,,승용차,,1,0,1,0,0,37.40322251,127.11278675
부천시,2022   ,2022-01-21 07시,주간,금요일,차대사람,횡단중,,,단일로,기타단일로,승용차,,보행자,,1,0,1,0,0,37.48194102,126.80438118
이천시,2022   ,2022-01-19 20시,야간,수요일,차대차,측면충돌,,,단일로,기타단일로,화물차,,화물차,,1,0,1,0,0,37.23712983,127.42636896
화성시,2022   ,2022-01-18 17시,주간,화요일,차량단독,전도,,,단일로,기타단일로,승용차,,없음,,1,1,2,0,0,37.24509716,126.83418801
남양주시,2022   ,2022-01-18 15시,주간,화요일,차대사람,횡단중,,,교차로,교차로부근,화물차,,보행자,,1,0,1,0,0,37.63553055,127.21425872
성남시,2022   ,2022-01-17 06시,주간,월요일,차대사람,횡단중,,,교차로,교차로횡단보도내,승용차,,보행자,,1,0,1,0,0,37.34234261,127.10441775
남양주시,2022   ,2022-01-16 20시,야간,일요일,차대차,정면충돌,,,단일로,기타단일로,원동기장치자전거,,화물차,,1,0,1,0,0,37.65766663,127.28130229
광명시,2022   ,2022-01-15 21시,야간,토요일,차대사람,횡단중,,,교차로,교차로내,승합차,,보행자,,1,0,1,0,0,37.47365140,126.86742828
안양시,2022   ,2022-01-15 18시,야간,토요일,차대차,기타,,,단일로,기타단일로,승용차,,기타,,1,0,1,0,0,37.39560157,126.97598844
남양주시,2022   ,2022-01-15 18시,야간,토요일,차대사람,횡단중,,,교차로,교차로횡단보도내,승용차,,보행자,,1,0,1,0,0,37.70878549,127.11967719
성남시,2022   ,2022-01-15 13시,주간,토요일,차대차,측면충돌,,,교차로,교차로내,승용차,,이륜차,,1,0,1,0,0,37.43509831,127.17032774
광명시,2022   ,2022-01-14 20시,야간,금요일,차대차,추돌,,,단일로,기타단일로,화물차,,이륜차,,1,0,1,0,0,37.44654235,126.85976554
양주시,2022   ,2022-01-13 15시,주간,목요일,차대사람,기타,,,단일로,기타단일로,이륜차,,보행자,,1,0,2,0,1,37.78638429,127.00219002
군포시,2022   ,2022-01-13 00시,야간,목요일,차대사람,차도통행중,,,단일로,기타단일로,화물차,,보행자,,1,0,1,0,0,37.36827305,126.94463569
수원시,2022   ,2022-01-12 15시,주간,수요일,차량단독,공작물충돌,,,단일로,기타단일로,승용차,,없음,,1,1,2,0,0,37.30255396,127.01007969
이천시,2022   ,2022-01-11 00시,야간,화요일,차량단독,공작물충돌,,,단일로,기타단일로,화물차,,없음,,1,0,1,0,0,37.25116756,127.35227087
평택시,2022   ,2022-01-10 13시,주간,월요일,차대차,기타,,,교차로,교차로횡단보도내,자전거,,승용차,,1,0,1,0,0,36.98038704,126.92704062
의정부시,2022   ,2022-01-09 18시,야간,일요일,차대차,측면충돌,,,교차로,교차로내,승용차,,이륜차,,1,0,2,0,1,37.73130513,127.08365533
평택시,2022   ,2022-01-09 18시,야간,일요일,차대사람,횡단중,,,단일로,기타단일로,승용차,,보행자,,1,0,1,0,0,36.96456186,127.05403198
용인시,2022   ,2022-01-08 05시,야간,토요일,차대사람,횡단중,,,단일로,기타단일로,화물차,,보행자,,1,0,1,0,0,37.29036355,127.12504270
부천시,2022   ,2022-01-06 20시,야간,목요일,차대사람,횡단중,,,단일로,기타단일로,이륜차,,보행자,,1,0,1,0,0,37.49412877,126.78500317
포천시,2022   ,2022-01-06 01시,야간,목요일,차량단독,공작물충돌,,,단일로,기타단일로,승용차,,없음,,1,0,1,0,0,37.82285835,127.14029506
파주시,2022   ,2022-01-04 19시,야간,화요일,차대차,정면충돌,,,단일로,기타단일로,승용차,,승용차,,1,2,3,0,0,37.82371271,126.69114002
양주시,2022   ,2022-01-04 16시,주간,화요일,차대사람,횡단중,,,단일로,기타단일로,승용차,,보행자,,1,0,2,0,1,37.72353179,126.94680506
성남시,2022   ,2022-01-03 04시,야간,월요일,차대차,추돌,,,기타,기타,화물차,,화물차,,1,0,2,0,1,37.42814058,127.13973948
안성시,2021   ,2021-12-30 23시,야간,목요일,차량단독,공작물충돌,,,단일로,기타단일로,승용차,,없음,,1,0,1,0,0,37.02177905,127.24402694
파주시,2021   ,2021-12-30 16시,주간,목요일,차대사람,횡단중,,,교차로,교차로부근,승용차,,보행자,,1,0,1,0,0,37.74831894,126.80256490
여주시,2021   ,2021-12-27 23시,야간,월요일,차대차,기타,,,단일로,기타단일로,승용차,,승용차,,1,0,2,0,1,37.27380947,127.74169804
수원시,2021   ,2021-12-27 20시,야간,월요일,차대사람,기타,,,교차로,교차로부근,승합차,,보행자,,1,0,1,0,0,37.27022540,127.01112388
수원시,2021   ,2021-12-27 14시,주간,월요일,차대사람,기타,,,단일로,기타단일로,승용차,,보행자,,1,0,1,0,0,37.25671383,126.99403651
고양시,2021   ,2021-12-27 10시,주간,월요일,차대차,측면충돌,,,단일로,기타단일로,화물차,,건설기계,,1,0,1,0,0,37.58613541,126.85664635
시흥시,2021   ,2021-12-26 22시,야간,일요일,차대차,측면충돌,,,교차로,교차로내,승용차,,이륜차,,1,0,1,0,0,37.34461694,126.75384065
파주시,2021   ,2021-12-26 21시,야간,일요일,차대사람,횡단중,,,교차로,교차로내,승용차,,보행자,,1,0,1,0,0,37.77368126,126.71914129
하남시,2021   ,2021-12-24 18시,야간,금요일,차대사람,기타,,,단일로,기타단일로,승용차,,보행자,,1,0,1,0,0,37.54352069,127.20327891
이천시,2021   ,2021-12-23 19시,야간,목요일,차량단독,공작물충돌,,,단일로,기타단일로,이륜차,,없음,,1,0,1,0,0,37.11516831,127.60872146
구리시,2021   ,2021-12-22 21시,야간,수요일,차대차,기타,,,단일로,기타단일로,화물차,,이륜차,,1,0,1,0,0,37.63114641,127.13455713
김포시,2021   ,2021-12-22 08시,주간,수요일,차대사람,기타,,,단일로,기타단일로,승용차,,보행자,,1,0,1,0,0,37.60135381,126.77344263
용인시,2021   ,2021-12-22 01시,야간,수요일,차량단독,도로이탈 추락,,,교차로,교차로내,승용차,,없음,,1,1,2,0,0,37.30815382,127.10197891
광주시,2021   ,2021-12-20 07시,주간,월요일,차대사람,횡단중,,,교차로,교차로내,승용차,,보행자,,1,0,1,0,0,37.40967622,127.25851023
광주시,2021   ,2021-12-19 09시,주간,일요일,차대차,추돌,,,단일로,기타단일로,승용차,,승용차,,1,1,4,0,2,37.39433833,127.23493625
화성시,2021   ,2021-12-18 16시,주간,토요일,차대사람,차도통행중,,,기타,기타,건설기계,,보행자,,1,0,1,0,0,37.23729796,126.87343347
가평군,2021   ,2021-12-18 11시,주간,토요일,차대차,정면충돌,,,단일로,기타단일로,승용차,,화물차,,1,0,1,0,0,37.71870334,127.41130314
용인시,2021   ,2021-12-17 21시,야간,금요일,차대차,기타,,,단일로,기타단일로,화물차,,승용차,,1,0,1,0,0,37.11032254,127.14157691
성남시,2021   ,2021-12-14 07시,주간,화요일,차대차,추돌,,,기타,기타,승용차,,건설기계,,1,0,2,0,1,37.35313340,127.08120261
수원시,2021   ,2021-12-13 07시,주간,월요일,차대차,측면충돌,,,기타,기타,승용차,,이륜차,,1,0,1,0,0,37.25203039,127.01431987
안양시,2021   ,2021-12-13 06시,주간,월요일,차대차,추돌,,,단일로,기타단일로,승용차,,승용차,,1,0,3,0,2,37.40326789,126.88178233
안산시,2021   ,2021-12-13 04시,야간,월요일,차대사람,기타,,,단일로,기타단일로,승용차,,보행자,,1,0,1,0,0,37.32305557,126.85659343
연천군,2021   ,2021-12-11 20시,야간,토요일,차대차,정면충돌,,,단일로,지하차도(도로)내,승용차,,승용차,,1,1,3,0,1,38.01052929,127.06625836
의정부시,2021   ,2021-12-11 20시,야간,토요일,차대사람,기타,,,단일로,기타단일로,승용차,,보행자,,1,0,1,0,0,37.74452518,127.05345700
수원시,2021   ,2021-12-11 02시,야간,토요일,차대차,추돌,,,기타,기타,승용차,,개인형이동수단(PM),,1,0,1,0,0,37.25049675,127.04112142
여주시,2021   ,2021-12-10 19시,야간,금요일,차대차,추돌,,,교차로,교차로부근,승용차,,이륜차,,1,0,1,0,0,37.28217184,127.63596744
용인시,2021   ,2021-12-10 12시,주간,금요일,차대차,정면충돌,,,단일로,기타단일로,승용차,,이륜차,,1,0,1,0,0,37.27335467,127.22348374
고양시,2021   ,2021-12-10 06시,주간,금요일,차대차,추돌,,,기타,기타,승용차,,건설기계,,1,1,2,0,0,37.61448030,126.80386218
시흥시,2021   ,2021-12-10 06시,주간,금요일,차대사람,기타,,,단일로,기타단일로,승합차,,보행자,,1,0,1,0,0,37.32044437,126.69240040
화성시,2021   ,2021-12-10 00시,야간,금요일,차대차,기타,,,단일로,기타단일로,승용차,,건설기계,,1,0,1,0,0,37.20528279,126.80440429
성남시,2021   ,2021-12-09 10시,주간,목요일,차대차,기타,,,단일로,기타단일로,기타,,승용차,,1,0,1,0,0,37.45746684,127.16269909
광주시,2021   ,2021-12-08 18시,야간,수요일,차대사람,차도통행중,,,기타,기타,승용차,,보행자,,1,0,1,0,0,37.34784451,127.18342281
안성시,2021   ,2021-12-08 17시,주간,수요일,차대차,측면충돌,,,교차로,교차로내,승용차,,자전거,,1,0,1,0,0,36.97502141,127.13394328
시흥시,2021   ,2021-12-08 07시,주간,수요일,차대차,측면충돌,,,교차로,교차로부근,승용차,,승용차,,1,1,4,0,2,37.33209487,126.70643081
의정부시,2021   ,2021-12-08 05시,야간,수요일,차대사람,기타,,,교차로,교차로부근,승용차,,보행자,,1,0,1,0,0,37.73883003,127.03971274
용인시,2021   ,2021-12-07 23시,야간,화요일,차대차,추돌,,,단일로,터널안,승용차,,화물차,,1,0,2,0,1,37.24154730,127.28095445
수원시,2021   ,2021-12-07 16시,주간,화요일,차대차,측면충돌,,,기타,기타,화물차,,자전거,,1,0,1,0,0,37.24974989,127.01874337
포천시,2021   ,2021-12-07 14시,주간,화요일,차대사람,기타,,,교차로,교차로부근,승합차,,보행자,,1,0,1,0,0,37.81534847,127.19382093
평택시,2021   ,2021-12-07 11시,주간,화요일,차대차,추돌,,,기타,기타,화물차,,화물차,,1,0,1,0,0,36.96328440,126.92653974
연천군,2021   ,2021-12-07 06시,주간,화요일,차대차,추돌,,,단일로,교량위,승합차,,건설기계,,1,0,1,0,0,38.01680809,127.01471642
수원시,2021   ,2021-12-06 12시,주간,월요일,차대차,기타,,,교차로,교차로내,화물차,,원동기장치자전거,,1,0,1,0,0,37.23770415,126.98170577
김포시,2021   ,2021-12-05 16시,주간,일요일,차대차,기타,,,단일로,기타단일로,이륜차,,이륜차,,1,0,1,0,0,37.59055990,126.77410259
수원시,2021   ,2021-12-05 07시,주간,일요일,차대사람,기타,,,단일로,기타단일로,승용차,,보행자,,1,0,1,0,0,37.25756859,127.03315078
군포시,2021   ,2021-12-05 03시,야간,일요일,차량단독,공작물충돌,,,단일로,기타단일로,승용차,,없음,,1,0,1,0,0,37.33895267,126.93731052
포천시,2021   ,2021-12-05 02시,야간,일요일,차대사람,기타,,,단일로,기타단일로,승용차,,보행자,,1,0,1,0,0,37.83078209,127.14966578
성남시,2021   ,2021-12-04 17시,주간,토요일,차대차,정면충돌,,,교차로,교차로내,승용차,,원동기장치자전거,,1,0,2,0,1,37.42543315,127.10216136
고양시,2021   ,2021-12-03 16시,주간,금요일,차량단독,공작물충돌,,,단일로,기타단일로,승용차,,없음,,1,0,1,0,0,37.70983922,126.85268537
여주시,2021   ,2021-12-03 07시,주간,금요일,차대차,기타,,,교차로,교차로내,승합차,,화물차,,1,0,6,4,1,37.29387946,127.62930925
양주시,2021   ,2021-12-02 21시,야간,목요일,차대사람,보도통행중,,,단일로,기타단일로,승합차,,보행자,,1,0,1,0,0,37.79850892,127.08149510
성남시,2021   ,2021-12-02 16시,주간,목요일,차대차,기타,,,교차로,교차로내,승용차,,화물차,,1,2,8,1,4,37.39025606,127.12250101
부천시,2021   ,2021-12-02 11시,주간,목요일,차대사람,기타,,,단일로,기타단일로,화물차,,보행자,,1,0,1,0,0,37.49573179,126.78775948
부천시,2021   ,2021-12-02 00시,야간,목요일,차대차,기타,,,단일로,기타단일로,화물차,,승용차,,1,0,1,0,0,37.48210954,126.80391588
안산시,2021   ,2021-12-01 23시,야간,수요일,차대사람,차도통행중,,,단일로,기타단일로,화물차,,보행자,,1,1,2,0,0,37.33223017,126.85965328
화성시,2021   ,2021-11-30 16시,주간,화요일,차대차,기타,,,교차로,교차로내,이륜차,,승용차,,1,0,2,0,1,37.16574895,127.10691690
이천시,2021   ,2021-11-28 11시,주간,일요일,차대차,기타,,,교차로,교차로내,화물차,,이륜차,,1,0,1,0,0,37.13539796,127.47298973
고양시,2021   ,2021-11-27 17시,주간,토요일,차대차,정면충돌,,,단일로,기타단일로,이륜차,,승용차,,1,0,1,0,0,37.61283895,126.83977205
평택시,2021   ,2021-11-27 17시,주간,토요일,차대차,기타,,,단일로,기타단일로,승용차,,자전거,,1,0,1,0,0,36.99852098,127.13656167
부천시,2021   ,2021-11-26 17시,주간,금요일,차대사람,횡단중,,,교차로,교차로횡단보도내,화물차,,보행자,,1,0,1,0,0,37.48229189,126.76845550