시군명,발생년도,발생일자,주야구분명,사고요일,사고유형_대분류,사고유형,법규위반대분류명,법규위반내용,도로형태_대분류,도로형태,가해자 당사자 종별,당사자1_차종,피해자 당사자 종별,당사자2_차종,사망자수,중상자수,부상자수,부상신고자수,경상자수,WGS84위도,WGS84경도
양평군,2021   ,2021-04-15 15시,주간,목요일,차량단독,전도,,,단일로,기타단일로,승용차,,없음,,1,1,2,0,0,37.56935133,127.76345190
구리시,2021   ,2021-04-14 22시,야간,수요일,차대사람,길가장자리구역통행중,,,단일로,기타단일로,승합차,,보행자,,1,0,1,0,0,37.57748948,127.15253205
화성시,2021   ,2021-04-14 16시,주간,수요일,차대사람,기타,,,단일로,기타단일로,승용차,,보행자,,1,0,1,0,0,37.15635831,126.85108275
양주시,2021   ,2021-04-14 13시,주간,수요일,차량단독,공작물충돌,,,단일로,기타단일로,승용차,,없음,,1,0,1,0,0,37.88471772,127.04006846
안산시,2021   ,2021-04-13 00시,야간,화요일,차대사람,기타,,,기타,기타,승용차,,보행자,,1,0,1,0,0,37.32962986,126.80920810
안양시,2021   ,2021-04-12 15시,주간,월요일,차대차,정면충돌,,,교차로,교차로내,승용차,,이륜차,,1,0,2,0,1,37.39855132,126.93347580
안성시,2021   ,2021-04-12 08시,주간,월요일,차대사람,횡단중,,,단일로,기타단일로,승합차,,보행자,,1,0,1,0,0,37.01189798,127.29433974
시흥시,2021   ,2021-04-11 20시,야간,일요일,차대사람,횡단중,,,교차로,교차로횡단보도내,승용차,,보행자,,1,0,1,0,0,37.36842930,126.80995928
성남시,2021   ,2021-04-10 22시,야간,토요일,차대사람,기타,,,단일로,기타단일로,승용차,,보행자,,1,0,1,0,0,37.37101453,127.10409784
수원시,2021   ,2021-04-10 04시,야간,토요일,차대차,추돌,,,단일로,기타단일로,이륜차,,이륜차,,1,1,2,0,0,37.28894390,127.06818980
여주시,2021   ,2021-04-09 20시,야간,금요일,차대사람,횡단중,,,교차로,교차로내,승용차,,보행자,,1,0,1,0,0,37.20582094,127.54301540
의정부시,2021   ,2021-04-08 03시,야간,목요일,차대차,추돌,,,단일로,기타단일로,화물차,,특수차,,1,0,2,0,1,37.76251116,127.11894813
안산시,2021   ,2021-04-07 11시,주간,수요일,차대사람,횡단중,,,교차로,교차로내,승용차,,보행자,,1,0,1,0,0,37.33501615,126.81317748
안성시,2021   ,2021-04-07 03시,야간,수요일,차대사람,횡단중,,,단일로,기타단일로,화물차,,보행자,,1,0,1,0,0,37.01818295,127.32353982
수원시,2021   ,2021-04-07 00시,야간,수요일,차대차,기타,,,단일로,기타단일로,승용차,,건설기계,,1,1,2,0,0,37.28329983,127.00671537
화성시,2021   ,2021-04-06 21시,야간,화요일,차대차,추돌,,,단일로,기타단일로,특수차,,승용차,,1,1,2,0,0,37.24434753,126.75667947
광주시,2021   ,2021-04-05 16시,주간,월요일,차량단독,공작물충돌,,,기타,기타,화물차,,없음,,1,0,1,0,0,37.42909797,127.23205587
안산시,2021   ,2021-04-05 11시,주간,월요일,차대차,기타,,,기타,기타,승용차,,화물차,,1,0,9,1,7,37.33385601,126.76125062
시흥시,2021   ,2021-04-05 08시,주간,월요일,차대차,측면충돌,,,교차로,교차로내,이륜차,,승용차,,1,0,2,0,1,37.31969523,126.70155017
성남시,2021   ,2021-04-04 04시,야간,일요일,차량단독,전도,,,단일로,기타단일로,원동기장치자전거,,없음,,1,0,1,0,0,37.45707565,127.15212884
여주시,2021   ,2021-04-03 10시,주간,토요일,차량단독,기타,,,기타,기타,이륜차,,없음,,1,0,1,0,0,37.17716930,127.69273566
파주시,2021   ,2021-04-02 16시,주간,금요일,차대사람,보도통행중,,,교차로,교차로내,승용차,,보행자,,1,0,1,0,0,37.72129772,126.78010196
김포시,2021   ,2021-04-02 01시,야간,금요일,차량단독,공작물충돌,,,단일로,기타단일로,승용차,,없음,,1,0,1,0,0,37.62581552,126.63076959
포천시,2021   ,2021-03-31 19시,야간,수요일,차대사람,횡단중,,,단일로,기타단일로,승용차,,보행자,,1,0,1,0,0,37.81014696,127.13351766
평택시,2021   ,2021-03-31 00시,야간,수요일,차대차,측면충돌,,,교차로,교차로내,승용차,,승용차,,1,1,4,2,0,36.99003594,126.84087907
파주시,2021   ,2021-03-30 15시,주간,화요일,차대차,측면충돌,,,교차로,교차로내,화물차,,사륜오토바이(ATV),,1,0,1,0,0,37.73501400,126.88484488
광주시,2021   ,2021-03-30 03시,야간,화요일,차대사람,기타,,,기타,기타,화물차,,보행자,,1,0,1,0,0,37.42271860,127.25824231
안성시,2021   ,2021-03-29 20시,야간,월요일,차대사람,차도통행중,,,단일로,기타단일로,승용차,,보행자,,1,0,1,0,0,37.10632184,127.22679324
시흥시,2021   ,2021-03-29 17시,주간,월요일,차량단독,공작물충돌,,,교차로,교차로내,이륜차,,없음,,1,1,2,0,0,37.36611149,126.73920656
안산시,2021   ,2021-03-27 18시,야간,토요일,차대차,추돌,,,교차로,교차로부근,화물차,,화물차,,1,0,1,0,0,37.29100699,126.87254834
김포시,2021   ,2021-03-24 13시,주간,수요일,차대차,추돌,,,교차로,교차로부근,화물차,,건설기계,,1,0,2,0,1,37.61071201,126.60104583
광주시,2021   ,2021-03-24 07시,주간,수요일,차대차,기타,,,교차로,교차로부근,이륜차,,승용차,,1,0,2,0,1,37.39531484,127.22832366
수원시,2021   ,2021-03-23 15시,주간,화요일,차대차,기타,,,교차로,교차로내,개인형이동수단(PM),,승용차,,1,0,1,0,0,37.28773008,127.02431157
화성시,2021   ,2021-03-22 22시,야간,월요일,차대차,추돌,,,단일로,기타단일로,화물차,,화물차,,1,0,2,0,1,37.11025994,126.90066094
하남시,2021   ,2021-03-22 19시,야간,월요일,차대차,정면충돌,,,교차로,교차로내,승용차,,이륜차,,1,0,1,0,0,37.56091984,127.19385741
파주시,2021   ,2021-03-22 17시,주간,월요일,차대차,정면충돌,,,교차로,교차로내,화물차,,이륜차,,1,0,1,0,0,37.75345728,126.78659697
안산시,2021   ,2021-03-20 20시,야간,토요일,차대차,추돌,,,교차로,교차로부근,이륜차,,건설기계,,1,0,1,0,0,37.31164357,126.90830841
평택시,2021   ,2021-03-18 14시,주간,목요일,차대사람,기타,,,기타,기타,승용차,,보행자,,1,0,2,1,0,37.12991577,127.09298467
평택시,2021   ,2021-03-15 08시,주간,월요일,차대차,측면충돌,,,교차로,교차로내,화물차,,자전거,,1,0,1,0,0,37.12762305,127.07918370
평택시,2021   ,2021-03-13 18시,야간,토요일,차대차,추돌,,,단일로,기타단일로,화물차,,화물차,,1,0,9,0,8,37.05171366,126.89902982
시흥시,2021   ,2021-03-13 02시,야간,토요일,차대사람,횡단중,,,교차로,교차로횡단보도내,승용차,,보행자,,1,0,1,0,0,37.35198084,126.74104284
의정부시,2021   ,2021-03-13 01시,야간,토요일,차대사람,횡단중,,,단일로,기타단일로,승용차,,보행자,,1,0,1,0,0,37.74272063,127.02979125
수원시,2021   ,2021-03-12 21시,야간,금요일,차대사람,기타,,,교차로,교차로부근,승용차,,보행자,,1,0,1,0,0,37.24321466,126.95820505
고양시,2021   ,2021-03-12 19시,야간,금요일,차대사람,기타,,,교차로,교차로내,승용차,,보행자,,1,0,1,0,0,37.65394498,126.89805262
화성시,2021   ,2021-03-12 14시,주간,금요일,차대사람,횡단중,,,교차로,교차로횡단보도내,화물차,,보행자,,1,0,1,0,0,37.20407688,127.04403957
가평군,2021   ,2021-03-11 06시,주간,목요일,차대차,기타,,,단일로,기타단일로,건설기계,,화물차,,1,0,1,0,0,37.85539016,127.28605086
이천시,2021   ,2021-03-10 22시,야간,수요일,차대차,기타,,,단일로,기타단일로,자전거,,화물차,,1,0,1,0,0,37.29166097,127.45491627
가평군,2021   ,2021-03-10 12시,주간,수요일,차대사람,기타,,,교차로,교차로부근,승용차,,보행자,,1,0,1,0,0,37.72445155,127.40831188
여주시,2021   ,2021-03-10 10시,주간,수요일,차대차,추돌,,,단일로,교량위,승용차,,승용차,,1,0,3,0,2,37.38364478,127.59581252
파주시,2021   ,2021-03-10 05시,야간,수요일,차대차,기타,,,교차로,교차로내,이륜차,,승합차,,1,0,1,0,0,37.72990172,126.75773093
가평군,2021   ,2021-03-08 16시,주간,월요일,차대차,추돌,,,교차로,교차로부근,화물차,,건설기계,,1,0,4,0,3,37.72427116,127.40815324
평택시,2021   ,2021-03-06 17시,주간,토요일,차대차,측면충돌,,,교차로,교차로내,승합차,,자전거,,1,0,1,0,0,36.98973063,127.08399002
고양시,2021   ,2021-03-05 23시,야간,금요일,차량단독,공작물충돌,,,단일로,기타단일로,이륜차,,없음,,1,0,1,0,0,37.62814724,126.82607143
화성시,2021   ,2021-03-05 07시,주간,금요일,차대차,추돌,,,단일로,기타단일로,승용차,,건설기계,,1,0,2,0,1,37.11620281,126.91015915
고양시,2021   ,2021-03-04 23시,야간,목요일,차대사람,기타,,,교차로,교차로내,승용차,,보행자,,1,0,1,0,0,37.62402724,126.84026237
광주시,2021   ,2021-03-04 10시,주간,목요일,차대차,추돌,,,단일로,기타단일로,승용차,,화물차,,1,0,2,0,1,37.37718653,127.31653516
안산시,2021   ,2021-03-03 17시,주간,수요일,차대사람,차도통행중,,,교차로,교차로내,승용차,,보행자,,1,0,1,0,0,37.32731956,126.85834048
안성시,2021   ,2021-03-01 18시,야간,월요일,차대사람,보도통행중,,,교차로,교차로횡단보도내,승용차,,보행자,,1,0,1,0,0,37.00759912,127.26570038
남양주시,2021   ,2021-02-28 23시,야간,일요일,차대차,추돌,,,단일로,기타단일로,승용차,,화물차,,1,0,1,0,0,37.59537467,127.20293720
시흥시,2021   ,2021-02-28 12시,주간,일요일,차대사람,기타,,,단일로,기타단일로,화물차,,보행자,,1,0,1,0,0,37.40515875,126.80974686
용인시,2021   ,2021-02-28 10시,주간,일요일,차대차,측면충돌,,,단일로,기타단일로,이륜차,,승용차,,1,0,1,0,0,37.10601840,127.13424796
남양주시,2021   ,2021-02-27 15시,주간,토요일,차량단독,기타,,,기타,기타,자전거,,없음,,1,0,1,0,0,37.54070912,127.25461313
의왕시,2021   ,2021-02-26 15시,주간,금요일,차대차,기타,,,교차로,교차로내,자전거,,승용차,,1,0,1,0,0,37.34978983,126.97310043
평택시,2021   ,2021-02-26 06시,주간,금요일,차대차,추돌,,,교차로,교차로부근,화물차,,승용차,,1,1,3,0,1,36.99439263,126.85285484
구리시,2021   ,2021-02-25 11시,주간,목요일,차대차,추돌,,,단일로,교량위,화물차,,특수차,,1,1,2,0,0,37.59334172,127.16412574
수원시,2021   ,2021-02-23 21시,야간,화요일,차대사람,기타,,,단일로,기타단일로,승용차,,보행자,,1,0,1,0,0,37.29308338,126.95314291
시흥시,2021   ,2021-02-23 12시,주간,화요일,차대차,기타,,,교차로,교차로내,화물차,,자전거,,1,0,1,0,0,37.34292430,126.77297075
파주시,2021   ,2021-02-22 21시,야간,월요일,차대사람,차도통행중,,,단일로,기타단일로,승용차,,보행자,,1,0,1,0,0,37.70329413,126.72127563
연천군,2021   ,2021-02-22 14시,주간,월요일,차대사람,기타,,,교차로,교차로부근,승용차,,보행자,,1,0,1,0,0,38.21309058,127.13858824
시흥시,2021   ,2021-02-22 08시,주간,월요일,차대차,정면충돌,,,단일로,기타단일로,승용차,,승용차,,1,0,3,0,2,37.37930030,126.81469399
가평군,2021   ,2021-02-21 19시,야간,일요일,차대사람,횡단중,,,교차로,교차로횡단보도내,승용차,,보행자,,1,0,1,0,0,37.74046916,127.42218451
양평군,2021   ,2021-02-19 20시,야간,금요일,차대사람,차도통행중,,,단일로,기타단일로,승합차,,보행자,,1,1,3,0,1,37.51979868,127.48176916
평택시,2021   ,2021-02-19 18시,야간,금요일,차대차,추돌,,,단일로,기타단일로,화물차,,승용차,,1,2,5,0,2,37.03224167,126.87779805
파주시,2021   ,2021-02-18 03시,야간,목요일,차량단독,공작물충돌,,,교차로,교차로내,승용차,,없음,,1,0,1,0,0,37.79272590,126.69505564
화성시,2021   ,2021-02-16 14시,주간,화요일,차량단독,기타,,,단일로,기타단일로,화물차,,없음,,1,0,1,0,0,37.13340397,126.94228133
화성시,2021   ,2021-02-14 21시,야간,일요일,차대차,기타,,,단일로,기타단일로,이륜차,,화물차,,1,0,1,0,0,37.11047727,126.91530213
양평군,2021   ,2021-02-12 19시,야간,금요일,차대사람,차도통행중,,,단일로,기타단일로,승용차,,보행자,,1,0,1,0,0,37.53849132,127.68648539
양평군,2021   ,2021-02-11 00시,야간,목요일,차량단독,공작물충돌,,,단일로,기타단일로,승용차,,없음,,1,0,1,0,0,37.52968633,127.36795328
시흥시,2021   ,2021-02-10 08시,주간,수요일,차대사람,횡단중,,,교차로,교차로내,화물차,,보행자,,1,1,2,0,0,37.38236723,126.77281602
의정부시,2021   ,2021-02-10 07시,주간,수요일,차대차,정면충돌,,,단일로,기타단일로,이륜차,,승용차,,1,0,2,0,1,37.73455524,127.10890003
안산시,2021   ,2021-02-09 19시,야간,화요일,차대차,측면충돌,,,교차로,교차로내,자전거,,승용차,,1,0,1,0,0,37.32848781,126.76333493
포천시,2021   ,2021-02-08 00시,야간,월요일,차대차,추돌,,,단일로,기타단일로,승용차,,승용차,,1,0,1,0,0,37.93914744,127.30093291
고양시,2021   ,2021-02-07 16시,주간,일요일,차대사람,기타,,,교차로,교차로횡단보도내,승용차,,보행자,,1,0,1,0,0,37.64026536,126.79141438
광주시,2021   ,2021-02-06 02시,야간,토요일,차대사람,횡단중,,,교차로,교차로부근,승용차,,보행자,,1,0,1,0,0,37.35382384,127.32940789
부천시,2021   ,2021-02-04 19시,야간,목요일,차대사람,차도통행중,,,교차로,교차로내,승합차,,보행자,,1,0,1,0,0,37.54151475,126.80194900
화성시,2021   ,2021-02-04 16시,주간,목요일,차대차,추돌,,,단일로,기타단일로,승용차,,승용차,,1,1,4,0,2,37.24807503,126.88305248
화성시,2021   ,2021-02-04 15시,주간,목요일,차량단독,도로이탈 추락,,,단일로,기타단일로,승용차,,없음,,1,0,1,0,0,37.22281401,126.95579231
이천시,2021   ,2021-02-03 16시,주간,수요일,차대차,추돌,,,교차로,교차로부근,화물차,,화물차,,1,0,2,0,1,37.23335586,127.52139715
이천시,2021   ,2021-02-02 03시,야간,화요일,차대차,추돌,,,단일로,기타단일로,화물차,,화물차,,1,0,2,0,1,37.26418402,127.40528639
남양주시,2021   ,2021-01-31 15시,주간,일요일,차량단독,기타,,,기타,기타,자전거,,없음,,1,0,1,0,0,37.65212332,127.12679091
광명시,2021   ,2021-01-29 21시,야간,금요일,차대사람,횡단중,,,교차로,교차로횡단보도내,원동기장치자전거,,보행자,,1,0,1,0,0,37.45934544,126.88249691
성남시,2021   ,2021-01-29 14시,주간,금요일,차대차,기타,,,교차로,교차로내,승용차,,이륜차,,1,0,1,0,0,37.36864455,127.12080233
화성시,2021   ,2021-01-28 23시,야간,목요일,차대차,기타,,,단일로,기타단일로,승용차,,화물차,,1,1,2,0,0,37.13069516,126.84450207
화성시,2021   ,2021-01-27 05시,야간,수요일,차대차,추돌,,,단일로,기타단일로,승용차,,건설기계,,1,0,2,0,1,37.26936328,126.87227684
군포시,2021   ,2021-01-25 17시,주간,월요일,차대사람,횡단중,,,단일로,기타단일로,승용차,,보행자,,1,0,1,0,0,37.37541540,126.93963600
고양시,2021   ,2021-01-25 11시,주간,월요일,차량단독,기타,,,단일로,지하차도(도로)내,화물차,,없음,,1,0,1,0,0,37.68721121,126.76280668
평택시,2021   ,2021-01-24 01시,야간,일요일,차대사람,기타,,,기타,기타,승용차,,보행자,,1,0,1,0,0,37.02712909,127.14134981
평택시,2021   ,2021-01-23 08시,주간,토요일,차대차,정면충돌,,,기타,기타,승용차,,승용차,,1,2,3,0,0,37.02198018,126.92170323
용인시,2021   ,2021-01-22 19시,야간,금요일,차대사람,횡단중,,,단일로,기타단일로,승용차,,보행자,,1,0,1,0,0,37.31763625,127.24167275
포천시,2021   ,2021-01-22 07시,주간,금요일,차대사람,기타,,,교차로,교차로부근,승용차,,보행자,,1,0,1,0,0,37.94003214,127.28632922
파주시,2021   ,2021-01-21 21시,야간,목요일,차량단독,공작물충돌,,,단일로,지하차도(도로)내,승용차,,없음,,1,0,1,0,0,37.85616087,126.78915949
시흥시,2021   ,2021-01-21 11시,주간,목요일,차대차,추돌,,,단일로,기타단일로,화물차,,화물차,,1,0,1,0,0,37.32661615,126.73402910
구리시,2021   ,2021-01-21 10시,주간,목요일,차대사람,보도통행중,,,교차로,교차로횡단보도내,승합차,,보행자,,1,0,1,0,0,37.58773817,127.13765777
화성시,2021   ,2021-01-21 08시,주간,목요일,차대차,기타,,,기타,기타,사륜오토바이(ATV),,승용차,,1,0,1,0,0,37.20997348,126.76178392
안산시,2021   ,2021-01-20 10시,주간,수요일,차대사람,기타,,,단일로,기타단일로,승용차,,보행자,,1,0,1,0,0,37.30329035,126.83414922
평택시,2021   ,2021-01-20 06시,주간,수요일,차대차,기타,,,단일로,기타단일로,화물차,,화물차,,1,0,1,0,0,37.01759040,127.02088595
성남시,2021   ,2021-01-20 00시,야간,수요일,차대사람,차도통행중,,,단일로,기타단일로,승용차,,보행자,,1,0,1,0,0,37.43209711,127.15777174
파주시,2021   ,2021-01-19 20시,야간,화요일,차량단독,기타,,,교차로,교차로부근,승합차,,없음,,1,0,1,0,0,37.84866976,126.87641138
화성시,2021   ,2021-01-19 13시,주간,화요일,차대사람,기타,,,단일로,기타단일로,승용차,,보행자,,1,0,1,0,0,37.21349875,126.97288885
평택시,2021   ,2021-01-18 21시,야간,월요일,차대사람,횡단중,,,교차로,교차로횡단보도내,승용차,,보행자,,1,0,1,0,0,37.06207733,127.07070505
부천시,2021   ,2021-01-18 20시,야간,월요일,차대차,추돌,,,교차로,교차로부근,이륜차,,화물차,,1,0,1,0,0,37.48777094,126.76972550
김포시,2021   ,2021-01-17 17시,주간,일요일,차대차,측면충돌,,,교차로,교차로내,승용차,,승용차,,1,0,2,0,1,37.71398445,126.54487562
화성시,2021   ,2021-01-17 06시,주간,일요일,차량단독,공작물충돌,,,단일로,기타단일로,승용차,,없음,,1,0,1,0,0,37.07294480,126.91398173
용인시,2021   ,2021-01-16 20시,야간,토요일,차대사람,기타,,,단일로,기타단일로,승용차,,보행자,,1,0,1,0,0,37.23324933,127.21503989
용인시,2021   ,2021-01-16 04시,야간,토요일,차대차,추돌,,,단일로,기타단일로,화물차,,화물차,,1,0,3,1,1,37.16989961,127.37039542
광주시,2021   ,2021-01-15 22시,야간,금요일,차대사람,차도통행중,,,단일로,기타단일로,승용차,,보행자,,1,0,1,0,0,37.47120847,127.28910716
남양주시,2021   ,2021-01-15 14시,주간,금요일,차대사람,횡단중,,,교차로,교차로횡단보도내,화물차,,보행자,,1,0,1,0,0,37.71597897,127.19782707
안산시,2021   ,2021-01-14 20시,야간,목요일,차대차,기타,,,교차로,교차로부근,개인형이동수단(PM),,승용차,,1,0,1,0,0,37.32669332,126.76466176
의정부시,2021   ,2021-01-10 16시,주간,일요일,차대사람,기타,,,교차로,교차로부근,승합차,,보행자,,1,0,1,0,0,37.74959718,127.05281355
안성시,2021   ,2021-01-08 08시,주간,금요일,차대차,기타,,,단일로,기타단일로,화물차,,화물차,,1,0,1,0,0,37.06400483,127.47274510
광명시,2021   ,2021-01-07 11시,주간,목요일,차대차,기타,,,단일로,기타단일로,화물차,,승용차,,1,0,3,1,1,37.47924368,126.87322850
안산시,2021   ,2021-01-06 14시,주간,수요일,차대차,측면충돌,,,교차로,교차로부근,이륜차,,승용차,,1,0,1,0,0,37.30372949,126.85982733
안양시,2021   ,2021-01-05 22시,야간,화요일,차대차,정면충돌,,,단일로,고가도로위,승용차,,승용차,,2,0,2,0,0,37.36909909,126.95361936
광주시,2021   ,2021-01-05 10시,주간,화요일,차대사람,기타,,,기타,기타,화물차,,보행자,,1,0,1,0,0,37.34914986,127.33884628
성남시,2021   ,2021-01-04 23시,야간,월요일,차대차,기타,,,단일로,기타단일로,승용차,,승용차,,1,0,2,0,1,37.40689900,127.09364924
안성시,2021   ,2021-01-04 16시,주간,월요일,차대차,추돌,,,단일로,기타단일로,화물차,,화물차,,1,1,2,0,0,36.97505594,127.37962493
파주시,2021   ,2021-01-04 10시,주간,월요일,차대사람,보도통행중,,,단일로,기타단일로,화물차,,보행자,,1,0,1,0,0,37.78152851,126.84755229
수원시,2021   ,2021-01-02 21시,야간,토요일,차대차,측면충돌,,,교차로,교차로내,승용차,,이륜차,,1,0,1,0,0,37.26988546,127.00956960
파주시,2021   ,2021-01-02 02시,야간,토요일,차량단독,전복,,,단일로,기타단일로,승용차,,없음,,1,0,1,0,0,37.81833888,126.74513233
수원시,2021   ,2021-01-01 21시,야간,금요일,차대사람,기타,,,단일로,기타단일로,승용차,,보행자,,1,0,1,0,0,37.23632700,126.97601064
안산시,2020   ,2020-12-31 21시,야간,목요일,차대사람,횡단중,,,교차로,교차로내,승용차,,보행자,,1,0,1,0,0,37.35127014,126.82137341
용인시,2020   ,2020-12-31 11시,주간,목요일,차대차,기타,,,교차로,교차로내,이륜차,,건설기계,,1,0,1,0,0,37.15402819,127.29546450
포천시,2020   ,2020-12-29 16시,주간,화요일,차대차,정면충돌,,,단일로,기타단일로,이륜차,,승용차,,1,0,1,0,0,37.99291626,127.35472485
용인시,2020   ,2020-12-28 16시,주간,월요일,차대사람,기타,,,교차로,교차로부근,승용차,,보행자,,1,0,2,0,1,37.32004216,127.06336196
파주시,2020   ,2020-12-28 15시,주간,월요일,차대사람,기타,,,단일로,기타단일로,승용차,,보행자,,1,0,2,0,1,37.70698703,126.71546258
용인시,2020   ,2020-12-28 03시,야간,월요일,차대사람,횡단중,,,단일로,기타단일로,화물차,,보행자,,1,0,1,0,0,37.25461482,127.10853055
파주시,2020   ,2020-12-27 07시,주간,일요일,차대차,기타,,,교차로,교차로부근,승용차,,자전거,,1,0,1,0,0,37.85788410,126.81221948
김포시,2020   ,2020-12-21 12시,주간,월요일,차대사람,횡단중,,,교차로,교차로내,승합차,,보행자,,1,0,1,0,0,37.65500178,126.62488583
김포시,2020   ,2020-12-21 10시,주간,월요일,차대차,측면충돌,,,단일로,기타단일로,이륜차,,승합차,,1,0,1,0,0,37.62021416,126.71911756
부천시,2020   ,2020-12-21 07시,주간,월요일,차대사람,횡단중,,,교차로,교차로내,건설기계,,보행자,,1,0,1,0,0,37.51479493,126.77437317
평택시,2020   ,2020-12-20 21시,야간,일요일,차대사람,기타,,,단일로,기타단일로,화물차,,보행자,,1,0,1,0,0,37.06167237,127.05379038
김포시,2020   ,2020-12-20 13시,주간,일요일,차대차,추돌,,,단일로,기타단일로,승용차,,화물차,,1,0,1,0,0,37.59831247,126.73295156
김포시,2020   ,2020-12-17 22시,야간,목요일,차대차,기타,,,교차로,교차로부근,이륜차,,화물차,,1,0,1,0,0,37.60938000,126.78447909
여주시,2020   ,2020-12-17 05시,야간,목요일,차대차,추돌,,,단일로,기타단일로,화물차,,화물차,,1,0,1,0,0,37.21906022,127.59734201
부천시,2020   ,2020-12-17 04시,야간,목요일,차대사람,횡단중,,,교차로,교차로내,승합차,,보행자,,1,0,1,0,0,37.49637544,126.76337449
평택시,2020   ,2020-12-15 13시,주간,화요일,차대차,기타,,,교차로,교차로내,승용차,,승용차,,1,0,6,0,5,36.98649207,126.92565766
안산시,2020   ,2020-12-14 16시,주간,월요일,차대차,기타,,,교차로,교차로내,승합차,,자전거,,1,0,1,0,0,37.30618126,126.79784512
양평군,2020   ,2020-12-10 13시,주간,목요일,차대차,정면충돌,,,단일로,기타단일로,화물차,,건설기계,,1,0,2,0,1,37.59264797,127.34710148
광주시,2020   ,2020-12-09 10시,주간,수요일,차량단독,도로이탈 기타,,,단일로,기타단일로,사륜오토바이(ATV),,없음,,1,0,1,0,0,37.37581738,127.44012622
고양시,2020   ,2020-12-09 06시,주간,수요일,차대사람,횡단중,,,기타,기타,승합차,,보행자,,1,0,1,0,0,37.62675616,126.83028833
부천시,2020   ,2020-12-09 04시,야간,수요일,차량단독,공작물충돌,,,단일로,교량위,승용차,,없음,,1,0,1,0,0,37.50693328,126.74840944
안성시,2020   ,2020-12-07 15시,주간,월요일,차량단독,공작물충돌,,,단일로,기타단일로,건설기계,,없음,,1,0,1,0,0,36.94601007,127.31548531
안산시,2020   ,2020-12-06 00시,야간,일요일,차대차,기타,,,기타,기타,이륜차,,화물차,,1,0,1,0,0,37.33640506,126.81486942
과천시,2020   ,2020-12-01 16시,주간,화요일,차대차,정면충돌,,,단일로,기타단일로,승용차,,자전거,,1,0,1,0,0,37.42897883,126.99240471
시흥시,2020   ,2020-12-01 16시,주간,화요일,차대사람,차도통행중,,,교차로,교차로부근,승용차,,보행자,,1,0,1,0,0,37.34765452,126.69076549
연천군,2020   ,2020-11-30 18시,야간,월요일,차대사람,기타,,,교차로,교차로부근,화물차,,보행자,,1,0,1,0,0,38.02326407,127.13808706
고양시,2020   ,2020-11-29 02시,야간,일요일,차대차,기타,,,단일로,기타단일로,이륜차,,화물차,,1,0,1,0,0,37.62407886,126.87117583
파주시,2020   ,2020-11-28 14시,주간,토요일,차대차,기타,,,단일로,기타단일로,화물차,,자전거,,1,0,1,0,0,37.94113445,126.87660959
성남시,2020   ,2020-11-26 17시,주간,목요일,차대사람,기타,,,교차로,교차로부근,승용차,,보행자,,1,0,1,0,0,37.42164731,127.10482597
안성시,2020   ,2020-11-23 18시,야간,월요일,차대차,기타,,,교차로,교차로내,이륜차,,승용차,,1,0,1,0,0,37.00197904,127.25042102
김포시,2020   ,2020-11-22 18시,야간,일요일,차대차,정면충돌,,,단일로,기타단일로,이륜차,,승용차,,1,1,2,0,0,37.64992967,126.62276887
안성시,2020   ,2020-11-22 02시,야간,일요일,차대사람,길가장자리구역통행중,,,단일로,기타단일로,승용차,,보행자,,1,0,1,0,0,37.07272848,127.40089015
성남시,2020   ,2020-11-20 01시,야간,금요일,차량단독,공작물충돌,,,단일로,기타단일로,승용차,,없음,,1,0,1,0,0,37.35930619,127.07067781
광주시,2020   ,2020-11-19 18시,야간,목요일,차대사람,기타,,,기타,기타,승용차,,보행자,,1,0,1,0,0,37.34755111,127.21329878
군포시,2020   ,2020-11-19 14시,주간,목요일,차량단독,기타,,,단일로,기타단일로,개인형이동수단(PM),,없음,,1,0,1,0,0,37.35296462,126.95365729
오산시,2020   ,2020-11-19 07시,주간,목요일,차대차,기타,,,단일로,기타단일로,화물차,,자전거,,1,0,1,0,0,37.14006001,127.07341747
수원시,2020   ,2020-11-18 17시,주간,수요일,차대사람,횡단중,,,교차로,교차로횡단보도내,승합차,,보행자,,1,0,1,0,0,37.31291667,126.98594096
고양시,2020   ,2020-11-16 13시,주간,월요일,차대차,기타,,,단일로,기타단일로,특수차,,자전거,,1,0,1,0,0,37.67809959,126.88735638
여주시,2020   ,2020-11-16 11시,주간,월요일,차량단독,전도,,,단일로,기타단일로,특수차,,없음,,1,0,1,0,0,37.38327694,127.58148882