시군명,발생년도,발생일자,주야구분명,사고요일,사고유형_대분류,사고유형,법규위반대분류명,법규위반내용,도로형태_대분류,도로형태,가해자 당사자 종별,당사자1_차종,피해자 당사자 종별,당사자2_차종,사망자수,중상자수,부상자수,부상신고자수,경상자수,WGS84위도,WGS84경도
용인시,2020   ,2020-08-07 13시,주간,금요일,차대사람,횡단중,,,교차로,교차로횡단보도내,화물차,,보행자,,1,0,1,0,0,37.25370254,127.10525381
시흥시,2020   ,2020-08-06 06시,주간,목요일,차대사람,횡단중,,,교차로,교차로횡단보도내,승용차,,보행자,,1,0,1,0,0,37.33825923,126.75050559
용인시,2020   ,2020-08-03 05시,야간,월요일,차대차,측면충돌,,,교차로,교차로내,승용차,,승합차,,1,0,2,0,1,37.23098319,127.20984023
안산시,2020   ,2020-08-03 05시,야간,월요일,차대차,추돌,,,단일로,기타단일로,화물차,,화물차,,1,0,1,0,0,37.30603605,126.83995892
수원시,2020   ,2020-08-03 04시,야간,월요일,차대차,추돌,,,단일로,기타단일로,승용차,,화물차,,1,0,3,0,2,37.29271383,127.08132340
김포시,2020   ,2020-08-01 20시,야간,토요일,차대사람,횡단중,,,교차로,교차로횡단보도내,승용차,,보행자,,1,0,1,0,0,37.67025517,126.64373350
고양시,2020   ,2020-08-01 17시,주간,토요일,차대차,측면충돌,,,단일로,기타단일로,승합차,,자전거,,1,0,1,0,0,37.72477537,126.90600175
시흥시,2020   ,2020-07-31 05시,야간,금요일,차량단독,공작물충돌,,,단일로,기타단일로,원동기장치자전거,,없음,,1,0,1,0,0,37.33786586,126.69211230
안성시,2020   ,2020-07-30 07시,주간,목요일,차량단독,공작물충돌,,,단일로,고가도로위,승용차,,없음,,1,0,1,0,0,37.02155667,127.28655664
안산시,2020   ,2020-07-30 04시,야간,목요일,차대사람,횡단중,,,교차로,교차로내,승용차,,보행자,,1,0,1,0,0,37.30334921,126.84959617
여주시,2020   ,2020-07-26 23시,야간,일요일,차대차,측면충돌,,,단일로,지하차도(도로)내,승용차,,승용차,,1,6,10,1,2,37.24012470,127.55258441
평택시,2020   ,2020-07-26 09시,주간,일요일,차대차,측면충돌,,,교차로,교차로내,승용차,,이륜차,,1,0,1,0,0,36.98136001,126.93255024
포천시,2020   ,2020-07-23 09시,주간,목요일,차대차,기타,,,교차로,교차로내,화물차,,화물차,,1,0,1,0,0,37.88389289,127.21158460
평택시,2020   ,2020-07-22 12시,주간,수요일,차량단독,도로이탈 추락,,,단일로,기타단일로,화물차,,없음,,1,0,1,0,0,37.00195192,126.83748318
화성시,2020   ,2020-07-21 14시,주간,화요일,차대차,기타,,,교차로,교차로부근,이륜차,,화물차,,1,0,1,0,0,37.21529051,127.04408481
오산시,2020   ,2020-07-21 14시,주간,화요일,차대차,측면충돌,,,단일로,기타단일로,자전거,,승합차,,1,0,1,0,0,37.19009302,127.03628184
의정부시,2020   ,2020-07-20 09시,주간,월요일,차대사람,기타,,,교차로,교차로부근,승합차,,보행자,,1,0,1,0,0,37.74233823,127.04957703
시흥시,2020   ,2020-07-17 23시,야간,금요일,차대사람,차도통행중,,,단일로,교량위,승용차,,보행자,,1,0,1,0,0,37.43503726,126.81878663
광주시,2020   ,2020-07-15 06시,주간,수요일,차대차,측면충돌,,,단일로,기타단일로,자전거,,승용차,,1,0,1,0,0,37.42696868,127.24332070
평택시,2020   ,2020-07-14 11시,주간,화요일,차대사람,횡단중,,,교차로,교차로내,승용차,,보행자,,1,0,1,0,0,37.07922311,127.05378880
광주시,2020   ,2020-07-14 05시,야간,화요일,차대사람,횡단중,,,단일로,기타단일로,승용차,,보행자,,1,0,1,0,0,37.41397227,127.19814046
광주시,2020   ,2020-07-14 04시,야간,화요일,차대차,추돌,,,단일로,기타단일로,화물차,,화물차,,1,0,2,1,0,37.37039157,127.31748911
고양시,2020   ,2020-07-14 03시,야간,화요일,차대사람,횡단중,,,교차로,교차로내,승용차,,보행자,,1,0,1,0,0,37.69362038,126.77309903
광주시,2020   ,2020-07-14 00시,야간,화요일,차대차,측면충돌,,,단일로,지하차도(도로)내,화물차,,화물차,,1,2,8,0,5,37.40227856,127.30928799
화성시,2020   ,2020-07-13 11시,주간,월요일,차대차,추돌,,,단일로,교량위,화물차,,화물차,,1,0,2,0,1,37.24744975,126.75547636
평택시,2020   ,2020-07-13 07시,주간,월요일,차대차,추돌,,,단일로,기타단일로,화물차,,승용차,,1,0,5,0,4,37.00194595,127.15142607
평택시,2020   ,2020-07-12 08시,주간,일요일,차대사람,보도통행중,,,교차로,교차로내,화물차,,보행자,,1,0,1,0,0,37.08420501,127.05781007
광주시,2020   ,2020-07-12 04시,야간,일요일,차량단독,도로이탈 추락,,,단일로,기타단일로,건설기계,,없음,,1,0,1,0,0,37.40935332,127.30313426
시흥시,2020   ,2020-07-11 22시,야간,토요일,차대사람,횡단중,,,단일로,기타단일로,승용차,,보행자,,1,0,1,0,0,37.43066308,126.80441516
수원시,2020   ,2020-07-11 14시,주간,토요일,차대차,측면충돌,,,교차로,교차로부근,승용차,,이륜차,,1,0,1,0,0,37.24331635,127.03057782
포천시,2020   ,2020-07-11 13시,주간,토요일,차량단독,전도,,,단일로,기타단일로,자전거,,없음,,1,0,1,0,0,37.98412085,127.09904998
성남시,2020   ,2020-07-11 08시,주간,토요일,차대차,기타,,,단일로,기타단일로,승용차,,승용차,,1,1,10,0,8,37.42148822,127.12516968
화성시,2020   ,2020-07-08 00시,야간,수요일,차대차,추돌,,,단일로,기타단일로,승용차,,화물차,,1,0,1,0,0,37.15802536,126.87616054
의정부시,2020   ,2020-07-07 10시,주간,화요일,차대사람,횡단중,,,교차로,교차로부근,승용차,,보행자,,1,0,1,0,0,37.70508943,127.04799876
시흥시,2020   ,2020-07-07 08시,주간,화요일,차대차,추돌,,,단일로,기타단일로,화물차,,화물차,,1,0,5,0,4,37.37384335,126.85905123
파주시,2020   ,2020-07-06 15시,주간,월요일,차대차,기타,,,교차로,교차로부근,기타,,화물차,,1,1,2,0,0,37.87667109,126.78120766
안산시,2020   ,2020-07-06 10시,주간,월요일,차대차,추돌,,,단일로,기타단일로,승용차,,화물차,,1,0,1,0,0,37.35873157,126.86484838
화성시,2020   ,2020-07-06 00시,야간,월요일,차량단독,기타,,,기타,기타,승용차,,없음,,1,0,1,0,0,37.23259760,126.86085763
안산시,2020   ,2020-07-03 15시,주간,금요일,차대사람,횡단중,,,교차로,교차로횡단보도내,건설기계,,보행자,,1,0,1,0,0,37.29990317,126.84582339
의정부시,2020   ,2020-07-02 17시,주간,목요일,차대사람,차도통행중,,,교차로,교차로내,화물차,,보행자,,1,0,1,0,0,37.72832886,127.04884483
여주시,2020   ,2020-07-02 14시,주간,목요일,차대차,측면충돌,,,교차로,교차로내,승용차,,화물차,,1,0,3,0,2,37.27677927,127.61228105
수원시,2020   ,2020-07-02 00시,야간,목요일,차량단독,공작물충돌,,,단일로,터널안,승용차,,없음,,1,0,1,0,0,37.31350145,127.02447650
김포시,2020   ,2020-07-01 20시,야간,수요일,차대사람,횡단중,,,단일로,기타단일로,승용차,,보행자,,1,0,1,0,0,37.64228622,126.55055496
광주시,2020   ,2020-07-01 18시,야간,수요일,차대차,측면충돌,,,교차로,교차로내,화물차,,원동기장치자전거,,1,0,1,0,0,37.37758333,127.32256576
양평군,2020   ,2020-07-01 00시,야간,수요일,차대차,기타,,,단일로,기타단일로,승용차,,화물차,,1,0,1,0,0,37.43627531,127.53010225
화성시,2020   ,2020-06-30 18시,야간,화요일,차대차,측면충돌,,,단일로,기타단일로,승용차,,이륜차,,1,0,1,0,0,37.21211819,127.03039925
여주시,2020   ,2020-06-30 15시,주간,화요일,차대차,추돌,,,단일로,기타단일로,승용차,,승용차,,1,2,3,0,0,37.34666270,127.61407859
시흥시,2020   ,2020-06-30 11시,주간,화요일,차대차,기타,,,단일로,기타단일로,화물차,,승용차,,1,1,3,0,1,37.39005523,126.75247549
성남시,2020   ,2020-06-30 10시,주간,화요일,차대사람,기타,,,교차로,교차로내,화물차,,보행자,,1,0,1,0,0,37.41701152,127.14970372
파주시,2020   ,2020-06-29 19시,야간,월요일,차대차,측면충돌,,,교차로,교차로내,승용차,,승용차,,1,0,2,0,1,37.77994746,126.70197362
시흥시,2020   ,2020-06-28 04시,야간,일요일,차대차,추돌,,,단일로,기타단일로,승용차,,승용차,,1,2,3,0,0,37.40108332,126.84274165
부천시,2020   ,2020-06-27 03시,야간,토요일,차대차,정면충돌,,,교차로,교차로내,화물차,,이륜차,,1,0,1,0,0,37.51461962,126.76063791
고양시,2020   ,2020-06-26 18시,야간,금요일,차대사람,횡단중,,,단일로,기타단일로,승용차,,보행자,,1,0,1,0,0,37.61747042,126.84599718
성남시,2020   ,2020-06-26 04시,야간,금요일,차대사람,차도통행중,,,단일로,기타단일로,화물차,,보행자,,1,0,1,0,0,37.44200903,127.13560331
안산시,2020   ,2020-06-26 04시,야간,금요일,차량단독,전도,,,단일로,기타단일로,화물차,,없음,,1,0,1,0,0,37.34316487,126.86485533
평택시,2020   ,2020-06-26 00시,야간,금요일,차대차,기타,,,단일로,기타단일로,승용차,,승용차,,1,1,2,0,0,37.02585887,127.14161437
화성시,2020   ,2020-06-25 00시,야간,목요일,차대차,기타,,,교차로,교차로내,화물차,,승합차,,1,0,1,0,0,37.20646814,126.99152099
포천시,2020   ,2020-06-24 21시,야간,수요일,차대차,정면충돌,,,교차로,교차로부근,승용차,,화물차,,1,0,2,0,1,38.02128702,127.36851154
성남시,2020   ,2020-06-24 20시,야간,수요일,차대사람,기타,,,단일로,기타단일로,승합차,,보행자,,1,0,1,0,0,37.45607950,127.17258748
파주시,2020   ,2020-06-24 01시,야간,수요일,차대사람,길가장자리구역통행중,,,단일로,기타단일로,승용차,,보행자,,1,0,1,0,0,37.86044260,126.83078265
화성시,2020   ,2020-06-23 17시,주간,화요일,차대차,정면충돌,,,기타,기타,승용차,,승용차,,1,1,2,0,0,37.18512844,126.71237620
고양시,2020   ,2020-06-22 23시,야간,월요일,차대차,기타,,,단일로,기타단일로,승용차,,승용차,,1,0,1,0,0,37.64799508,126.85684993
구리시,2020   ,2020-06-22 13시,주간,월요일,차대차,추돌,,,단일로,터널안,승용차,,건설기계,,2,0,5,0,3,37.58395413,127.14712210
화성시,2020   ,2020-06-22 10시,주간,월요일,차대사람,기타,,,단일로,기타단일로,화물차,,보행자,,1,0,1,0,0,37.20116274,127.02278193
시흥시,2020   ,2020-06-22 01시,야간,월요일,차대차,추돌,,,단일로,기타단일로,승용차,,승용차,,1,1,2,0,0,37.38000818,126.85563278
의정부시,2020   ,2020-06-20 23시,야간,토요일,차대차,추돌,,,단일로,기타단일로,화물차,,화물차,,1,0,2,0,1,37.77468618,127.12117939
시흥시,2020   ,2020-06-20 13시,주간,토요일,차대사람,기타,,,단일로,기타단일로,화물차,,보행자,,1,0,1,0,0,37.37825658,126.78456856
안양시,2020   ,2020-06-19 12시,주간,금요일,차대차,측면충돌,,,교차로,교차로부근,원동기장치자전거,,화물차,,1,0,1,0,0,37.39161747,126.92738240
평택시,2020   ,2020-06-19 05시,야간,금요일,차대차,기타,,,교차로,교차로내,승용차,,승용차,,1,0,2,0,1,37.09277803,127.06329653
고양시,2020   ,2020-06-17 16시,주간,수요일,차대차,추돌,,,단일로,교량위,화물차,,승용차,,1,0,2,1,0,37.67407126,126.88401027
파주시,2020   ,2020-06-13 12시,주간,토요일,차대사람,횡단중,,,교차로,교차로부근,건설기계,,보행자,,1,0,1,0,0,37.75318723,126.74287739
고양시,2020   ,2020-06-13 03시,야간,토요일,차대차,정면충돌,,,단일로,기타단일로,승용차,,화물차,,1,2,3,0,0,37.60741020,126.81556350
성남시,2020   ,2020-06-12 08시,주간,금요일,차대차,측면충돌,,,교차로,교차로부근,이륜차,,화물차,,1,1,2,0,0,37.43056543,127.13684560
성남시,2020   ,2020-06-10 16시,주간,수요일,차대차,기타,,,교차로,교차로내,이륜차,,화물차,,1,0,1,0,0,37.39372945,127.10957063
시흥시,2020   ,2020-06-08 21시,야간,월요일,차량단독,기타,,,교차로,교차로부근,이륜차,,없음,,1,0,1,0,0,37.37231340,126.72677699
고양시,2020   ,2020-06-08 17시,주간,월요일,차대사람,횡단중,,,단일로,기타단일로,이륜차,,보행자,,1,0,2,0,1,37.70614532,126.90248616
용인시,2020   ,2020-06-07 12시,주간,일요일,차량단독,공작물충돌,,,단일로,기타단일로,화물차,,없음,,1,0,1,0,0,37.19417124,127.19960366
용인시,2020   ,2020-06-07 09시,주간,일요일,차량단독,공작물충돌,,,단일로,기타단일로,원동기장치자전거,,없음,,1,0,1,0,0,37.17911945,127.29306493
용인시,2020   ,2020-06-07 09시,주간,일요일,차량단독,전도,,,단일로,기타단일로,농기계,,없음,,1,0,1,0,0,37.17350646,127.37148193
화성시,2020   ,2020-06-06 14시,주간,토요일,차량단독,기타,,,교차로,교차로부근,이륜차,,없음,,1,0,1,0,0,37.04104834,126.76579539
화성시,2020   ,2020-06-06 03시,야간,토요일,차대차,추돌,,,교차로,교차로부근,승용차,,승용차,,1,1,2,0,0,37.13482263,126.93539183
안산시,2020   ,2020-06-05 18시,야간,금요일,차대차,기타,,,단일로,기타단일로,승용차,,자전거,,1,0,1,0,0,37.30890680,126.84398499
김포시,2020   ,2020-06-05 03시,야간,금요일,차대차,추돌,,,단일로,교량위,승용차,,승용차,,1,0,1,0,0,37.58545725,126.75941680
수원시,2020   ,2020-06-05 00시,야간,금요일,차량단독,공작물충돌,,,단일로,기타단일로,이륜차,,없음,,1,0,1,0,0,37.29069222,127.02570316
안양시,2020   ,2020-06-04 03시,야간,목요일,차대차,측면충돌,,,단일로,기타단일로,기타,,화물차,,1,0,1,0,0,37.40340392,126.97498839
평택시,2020   ,2020-06-03 09시,주간,수요일,차대사람,횡단중,,,교차로,교차로부근,화물차,,보행자,,1,0,1,0,0,37.02361277,127.10155705
평택시,2020   ,2020-06-03 00시,야간,수요일,차대사람,기타,,,단일로,기타단일로,승용차,,보행자,,1,0,1,0,0,36.98281126,126.88198744
수원시,2020   ,2020-06-02 22시,야간,화요일,차대차,측면충돌,,,교차로,교차로부근,자전거,,승용차,,1,0,1,0,0,37.29658898,127.00843724
화성시,2020   ,2020-06-02 14시,주간,화요일,차대차,기타,,,단일로,기타단일로,승용차,,불명,,1,1,2,0,0,37.28498650,126.91859118
여주시,2020   ,2020-06-02 12시,주간,화요일,차대차,측면충돌,,,단일로,지하차도(도로)내,승용차,,화물차,,1,0,3,0,2,37.16964284,127.62529001
여주시,2020   ,2020-06-01 12시,주간,월요일,차대차,기타,,,단일로,기타단일로,이륜차,,승용차,,1,0,1,0,0,37.29945572,127.61512431
용인시,2020   ,2020-05-30 21시,야간,토요일,차량단독,공작물충돌,,,단일로,기타단일로,이륜차,,없음,,1,0,1,0,0,37.32640697,127.06120312
고양시,2020   ,2020-05-29 19시,야간,금요일,차대차,측면충돌,,,교차로,교차로내,이륜차,,승용차,,1,0,2,0,1,37.69360997,126.77287228
수원시,2020   ,2020-05-28 22시,야간,목요일,차대차,측면충돌,,,교차로,교차로횡단보도내,승합차,,자전거,,1,0,1,0,0,37.30126048,127.00899358
고양시,2020   ,2020-05-27 10시,주간,수요일,차대차,추돌,,,단일로,기타단일로,승용차,,화물차,,1,1,2,0,0,37.62907451,126.78455097
구리시,2020   ,2020-05-26 14시,주간,화요일,차대사람,보도통행중,,,교차로,교차로내,화물차,,보행자,,1,0,1,0,0,37.59440309,127.15093551
화성시,2020   ,2020-05-23 10시,주간,토요일,차량단독,기타,,,기타,기타,농기계,,없음,,1,0,1,0,0,37.04844105,126.83797899
안양시,2020   ,2020-05-23 04시,야간,토요일,차대사람,기타,,,단일로,기타단일로,승용차,,보행자,,1,0,1,0,0,37.40850318,126.92245159
화성시,2020   ,2020-05-22 18시,야간,금요일,차대사람,보도통행중,,,단일로,기타단일로,이륜차,,보행자,,1,0,1,0,0,37.20672261,127.06688941
광주시,2020   ,2020-05-22 11시,주간,금요일,차대차,추돌,,,기타,기타,이륜차,,화물차,,1,0,1,0,0,37.47224884,127.24949914
화성시,2020   ,2020-05-21 14시,주간,목요일,차대사람,기타,,,단일로,기타단일로,승용차,,보행자,,1,0,1,0,0,37.16682684,127.10577369
수원시,2020   ,2020-05-21 06시,주간,목요일,차량단독,공작물충돌,,,단일로,기타단일로,승용차,,없음,,1,0,1,0,0,37.30308067,127.00667985
의정부시,2020   ,2020-05-19 23시,야간,화요일,차대차,측면충돌,,,교차로,교차로내,승용차,,이륜차,,1,0,2,0,1,37.73493264,127.07723415
포천시,2020   ,2020-05-18 13시,주간,월요일,차대차,기타,,,교차로,교차로내,화물차,,이륜차,,1,0,1,0,0,37.82702035,127.14856997
고양시,2020   ,2020-05-15 02시,야간,금요일,차량단독,기타,,,단일로,기타단일로,이륜차,,없음,,2,0,2,0,0,37.68197399,126.73442709
평택시,2020   ,2020-05-14 14시,주간,목요일,차량단독,공작물충돌,,,단일로,기타단일로,승용차,,없음,,1,0,1,0,0,37.06755809,127.02350778
성남시,2020   ,2020-05-14 02시,야간,목요일,차대차,추돌,,,단일로,기타단일로,승용차,,승용차,,1,0,1,0,0,37.40157642,127.08458261
화성시,2020   ,2020-05-13 13시,주간,수요일,차대차,기타,,,단일로,기타단일로,화물차,,건설기계,,1,0,1,0,0,37.22588140,126.85737484
광명시,2020   ,2020-05-13 01시,야간,수요일,차량단독,공작물충돌,,,교차로,교차로부근,승용차,,없음,,1,0,1,0,0,37.44193521,126.84637499
평택시,2020   ,2020-05-12 14시,주간,화요일,차대차,추돌,,,단일로,기타단일로,화물차,,화물차,,1,0,1,0,0,37.12297022,127.10278173
하남시,2020   ,2020-05-12 06시,주간,화요일,차대차,측면충돌,,,교차로,교차로내,이륜차,,승용차,,1,0,1,0,0,37.54693577,127.19229578
의정부시,2020   ,2020-05-12 04시,야간,화요일,차량단독,전도,,,단일로,기타단일로,특수차,,없음,,1,0,1,0,0,37.69320498,127.05619228
안산시,2020   ,2020-05-11 01시,야간,월요일,차대차,추돌,,,단일로,지하차도(도로)내,승용차,,이륜차,,1,0,1,0,0,37.32979294,126.78581852
수원시,2020   ,2020-05-10 22시,야간,일요일,차대사람,기타,,,단일로,기타단일로,승용차,,보행자,,1,0,1,0,0,37.25817465,126.97349115
하남시,2020   ,2020-05-10 13시,주간,일요일,차대차,측면충돌,,,단일로,지하차도(도로)내,승용차,,승용차,,1,2,3,0,0,37.51439835,127.15689839
부천시,2020   ,2020-05-09 20시,야간,토요일,차대사람,횡단중,,,단일로,기타단일로,승합차,,보행자,,1,0,1,0,0,37.51865201,126.81656743
성남시,2020   ,2020-05-09 05시,야간,토요일,차대차,측면충돌,,,단일로,기타단일로,화물차,,화물차,,2,0,3,0,1,37.41855283,127.12330832
고양시,2020   ,2020-05-08 22시,야간,금요일,차대차,기타,,,단일로,기타단일로,승용차,,승용차,,1,0,1,0,0,37.64818057,126.85946689
김포시,2020   ,2020-05-06 15시,주간,수요일,차대차,추돌,,,단일로,기타단일로,화물차,,화물차,,1,0,1,0,0,37.59569798,126.77271601
고양시,2020   ,2020-05-06 13시,주간,수요일,차대차,측면충돌,,,교차로,교차로내,이륜차,,화물차,,1,0,1,0,0,37.67552054,126.76127809
파주시,2020   ,2020-05-04 13시,주간,월요일,차대차,추돌,,,단일로,기타단일로,승용차,,농기계,,1,0,1,0,0,37.82806893,126.78940635
파주시,2020   ,2020-05-03 03시,야간,일요일,차량단독,공작물충돌,,,단일로,기타단일로,이륜차,,없음,,1,0,1,0,0,37.76944383,126.76663490
용인시,2020   ,2020-05-03 03시,야간,일요일,차량단독,전복,,,단일로,기타단일로,승용차,,없음,,1,0,1,0,0,37.27569929,127.12012076
안양시,2020   ,2020-05-02 22시,야간,토요일,차대사람,횡단중,,,단일로,기타단일로,화물차,,보행자,,1,0,1,0,0,37.37928110,126.97068031
파주시,2020   ,2020-05-02 18시,야간,토요일,차량단독,공작물충돌,,,단일로,기타단일로,이륜차,,없음,,1,0,1,0,0,37.77272708,126.72890497
광주시,2020   ,2020-05-02 12시,주간,토요일,차대차,기타,,,교차로,교차로내,승용차,,사륜오토바이(ATV),,1,0,1,0,0,37.37337775,127.40387301
김포시,2020   ,2020-05-02 02시,야간,토요일,차량단독,기타,,,단일로,기타단일로,이륜차,,없음,,2,0,2,0,0,37.69106294,126.55589929
고양시,2020   ,2020-05-01 00시,야간,금요일,차대사람,기타,,,단일로,기타단일로,화물차,,보행자,,1,0,1,0,0,37.71525133,126.91017369
고양시,2020   ,2020-04-30 01시,야간,목요일,차대사람,횡단중,,,단일로,기타단일로,이륜차,,보행자,,1,0,1,0,0,37.65787225,126.79358253
안양시,2020   ,2020-04-29 17시,주간,수요일,차대사람,횡단중,,,교차로,교차로횡단보도내,승용차,,보행자,,1,0,1,0,0,37.43102769,126.90415996
군포시,2020   ,2020-04-29 10시,주간,수요일,차대사람,기타,,,단일로,기타단일로,승용차,,보행자,,1,0,1,0,0,37.36739312,126.93962791
평택시,2020   ,2020-04-27 04시,야간,월요일,차대사람,차도통행중,,,단일로,기타단일로,승용차,,보행자,,1,0,1,0,0,36.99113915,126.94175980
의왕시,2020   ,2020-04-26 20시,야간,일요일,차량단독,공작물충돌,,,교차로,교차로부근,이륜차,,없음,,1,0,1,0,0,37.37427123,127.00653025
화성시,2020   ,2020-04-26 15시,주간,일요일,차량단독,공작물충돌,,,단일로,기타단일로,이륜차,,없음,,1,0,1,0,0,37.28040381,126.90875610
고양시,2020   ,2020-04-25 04시,야간,토요일,차량단독,공작물충돌,,,기타,기타,승용차,,없음,,1,0,1,0,0,37.61115269,126.82058243
평택시,2020   ,2020-04-25 00시,야간,토요일,차대사람,차도통행중,,,교차로,교차로부근,승용차,,보행자,,1,0,1,0,0,37.10334584,127.06366352
여주시,2020   ,2020-04-24 09시,주간,금요일,차대차,추돌,,,단일로,교량위,승용차,,농기계,,1,0,1,0,0,37.29921037,127.64918833
고양시,2020   ,2020-04-24 08시,주간,금요일,차대사람,기타,,,단일로,기타단일로,승용차,,보행자,,1,1,2,0,0,37.62220917,126.83751348
수원시,2020   ,2020-04-23 06시,주간,목요일,차대차,측면충돌,,,교차로,교차로내,승합차,,이륜차,,1,0,1,0,0,37.26246799,127.01418519
안산시,2020   ,2020-04-23 05시,야간,목요일,차대차,기타,,,기타,기타,승용차,,화물차,,1,0,1,0,0,37.28819307,126.87394805
용인시,2020   ,2020-04-22 22시,야간,수요일,차량단독,공작물충돌,,,단일로,기타단일로,승용차,,없음,,1,0,1,0,0,37.19487866,127.32850417
김포시,2020   ,2020-04-22 22시,야간,수요일,차대차,측면충돌,,,교차로,교차로내,승용차,,이륜차,,1,0,1,0,0,37.64608439,126.62564792
양평군,2020   ,2020-04-19 16시,주간,일요일,차량단독,공작물충돌,,,단일로,기타단일로,이륜차,,없음,,1,0,1,0,0,37.41725105,127.75704166
화성시,2020   ,2020-04-18 23시,야간,토요일,차량단독,기타,,,단일로,기타단일로,승용차,,없음,,1,0,1,0,0,37.23141125,126.90119136
김포시,2020   ,2020-04-18 23시,야간,토요일,차대차,정면충돌,,,교차로,교차로부근,승용차,,승용차,,1,1,4,0,2,37.69481090,126.58893826
광주시,2020   ,2020-04-18 17시,주간,토요일,차량단독,전도,,,단일로,기타단일로,이륜차,,없음,,1,0,1,0,0,37.36010394,127.35446290
양평군,2020   ,2020-04-17 23시,야간,금요일,차량단독,공작물충돌,,,단일로,기타단일로,승용차,,없음,,1,0,1,0,0,37.41221009,127.75391687
안산시,2020   ,2020-04-17 08시,주간,금요일,차대사람,횡단중,,,단일로,기타단일로,승용차,,보행자,,1,0,1,0,0,37.32146320,126.82479045
시흥시,2020   ,2020-04-16 19시,야간,목요일,차대차,기타,,,교차로,교차로내,승용차,,승용차,,1,1,4,0,2,37.33822224,126.74610328
고양시,2020   ,2020-04-15 16시,주간,수요일,차대차,추돌,,,교차로,교차로내,승합차,,건설기계,,1,0,1,0,0,37.59140102,126.88229095
여주시,2020   ,2020-04-10 20시,야간,금요일,차대차,기타,,,단일로,기타단일로,승용차,,승용차,,1,0,1,0,0,37.28123266,127.65219861
고양시,2020   ,2020-04-10 11시,주간,금요일,차대사람,기타,,,기타,기타,화물차,,보행자,,1,0,1,0,0,37.65090526,126.77873021
용인시,2020   ,2020-04-10 05시,야간,금요일,차대차,추돌,,,단일로,기타단일로,화물차,,특수차,,1,0,1,0,0,37.27155344,127.10352516
광주시,2020   ,2020-04-09 19시,야간,목요일,차대사람,횡단중,,,교차로,교차로내,승용차,,보행자,,1,1,2,0,0,37.47199602,127.24929641
평택시,2020   ,2020-04-09 14시,주간,목요일,차대사람,기타,,,단일로,기타단일로,이륜차,,보행자,,1,2,3,0,0,37.00751084,126.91956488
광주시,2020   ,2020-04-09 13시,주간,목요일,차대차,기타,,,단일로,기타단일로,화물차,,자전거,,1,0,1,0,0,37.35054393,127.36520782
시흥시,2020   ,2020-04-09 12시,주간,목요일,차대차,측면충돌,,,교차로,교차로내,화물차,,화물차,,1,0,5,0,4,37.33345863,126.72313426
시흥시,2020   ,2020-04-07 22시,야간,화요일,차대사람,횡단중,,,교차로,교차로횡단보도내,화물차,,보행자,,1,0,1,0,0,37.37837307,126.84675760
용인시,2020   ,2020-04-07 02시,야간,화요일,차대사람,차도통행중,,,단일로,기타단일로,특수차,,보행자,,1,0,1,0,0,37.18977409,127.32673552
의왕시,2020   ,2020-04-06 05시,야간,월요일,차대사람,횡단중,,,교차로,교차로내,승용차,,보행자,,1,0,1,0,0,37.34961774,126.97494202
파주시,2020   ,2020-04-05 20시,야간,일요일,차대차,측면충돌,,,교차로,교차로내,이륜차,,화물차,,1,0,1,0,0,37.86128184,126.77904939
용인시,2020   ,2020-04-05 13시,주간,일요일,차대사람,횡단중,,,단일로,기타단일로,승용차,,보행자,,1,0,1,0,0,37.21921144,127.22912558
성남시,2020   ,2020-04-05 00시,야간,일요일,차대차,기타,,,교차로,교차로내,승용차,,자전거,,1,0,1,0,0,37.36383311,127.10486962
양평군,2020   ,2020-04-04 16시,주간,토요일,차량단독,공작물충돌,,,단일로,기타단일로,이륜차,,없음,,1,0,1,0,0,37.53744123,127.34811980
과천시,2020   ,2020-04-03 09시,주간,금요일,차대차,추돌,,,단일로,기타단일로,화물차,,화물차,,1,0,3,0,2,37.42939564,127.00138757
파주시,2020   ,2020-04-01 13시,주간,수요일,차량단독,전도,,,교차로,교차로부근,이륜차,,없음,,1,0,1,0,0,37.87024738,126.88335836
하남시,2020   ,2020-04-01 09시,주간,수요일,차량단독,공작물충돌,,,교차로,교차로내,승용차,,없음,,1,0,1,0,0,37.53939520,127.18349764
화성시,2020   ,2020-03-30 22시,야간,월요일,차대사람,횡단중,,,단일로,기타단일로,승용차,,보행자,,1,0,1,0,0,37.20244052,126.82415061
여주시,2020   ,2020-03-30 10시,주간,월요일,차대사람,기타,,,단일로,기타단일로,승용차,,보행자,,1,0,1,0,0,37.26138184,127.64143357