시군명,발생년도,발생일자,주야구분명,사고요일,사고유형_대분류,사고유형,법규위반대분류명,법규위반내용,도로형태_대분류,도로형태,가해자 당사자 종별,당사자1_차종,피해자 당사자 종별,당사자2_차종,사망자수,중상자수,부상자수,부상신고자수,경상자수,WGS84위도,WGS84경도
구리시,2019   ,2019-09-21 00시,야간,토요일,차량단독,공작물충돌,,,기타,기타,자전거,,없음,,1,0,1,0,0,37.57168703,127.12955943
구리시,2019   ,2019-09-20 05시,야간,금요일,차대차,측면충돌,,,교차로,교차로내,이륜차,,화물차,,1,0,1,0,0,37.60072257,127.13054838
김포시,2019   ,2019-09-19 20시,야간,목요일,차대사람,횡단중,,,단일로,기타단일로,승용차,,보행자,,1,0,1,0,0,37.71067334,126.64047771
수원시,2019   ,2019-09-19 19시,야간,목요일,차대사람,차도통행중,,,단일로,기타단일로,승용차,,보행자,,1,0,1,0,0,37.25756331,127.03409808
용인시,2019   ,2019-09-19 15시,주간,목요일,차대차,추돌,,,단일로,교량위,승합차,,화물차,,1,0,1,0,0,37.27785115,127.08168774
부천시,2019   ,2019-09-18 16시,주간,수요일,차대차,측면충돌,,,단일로,기타단일로,자전거,,승용차,,1,0,1,0,0,37.50949288,126.76963839
남양주시,2019   ,2019-09-18 06시,주간,수요일,차대사람,횡단중,,,교차로,교차로내,승합차,,보행자,,1,0,1,0,0,37.65859821,127.14538593
고양시,2019   ,2019-09-16 21시,야간,월요일,차대차,측면충돌,,,교차로,교차로내,이륜차,,승용차,,1,0,1,0,0,37.63798603,126.83175166
남양주시,2019   ,2019-09-15 19시,야간,일요일,차대사람,횡단중,,,교차로,교차로내,승용차,,보행자,,1,0,1,0,0,37.65380942,127.17251483
화성시,2019   ,2019-09-15 11시,주간,일요일,차량단독,전도,,,단일로,기타단일로,이륜차,,없음,,1,0,1,0,0,37.10237732,126.90160085
여주시,2019   ,2019-09-14 14시,주간,토요일,차대사람,길가장자리구역통행중,,,단일로,기타단일로,화물차,,보행자,,1,0,1,0,0,37.20313465,127.54323925
파주시,2019   ,2019-09-14 04시,야간,토요일,차대차,측면충돌,,,단일로,기타단일로,승용차,,화물차,,1,0,1,0,0,37.70678767,126.74709339
평택시,2019   ,2019-09-13 01시,야간,금요일,차대사람,기타,,,단일로,기타단일로,승용차,,보행자,,1,0,2,1,0,36.99748921,126.95228877
파주시,2019   ,2019-09-11 20시,야간,수요일,차대사람,횡단중,,,단일로,기타단일로,승용차,,보행자,,1,0,1,0,0,37.85337611,126.78621943
하남시,2019   ,2019-09-11 06시,주간,수요일,차대사람,횡단중,,,교차로,교차로내,승용차,,보행자,,1,0,1,0,0,37.55334268,127.18480857
평택시,2019   ,2019-09-10 19시,야간,화요일,차대사람,기타,,,단일로,기타단일로,승용차,,보행자,,1,0,1,0,0,36.97111677,126.86943191
의정부시,2019   ,2019-09-10 10시,주간,화요일,차대사람,횡단중,,,단일로,기타단일로,화물차,,보행자,,1,0,1,0,0,37.75234287,127.11299522
안산시,2019   ,2019-09-09 06시,주간,월요일,차대차,정면충돌,,,교차로,교차로내,승용차,,개인형이동수단(PM),,1,0,1,0,0,37.31575183,126.82065458
안양시,2019   ,2019-09-08 23시,야간,일요일,차대사람,횡단중,,,교차로,교차로횡단보도내,승용차,,보행자,,1,0,1,0,0,37.40075463,126.94765002
남양주시,2019   ,2019-09-07 21시,야간,토요일,차대사람,횡단중,,,단일로,기타단일로,승용차,,보행자,,1,0,1,0,0,37.56137715,127.23377947
안양시,2019   ,2019-09-07 21시,야간,토요일,차대사람,횡단중,,,교차로,교차로부근,승용차,,보행자,,2,0,2,0,0,37.37035223,126.95758571
김포시,2019   ,2019-09-07 19시,야간,토요일,차대사람,기타,,,단일로,기타단일로,승용차,,보행자,,1,0,1,0,0,37.71072147,126.62254053
용인시,2019   ,2019-09-07 07시,주간,토요일,차대차,측면충돌,,,단일로,기타단일로,화물차,,자전거,,1,0,2,0,1,37.25527524,127.11200036
의왕시,2019   ,2019-09-05 06시,주간,목요일,차대사람,횡단중,,,단일로,기타단일로,화물차,,보행자,,1,0,1,0,0,37.34517001,126.97609071
양평군,2019   ,2019-09-04 20시,야간,수요일,차대사람,횡단중,,,단일로,기타단일로,승용차,,보행자,,1,0,2,0,1,37.49150224,127.53065608
고양시,2019   ,2019-09-03 18시,야간,화요일,차대차,측면충돌,,,교차로,교차로내,승용차,,이륜차,,1,0,1,0,0,37.67193747,126.80496997
평택시,2019   ,2019-09-03 07시,주간,화요일,차량단독,기타,,,단일로,기타단일로,화물차,,없음,,1,0,1,0,0,37.02483142,126.98490939
가평군,2019   ,2019-09-02 21시,야간,월요일,차대차,정면충돌,,,교차로,교차로부근,이륜차,,승용차,,1,0,2,0,1,37.83135600,127.51684129
고양시,2019   ,2019-09-02 19시,야간,월요일,차대차,추돌,,,단일로,기타단일로,승용차,,기타,,1,0,1,0,0,37.72824831,126.84042826
고양시,2019   ,2019-08-31 20시,야간,토요일,차대사람,기타,,,단일로,기타단일로,승합차,,보행자,,1,0,1,0,0,37.68015652,126.89120662
부천시,2019   ,2019-08-30 10시,주간,금요일,차대사람,횡단중,,,교차로,교차로부근,화물차,,보행자,,1,0,1,0,0,37.52286165,126.80473700
용인시,2019   ,2019-08-30 03시,야간,금요일,차대사람,기타,,,단일로,기타단일로,승용차,,보행자,,1,0,1,0,0,37.29466835,127.15028309
성남시,2019   ,2019-08-29 20시,야간,목요일,차대사람,차도통행중,,,단일로,기타단일로,승용차,,보행자,,1,0,1,0,0,37.43303501,127.12523645
안성시,2019   ,2019-08-29 05시,야간,목요일,차대사람,횡단중,,,단일로,기타단일로,승용차,,보행자,,1,0,1,0,0,36.99402822,127.13804175
광주시,2019   ,2019-08-27 14시,주간,화요일,차량단독,기타,,,단일로,기타단일로,이륜차,,없음,,1,0,1,0,0,37.35789079,127.33058436
성남시,2019   ,2019-08-26 19시,야간,월요일,차대사람,횡단중,,,단일로,기타단일로,승용차,,보행자,,1,0,1,0,0,37.42727304,127.12454181
화성시,2019   ,2019-08-26 07시,주간,월요일,차량단독,공작물충돌,,,단일로,기타단일로,이륜차,,없음,,1,0,1,0,0,37.20597359,126.85479399
수원시,2019   ,2019-08-24 22시,야간,토요일,차대사람,횡단중,,,단일로,기타단일로,화물차,,보행자,,1,0,1,0,0,37.26694562,127.00063360
시흥시,2019   ,2019-08-23 21시,야간,금요일,차대사람,횡단중,,,교차로,교차로횡단보도내,승용차,,보행자,,1,0,1,0,0,37.32214938,126.72221233
성남시,2019   ,2019-08-23 02시,야간,금요일,차량단독,공작물충돌,,,교차로,교차로내,승합차,,없음,,1,0,1,0,0,37.37235749,127.10406820
이천시,2019   ,2019-08-22 14시,주간,목요일,차대차,측면충돌,,,교차로,교차로내,이륜차,,승용차,,1,0,2,0,1,37.12462762,127.61471265
수원시,2019   ,2019-08-21 05시,야간,수요일,차대사람,횡단중,,,교차로,교차로횡단보도내,화물차,,보행자,,1,0,1,0,0,37.26790038,127.08186686
고양시,2019   ,2019-08-21 02시,야간,수요일,차량단독,공작물충돌,,,단일로,기타단일로,승용차,,없음,,1,0,1,0,0,37.61048744,126.82088306
수원시,2019   ,2019-08-20 11시,주간,화요일,차대사람,횡단중,,,교차로,교차로횡단보도내,승용차,,보행자,,1,0,1,0,0,37.24912384,127.02667421
수원시,2019   ,2019-08-20 01시,야간,화요일,차대사람,횡단중,,,단일로,기타단일로,승용차,,보행자,,1,0,1,0,0,37.27229967,127.01576878
광주시,2019   ,2019-08-19 15시,주간,월요일,차대사람,기타,,,기타,기타,승용차,,보행자,,1,0,1,0,0,37.39290996,127.23307722
시흥시,2019   ,2019-08-18 19시,야간,일요일,차대사람,횡단중,,,단일로,기타단일로,화물차,,보행자,,1,0,1,0,0,37.43797808,126.80219971
포천시,2019   ,2019-08-15 12시,주간,목요일,차대차,측면충돌,,,교차로,교차로내,승용차,,승용차,,1,3,4,0,0,37.94150211,127.30014811
부천시,2019   ,2019-08-15 05시,야간,목요일,차대차,측면충돌,,,교차로,교차로횡단보도내,자전거,,승용차,,1,0,1,0,0,37.51138193,126.76034171
가평군,2019   ,2019-08-15 01시,야간,목요일,차대사람,횡단중,,,교차로,교차로부근,승용차,,보행자,,1,0,1,0,0,37.68046544,127.37749630
이천시,2019   ,2019-08-14 12시,주간,수요일,차대차,기타,,,교차로,교차로내,승용차,,이륜차,,1,1,2,0,0,37.17661094,127.47339187
고양시,2019   ,2019-08-12 22시,야간,월요일,차대차,측면충돌,,,교차로,교차로내,승합차,,이륜차,,1,0,1,0,0,37.66011118,126.88429570
평택시,2019   ,2019-08-12 12시,주간,월요일,차대차,추돌,,,단일로,기타단일로,화물차,,화물차,,1,0,2,0,1,37.03139038,126.97182267
포천시,2019   ,2019-08-11 05시,야간,일요일,차대사람,횡단중,,,교차로,교차로내,승합차,,보행자,,1,0,1,0,0,37.88837675,127.19542937
안산시,2019   ,2019-08-10 18시,야간,토요일,차량단독,공작물충돌,,,교차로,교차로부근,이륜차,,없음,,1,0,1,0,0,37.30331748,126.86701858
이천시,2019   ,2019-08-10 09시,주간,토요일,차대차,추돌,,,단일로,기타단일로,화물차,,승용차,,1,0,4,0,3,37.27200182,127.39764053
평택시,2019   ,2019-08-10 04시,야간,토요일,차대차,측면충돌,,,교차로,교차로내,자전거,,승합차,,1,0,1,0,0,36.94804333,127.05293778
김포시,2019   ,2019-08-09 21시,야간,금요일,차대차,측면충돌,,,교차로,교차로내,승용차,,이륜차,,1,0,2,0,1,37.70582280,126.56336950
이천시,2019   ,2019-08-06 10시,주간,화요일,차량단독,공작물충돌,,,단일로,기타단일로,승용차,,없음,,1,0,1,0,0,37.33488169,127.48667936
안산시,2019   ,2019-08-05 20시,야간,월요일,차대차,측면충돌,,,교차로,교차로내,화물차,,승용차,,1,1,4,1,1,37.32702435,126.76426348
성남시,2019   ,2019-08-05 12시,주간,월요일,차대차,기타,,,교차로,교차로내,원동기장치자전거,,화물차,,1,0,2,0,1,37.44215863,127.12721110
양평군,2019   ,2019-08-04 08시,주간,일요일,차량단독,공작물충돌,,,단일로,기타단일로,자전거,,없음,,1,0,1,0,0,37.59317432,127.42574773
오산시,2019   ,2019-08-03 13시,주간,토요일,차대차,측면충돌,,,교차로,교차로내,건설기계,,이륜차,,1,0,1,0,0,37.17510541,127.06067156
광주시,2019   ,2019-08-03 11시,주간,토요일,차대차,추돌,,,단일로,기타단일로,승합차,,승용차,,1,4,28,5,18,37.44701203,127.27256734
부천시,2019   ,2019-08-03 05시,야간,토요일,차량단독,기타,,,단일로,기타단일로,화물차,,없음,,1,0,1,0,0,37.53832819,126.80725339
광주시,2019   ,2019-08-02 22시,야간,금요일,차대사람,기타,,,기타,기타,승용차,,보행자,,1,0,1,0,0,37.35056370,127.35160211
파주시,2019   ,2019-07-31 10시,주간,수요일,차량단독,공작물충돌,,,단일로,기타단일로,화물차,,없음,,1,0,1,0,0,37.77968838,126.79714881
포천시,2019   ,2019-07-30 15시,주간,화요일,차대차,측면충돌,,,교차로,교차로부근,승용차,,이륜차,,1,0,1,0,0,37.81836323,127.15930252
부천시,2019   ,2019-07-29 23시,야간,월요일,차대차,정면충돌,,,교차로,교차로내,승용차,,승용차,,1,0,3,0,2,37.52182695,126.79546702
성남시,2019   ,2019-07-29 22시,야간,월요일,차대차,측면충돌,,,교차로,교차로내,이륜차,,승용차,,1,0,3,0,2,37.43060782,127.15398071
평택시,2019   ,2019-07-29 20시,야간,월요일,차대사람,기타,,,교차로,교차로내,승용차,,보행자,,1,0,1,0,0,36.96653735,127.05679525
고양시,2019   ,2019-07-26 00시,야간,금요일,차대사람,횡단중,,,단일로,기타단일로,승합차,,보행자,,1,0,1,0,0,37.67680467,126.75621904
이천시,2019   ,2019-07-25 07시,주간,목요일,차대차,기타,,,단일로,기타단일로,화물차,,화물차,,1,0,1,0,0,37.23765545,127.44878148
시흥시,2019   ,2019-07-25 00시,야간,목요일,차대차,추돌,,,단일로,교량위,특수차,,승용차,,2,2,9,0,5,37.37509610,126.76744229
화성시,2019   ,2019-07-24 13시,주간,수요일,차대사람,횡단중,,,단일로,기타단일로,건설기계,,보행자,,1,0,1,0,0,37.21308748,126.73684634
포천시,2019   ,2019-07-24 13시,주간,수요일,차대차,정면충돌,,,단일로,기타단일로,화물차,,화물차,,1,1,3,0,1,37.83666271,127.15717273
시흥시,2019   ,2019-07-23 08시,주간,화요일,차대사람,기타,,,교차로,교차로내,화물차,,보행자,,1,0,1,0,0,37.34498484,126.73523121
시흥시,2019   ,2019-07-22 20시,야간,월요일,차대사람,기타,,,단일로,기타단일로,승용차,,보행자,,2,0,2,0,0,37.39814421,126.84587426
용인시,2019   ,2019-07-22 19시,야간,월요일,차대사람,횡단중,,,단일로,기타단일로,승합차,,보행자,,1,0,1,0,0,37.34270847,127.09796937
김포시,2019   ,2019-07-22 15시,주간,월요일,차대차,추돌,,,단일로,기타단일로,승용차,,화물차,,1,0,1,0,0,37.60899839,126.77805878
용인시,2019   ,2019-07-22 07시,주간,월요일,차량단독,공작물충돌,,,단일로,기타단일로,이륜차,,없음,,1,0,1,0,0,37.25574145,127.20850485
구리시,2019   ,2019-07-21 02시,야간,일요일,차대사람,기타,,,단일로,기타단일로,승용차,,보행자,,1,0,1,0,0,37.60383088,127.14779861
김포시,2019   ,2019-07-18 11시,주간,목요일,차대차,추돌,,,단일로,기타단일로,승용차,,승용차,,1,0,3,2,0,37.69529059,126.66339760
김포시,2019   ,2019-07-17 21시,야간,수요일,차대사람,횡단중,,,교차로,교차로부근,승용차,,보행자,,1,0,1,0,0,37.72454645,126.53696719
평택시,2019   ,2019-07-17 12시,주간,수요일,차대차,추돌,,,교차로,교차로부근,승용차,,화물차,,1,1,5,0,3,37.00606047,126.96583860
광주시,2019   ,2019-07-17 00시,야간,수요일,차대차,추돌,,,단일로,기타단일로,화물차,,개인형이동수단(PM),,1,0,1,0,0,37.47129307,127.29106340
화성시,2019   ,2019-07-15 04시,야간,월요일,차량단독,공작물충돌,,,단일로,기타단일로,승용차,,없음,,1,0,1,0,0,37.15052697,126.89202138
김포시,2019   ,2019-07-12 22시,야간,금요일,차대사람,기타,,,단일로,기타단일로,승용차,,보행자,,1,0,1,0,0,37.66151889,126.65967254
평택시,2019   ,2019-07-12 12시,주간,금요일,차대차,추돌,,,단일로,기타단일로,화물차,,화물차,,1,0,2,1,0,37.03385578,126.96879225
성남시,2019   ,2019-07-10 09시,주간,수요일,차대사람,기타,,,교차로,교차로내,승용차,,보행자,,1,0,1,0,0,37.44328397,127.14282095
양평군,2019   ,2019-07-10 07시,주간,수요일,차대차,기타,,,단일로,기타단일로,화물차,,승합차,,1,0,1,0,0,37.48364741,127.56319467
고양시,2019   ,2019-07-08 18시,야간,월요일,차대차,측면충돌,,,교차로,교차로내,승용차,,자전거,,1,0,1,0,0,37.68563268,126.73155414
남양주시,2019   ,2019-07-07 09시,주간,일요일,차대사람,횡단중,,,교차로,교차로횡단보도내,승용차,,보행자,,1,0,1,0,0,37.71309689,127.19867836
의왕시,2019   ,2019-07-07 04시,야간,일요일,차대차,추돌,,,단일로,기타단일로,승용차,,화물차,,1,0,1,0,0,37.32254276,126.96344872
김포시,2019   ,2019-07-06 16시,주간,토요일,차량단독,공작물충돌,,,단일로,기타단일로,이륜차,,없음,,1,0,1,0,0,37.68131873,126.55239383
의정부시,2019   ,2019-07-06 12시,주간,토요일,차대차,정면충돌,,,단일로,기타단일로,승용차,,승용차,,1,0,3,1,1,37.75011402,127.03497745
평택시,2019   ,2019-07-06 08시,주간,토요일,차량단독,도로이탈 추락,,,단일로,기타단일로,이륜차,,없음,,1,0,1,0,0,37.03759342,127.01430601
양주시,2019   ,2019-07-05 18시,야간,금요일,차량단독,공작물충돌,,,교차로,교차로부근,승용차,,없음,,1,0,1,0,0,37.89407461,126.99426632
안성시,2019   ,2019-07-03 10시,주간,수요일,차대차,추돌,,,기타,기타,화물차,,화물차,,1,1,2,0,0,37.10604980,127.21839829
안산시,2019   ,2019-07-02 19시,야간,화요일,차대사람,횡단중,,,교차로,교차로횡단보도내,승합차,,보행자,,1,0,1,0,0,37.29015012,126.87244264
평택시,2019   ,2019-07-02 15시,주간,화요일,차량단독,전복,,,기타,기타,농기계,,없음,,1,0,1,0,0,37.01521975,126.98851522
시흥시,2019   ,2019-07-01 16시,주간,월요일,차대차,추돌,,,단일로,기타단일로,이륜차,,승용차,,1,0,3,0,2,37.32593112,126.65840160
파주시,2019   ,2019-06-30 06시,주간,일요일,차량단독,공작물충돌,,,교차로,교차로부근,승용차,,없음,,1,0,1,0,0,37.75321572,126.75299145
포천시,2019   ,2019-06-29 12시,주간,토요일,차대차,기타,,,교차로,교차로내,승용차,,승용차,,1,1,3,0,1,37.94280475,127.31066519
하남시,2019   ,2019-06-29 04시,야간,토요일,차량단독,공작물충돌,,,단일로,기타단일로,이륜차,,없음,,1,0,2,0,1,37.54891897,127.21763498
의정부시,2019   ,2019-06-29 02시,야간,토요일,차대사람,횡단중,,,단일로,기타단일로,승용차,,보행자,,1,0,1,0,0,37.73718756,127.09567547
양평군,2019   ,2019-06-28 12시,주간,금요일,차량단독,전도,,,단일로,기타단일로,화물차,,없음,,1,0,1,0,0,37.41832507,127.67789195
파주시,2019   ,2019-06-27 20시,야간,목요일,차대사람,횡단중,,,교차로,교차로횡단보도내,원동기장치자전거,,보행자,,1,0,1,0,0,37.72494696,126.75099465
하남시,2019   ,2019-06-26 18시,야간,수요일,차량단독,공작물충돌,,,단일로,기타단일로,승용차,,없음,,1,0,1,0,0,37.56477420,127.19953723
의왕시,2019   ,2019-06-24 13시,주간,월요일,차대차,기타,,,교차로,교차로횡단보도내,승합차,,자전거,,1,0,1,0,0,37.36003882,126.96713419
여주시,2019   ,2019-06-22 22시,야간,토요일,차대차,추돌,,,단일로,기타단일로,승용차,,승용차,,1,1,3,0,1,37.37840034,127.51644581
가평군,2019   ,2019-06-22 20시,야간,토요일,차량단독,도로이탈 추락,,,단일로,기타단일로,사륜오토바이(ATV),,없음,,1,0,1,0,0,37.69914976,127.37711391
평택시,2019   ,2019-06-22 13시,주간,토요일,차량단독,공작물충돌,,,기타,기타,화물차,,없음,,1,0,1,0,0,37.05180301,127.09695610
남양주시,2019   ,2019-06-22 05시,야간,토요일,차량단독,전도,,,단일로,기타단일로,자전거,,없음,,1,0,1,0,0,37.67353153,127.16006786
평택시,2019   ,2019-06-22 03시,야간,토요일,차대차,정면충돌,,,단일로,기타단일로,이륜차,,승용차,,1,1,2,0,0,37.01375362,127.07124680
양평군,2019   ,2019-06-21 15시,주간,금요일,차량단독,기타,,,단일로,기타단일로,건설기계,,없음,,1,0,1,0,0,37.58278912,127.45950954
남양주시,2019   ,2019-06-20 15시,주간,목요일,차대차,정면충돌,,,단일로,기타단일로,승용차,,승용차,,1,2,3,0,0,37.75074825,127.22570128
평택시,2019   ,2019-06-19 17시,주간,수요일,차대사람,기타,,,교차로,교차로내,승합차,,보행자,,1,0,1,0,0,37.07924226,127.05169608
평택시,2019   ,2019-06-18 06시,주간,화요일,차대차,추돌,,,단일로,기타단일로,승용차,,화물차,,1,0,1,0,0,36.97456410,126.84028225
평택시,2019   ,2019-06-18 01시,야간,화요일,차대사람,기타,,,단일로,기타단일로,승용차,,보행자,,1,0,1,0,0,37.01271522,127.01241855
이천시,2019   ,2019-06-18 01시,야간,화요일,차대사람,기타,,,단일로,기타단일로,화물차,,보행자,,1,0,1,0,0,37.18189969,127.44124849
화성시,2019   ,2019-06-17 21시,야간,월요일,차대사람,횡단중,,,단일로,기타단일로,화물차,,보행자,,1,0,1,0,0,37.21744289,127.02974634
하남시,2019   ,2019-06-17 20시,야간,월요일,차대차,측면충돌,,,단일로,기타단일로,화물차,,이륜차,,1,0,1,0,0,37.53024099,127.22064809
파주시,2019   ,2019-06-17 07시,주간,월요일,차대차,추돌,,,단일로,기타단일로,승합차,,승합차,,1,0,12,5,6,37.84560600,126.86473030
의왕시,2019   ,2019-06-16 23시,야간,일요일,차량단독,공작물충돌,,,단일로,기타단일로,승용차,,없음,,1,0,1,0,0,37.36071990,126.99288739
여주시,2019   ,2019-06-16 17시,주간,일요일,차대차,추돌,,,교차로,교차로내,승용차,,화물차,,1,0,1,0,0,37.19409677,127.55680039
수원시,2019   ,2019-06-15 16시,주간,토요일,차대차,추돌,,,단일로,기타단일로,이륜차,,승용차,,1,0,2,0,1,37.26143197,127.03223600
광명시,2019   ,2019-06-15 13시,주간,토요일,차대사람,기타,,,교차로,교차로내,승합차,,보행자,,1,0,1,0,0,37.47333069,126.85166132
남양주시,2019   ,2019-06-14 01시,야간,금요일,차대차,정면충돌,,,단일로,기타단일로,승용차,,화물차,,1,0,2,1,0,37.63106449,127.31624153
김포시,2019   ,2019-06-13 09시,주간,목요일,차대차,측면충돌,,,교차로,교차로부근,이륜차,,승용차,,1,0,1,0,0,37.63007559,126.71112669
고양시,2019   ,2019-06-13 00시,야간,목요일,차대사람,횡단중,,,단일로,기타단일로,승용차,,보행자,,1,0,1,0,0,37.67642812,126.74659516
평택시,2019   ,2019-06-12 12시,주간,수요일,차량단독,전도,,,교차로,교차로부근,자전거,,없음,,1,0,1,0,0,36.99507412,127.10179590
고양시,2019   ,2019-06-10 22시,야간,월요일,차대차,측면충돌,,,교차로,교차로내,승합차,,자전거,,1,0,1,0,0,37.69653556,126.74785498
평택시,2019   ,2019-06-09 11시,주간,일요일,차대차,정면충돌,,,교차로,교차로내,승용차,,화물차,,1,2,3,0,0,36.96842113,126.86261255
동두천시,2019   ,2019-06-09 09시,주간,일요일,차대사람,보도통행중,,,교차로,교차로횡단보도내,승합차,,보행자,,1,0,1,0,0,37.90870469,127.04792766
양평군,2019   ,2019-06-09 09시,주간,일요일,차량단독,기타,,,단일로,기타단일로,자전거,,없음,,1,0,1,0,0,37.44251526,127.51825729
화성시,2019   ,2019-06-08 21시,야간,토요일,차량단독,공작물충돌,,,단일로,기타단일로,화물차,,없음,,1,1,3,0,1,37.17662406,126.70633645
남양주시,2019   ,2019-06-08 14시,주간,토요일,차대차,측면충돌,,,교차로,교차로내,승용차,,승용차,,1,0,4,0,3,37.58653650,127.21556743
평택시,2019   ,2019-06-07 12시,주간,금요일,차대차,측면충돌,,,단일로,기타단일로,승용차,,승용차,,1,3,10,1,5,37.12549963,127.09930685
하남시,2019   ,2019-06-07 08시,주간,금요일,차대사람,횡단중,,,교차로,교차로횡단보도내,화물차,,보행자,,1,0,1,0,0,37.51620539,127.14916137
양주시,2019   ,2019-06-07 04시,야간,금요일,차대사람,차도통행중,,,단일로,기타단일로,건설기계,,보행자,,1,0,1,0,0,37.83206123,126.99548540
용인시,2019   ,2019-06-06 19시,야간,목요일,차량단독,공작물충돌,,,교차로,교차로부근,승용차,,없음,,1,0,1,0,0,37.22724469,127.21079018
파주시,2019   ,2019-06-05 20시,야간,수요일,차대차,측면충돌,,,단일로,기타단일로,승용차,,승합차,,2,2,4,0,0,37.80000901,126.78900508
평택시,2019   ,2019-06-05 07시,주간,수요일,차대사람,기타,,,기타,기타,승용차,,보행자,,1,0,1,0,0,37.00465291,127.03628666
평택시,2019   ,2019-06-04 20시,야간,화요일,차대차,추돌,,,단일로,기타단일로,이륜차,,농기계,,1,1,2,0,0,37.01570336,127.04767430
안산시,2019   ,2019-06-02 21시,야간,일요일,차대차,측면충돌,,,교차로,교차로내,승합차,,승용차,,1,0,1,0,0,37.32763016,126.80944087
이천시,2019   ,2019-05-30 21시,야간,목요일,차대사람,횡단중,,,교차로,교차로부근,승합차,,보행자,,2,1,4,0,1,37.24469856,127.43662204
하남시,2019   ,2019-05-28 17시,주간,화요일,차대사람,횡단중,,,단일로,기타단일로,승용차,,보행자,,1,0,1,0,0,37.54080206,127.22714011
광명시,2019   ,2019-05-27 04시,야간,월요일,차대차,기타,,,교차로,교차로내,승용차,,화물차,,1,0,1,0,0,37.48278322,126.85595011
화성시,2019   ,2019-05-26 02시,야간,일요일,차대사람,횡단중,,,교차로,교차로횡단보도내,승용차,,보행자,,1,0,1,0,0,37.12197140,126.91919865
평택시,2019   ,2019-05-26 01시,야간,일요일,차대사람,횡단중,,,교차로,교차로내,승용차,,보행자,,1,0,1,0,0,37.06436863,127.06375189
연천군,2019   ,2019-05-26 00시,야간,일요일,차량단독,전도,,,교차로,교차로부근,건설기계,,없음,,1,0,1,0,0,38.05814941,127.02347137
부천시,2019   ,2019-05-25 23시,야간,토요일,차대사람,횡단중,,,단일로,기타단일로,승용차,,보행자,,1,0,1,0,0,37.48838203,126.75642855
의왕시,2019   ,2019-05-25 00시,야간,토요일,차대사람,차도통행중,,,단일로,터널안,화물차,,보행자,,1,0,1,0,0,37.39468090,127.03840239
남양주시,2019   ,2019-05-24 18시,야간,금요일,차대차,정면충돌,,,교차로,교차로내,사륜오토바이(ATV),,승합차,,1,0,1,0,0,37.64198887,127.20159551
안산시,2019   ,2019-05-24 17시,주간,금요일,차대사람,기타,,,교차로,교차로내,화물차,,보행자,,1,0,1,0,0,37.30473379,126.90189682
남양주시,2019   ,2019-05-24 15시,주간,금요일,차대차,측면충돌,,,단일로,기타단일로,승용차,,화물차,,1,2,3,0,0,37.64740989,127.33099448
안산시,2019   ,2019-05-23 20시,야간,목요일,차대차,추돌,,,교차로,교차로내,승합차,,자전거,,1,0,1,0,0,37.32944196,126.78665713
여주시,2019   ,2019-05-23 19시,야간,목요일,차대사람,기타,,,단일로,기타단일로,승용차,,보행자,,1,0,1,0,0,37.19354069,127.55062533
포천시,2019   ,2019-05-23 10시,주간,목요일,차대사람,횡단중,,,교차로,교차로내,건설기계,,보행자,,1,0,1,0,0,37.86112363,127.16007209
파주시,2019   ,2019-05-22 10시,주간,수요일,차대차,추돌,,,단일로,기타단일로,승용차,,화물차,,1,1,3,0,1,37.69767528,126.70586230
김포시,2019   ,2019-05-22 07시,주간,수요일,차대차,기타,,,단일로,기타단일로,이륜차,,승용차,,1,0,1,0,0,37.66326643,126.62119470
고양시,2019   ,2019-05-21 02시,야간,화요일,차대차,측면충돌,,,교차로,교차로부근,승용차,,승용차,,1,3,4,0,0,37.69141755,126.77690885
안성시,2019   ,2019-05-20 18시,야간,월요일,차량단독,전도,,,교차로,교차로내,사륜오토바이(ATV),,없음,,1,0,1,0,0,37.08805070,127.43751784
여주시,2019   ,2019-05-20 11시,주간,월요일,차대차,기타,,,교차로,교차로내,승용차,,자전거,,1,0,1,0,0,37.17239977,127.65676744
의왕시,2019   ,2019-05-20 11시,주간,월요일,차대사람,횡단중,,,교차로,교차로횡단보도내,화물차,,보행자,,1,0,1,0,0,37.38411184,126.97865517
성남시,2019   ,2019-05-20 05시,야간,월요일,차량단독,공작물충돌,,,단일로,기타단일로,이륜차,,없음,,1,0,1,0,0,37.40210925,127.12821519
남양주시,2019   ,2019-05-19 21시,야간,일요일,차대사람,기타,,,단일로,기타단일로,화물차,,보행자,,1,0,1,0,0,37.70282680,127.17026869