시군명,발생년도,발생일자,주야구분명,사고요일,사고유형_대분류,사고유형,법규위반대분류명,법규위반내용,도로형태_대분류,도로형태,가해자 당사자 종별,당사자1_차종,피해자 당사자 종별,당사자2_차종,사망자수,중상자수,부상자수,부상신고자수,경상자수,WGS84위도,WGS84경도
광주시,2019   ,2019-05-19 00시,야간,일요일,차대사람,횡단중,,,단일로,기타단일로,승용차,,보행자,,1,0,1,0,0,37.34951358,127.35523983
양주시,2019   ,2019-05-18 17시,주간,토요일,차량단독,기타,,,단일로,기타단일로,이륜차,,없음,,1,0,1,0,0,37.70120520,126.97018058
여주시,2019   ,2019-05-18 03시,야간,토요일,차대차,정면충돌,,,단일로,기타단일로,승용차,,승용차,,1,1,2,0,0,37.34672592,127.61395449
이천시,2019   ,2019-05-18 01시,야간,토요일,차대차,추돌,,,단일로,기타단일로,승용차,,화물차,,1,0,2,0,1,37.24090073,127.41475241
화성시,2019   ,2019-05-17 00시,야간,금요일,차대차,기타,,,단일로,기타단일로,승용차,,승용차,,1,0,1,0,0,37.21267165,127.03130872
화성시,2019   ,2019-05-16 02시,야간,목요일,차량단독,공작물충돌,,,단일로,기타단일로,화물차,,없음,,1,1,2,0,0,37.25044717,126.88333759
시흥시,2019   ,2019-05-15 23시,야간,수요일,차대차,측면충돌,,,교차로,교차로내,이륜차,,승합차,,1,0,1,0,0,37.34302761,126.70764794
양평군,2019   ,2019-05-15 15시,주간,수요일,차대차,추돌,,,단일로,기타단일로,화물차,,화물차,,1,0,2,0,1,37.48018163,127.63357696
이천시,2019   ,2019-05-15 10시,주간,수요일,차대사람,기타,,,단일로,기타단일로,화물차,,보행자,,1,0,1,0,0,37.23159080,127.43423181
여주시,2019   ,2019-05-14 16시,주간,화요일,차대사람,기타,,,단일로,기타단일로,화물차,,보행자,,1,0,1,0,0,37.35910352,127.63791287
성남시,2019   ,2019-05-14 14시,주간,화요일,차대사람,횡단중,,,교차로,교차로횡단보도내,승합차,,보행자,,1,0,1,0,0,37.43371570,127.15955031
수원시,2019   ,2019-05-13 20시,야간,월요일,차대차,측면충돌,,,교차로,교차로내,승용차,,이륜차,,1,0,3,0,2,37.27514302,126.95646485
이천시,2019   ,2019-05-13 18시,야간,월요일,차대차,측면충돌,,,단일로,기타단일로,화물차,,이륜차,,1,0,1,0,0,37.30742153,127.53243186
고양시,2019   ,2019-05-13 13시,주간,월요일,차대사람,횡단중,,,단일로,기타단일로,화물차,,보행자,,1,0,1,0,0,37.65361945,126.89432551
포천시,2019   ,2019-05-13 11시,주간,월요일,차대차,측면충돌,,,단일로,기타단일로,원동기장치자전거,,승용차,,1,1,2,0,0,37.93255150,127.22632781
평택시,2019   ,2019-05-13 10시,주간,월요일,차대사람,횡단중,,,단일로,기타단일로,건설기계,,보행자,,1,0,1,0,0,36.97610289,127.07690727
평택시,2019   ,2019-05-10 15시,주간,금요일,차대차,기타,,,교차로,교차로내,원동기장치자전거,,승용차,,1,0,2,0,1,36.98293279,126.93344870
광주시,2019   ,2019-05-09 21시,야간,목요일,차대사람,횡단중,,,단일로,기타단일로,승용차,,보행자,,1,0,2,0,1,37.45925077,127.25363575
오산시,2019   ,2019-05-09 13시,주간,목요일,차대사람,횡단중,,,교차로,교차로횡단보도내,화물차,,보행자,,1,0,1,0,0,37.14644407,127.06900128
포천시,2019   ,2019-05-08 17시,주간,수요일,차대차,측면충돌,,,교차로,교차로내,승용차,,자전거,,1,0,1,0,0,37.81949456,127.15166204
고양시,2019   ,2019-05-08 02시,야간,수요일,차대차,추돌,,,단일로,기타단일로,이륜차,,특수차,,1,0,1,0,0,37.68273563,126.89848916
동두천시,2019   ,2019-05-07 16시,주간,화요일,차대차,측면충돌,,,교차로,교차로내,원동기장치자전거,,승용차,,1,0,1,0,0,37.90488463,127.05065831
김포시,2019   ,2019-05-07 15시,주간,화요일,차대차,기타,,,단일로,기타단일로,승용차,,자전거,,1,0,1,0,0,37.59440478,126.72667093
하남시,2019   ,2019-05-07 13시,주간,화요일,차대사람,횡단중,,,교차로,교차로횡단보도내,화물차,,보행자,,1,0,1,0,0,37.53450888,127.22640469
구리시,2019   ,2019-05-07 05시,야간,화요일,차량단독,기타,,,단일로,기타단일로,이륜차,,없음,,1,0,1,0,0,37.60056250,127.11987760
성남시,2019   ,2019-05-06 05시,야간,월요일,차량단독,기타,,,단일로,기타단일로,이륜차,,없음,,1,0,1,0,0,37.41129384,127.17062419
김포시,2019   ,2019-05-06 03시,야간,월요일,차대차,추돌,,,단일로,기타단일로,승용차,,승용차,,1,0,1,0,0,37.58454598,126.79458185
안산시,2019   ,2019-05-05 21시,야간,일요일,차량단독,기타,,,단일로,기타단일로,개인형이동수단(PM),,없음,,1,0,1,0,0,37.30831281,126.83606843
연천군,2019   ,2019-05-05 20시,야간,일요일,차대사람,길가장자리구역통행중,,,단일로,기타단일로,승용차,,보행자,,1,0,1,0,0,38.23639960,127.15443585
화성시,2019   ,2019-05-05 01시,야간,일요일,차대사람,횡단중,,,교차로,교차로내,이륜차,,보행자,,1,0,1,0,0,37.21236422,127.03794883
용인시,2019   ,2019-05-04 15시,주간,토요일,차대차,추돌,,,교차로,교차로부근,화물차,,화물차,,1,1,2,0,0,37.17054519,127.35946807
안양시,2019   ,2019-05-04 01시,야간,토요일,차대차,추돌,,,단일로,기타단일로,이륜차,,승용차,,1,0,1,0,0,37.39461903,126.92924625
수원시,2019   ,2019-05-03 03시,야간,금요일,차대사람,횡단중,,,교차로,교차로부근,승용차,,보행자,,1,0,1,0,0,37.28366225,126.98080415
용인시,2019   ,2019-05-03 02시,야간,금요일,차대사람,기타,,,교차로,교차로내,승용차,,보행자,,1,0,1,0,0,37.24650658,127.07577234
부천시,2019   ,2019-05-02 01시,야간,목요일,차대사람,기타,,,단일로,기타단일로,승용차,,보행자,,1,0,1,0,0,37.47665192,126.79556336
용인시,2019   ,2019-05-01 22시,야간,수요일,차대사람,횡단중,,,기타,기타,승용차,,보행자,,1,0,1,0,0,37.33478897,127.16260495
하남시,2019   ,2019-05-01 20시,야간,수요일,차대차,정면충돌,,,교차로,교차로내,승용차,,이륜차,,1,0,1,0,0,37.54524822,127.20564932
평택시,2019   ,2019-04-30 17시,주간,화요일,차대차,측면충돌,,,교차로,교차로내,승용차,,승용차,,1,0,3,0,2,36.94065359,126.94644067
용인시,2019   ,2019-04-30 04시,야간,화요일,차대사람,차도통행중,,,단일로,기타단일로,화물차,,보행자,,1,0,1,0,0,37.29075742,127.08892703
평택시,2019   ,2019-04-29 11시,주간,월요일,차대차,기타,,,단일로,기타단일로,이륜차,,화물차,,1,0,1,0,0,37.03971740,126.95539272
성남시,2019   ,2019-04-26 21시,야간,금요일,차대차,추돌,,,단일로,기타단일로,화물차,,승용차,,1,1,4,1,1,37.40942402,127.09137565
용인시,2019   ,2019-04-26 20시,야간,금요일,차대사람,횡단중,,,단일로,기타단일로,승용차,,보행자,,1,0,1,0,0,37.22876805,127.21078436
이천시,2019   ,2019-04-26 09시,주간,금요일,차대차,기타,,,교차로,교차로내,자전거,,승용차,,1,0,1,0,0,37.27737280,127.45239805
수원시,2019   ,2019-04-25 05시,야간,목요일,차량단독,기타,,,단일로,기타단일로,이륜차,,없음,,1,0,1,0,0,37.27354231,126.96520659
부천시,2019   ,2019-04-23 10시,주간,화요일,차대차,측면충돌,,,교차로,교차로내,자전거,,승용차,,1,0,1,0,0,37.49539337,126.77070335
의정부시,2019   ,2019-04-22 22시,야간,월요일,차대사람,기타,,,단일로,기타단일로,승용차,,보행자,,1,0,1,0,0,37.74726053,127.10787970
하남시,2019   ,2019-04-22 08시,주간,월요일,차대사람,기타,,,교차로,교차로부근,승용차,,보행자,,1,0,1,0,0,37.55518361,127.19246566
남양주시,2019   ,2019-04-20 15시,주간,토요일,차량단독,기타,,,단일로,기타단일로,승용차,,없음,,1,1,2,0,0,37.65202386,127.27159214
성남시,2019   ,2019-04-20 00시,야간,토요일,차대사람,횡단중,,,단일로,기타단일로,승용차,,보행자,,1,0,1,0,0,37.46168270,127.14341191
남양주시,2019   ,2019-04-19 06시,주간,금요일,차대사람,차도통행중,,,교차로,교차로내,건설기계,,보행자,,1,0,1,0,0,37.56134102,127.23374563
부천시,2019   ,2019-04-19 05시,야간,금요일,차대차,추돌,,,단일로,기타단일로,화물차,,화물차,,1,0,3,0,2,37.52352665,126.82159743
시흥시,2019   ,2019-04-19 03시,야간,금요일,차대차,정면충돌,,,교차로,교차로내,승용차,,승용차,,2,0,2,0,0,37.34720673,126.73593125
고양시,2019   ,2019-04-18 17시,주간,목요일,차대차,추돌,,,교차로,교차로부근,이륜차,,화물차,,1,0,1,0,0,37.70024207,126.82884505
남양주시,2019   ,2019-04-18 00시,야간,목요일,차량단독,전도,,,단일로,기타단일로,승용차,,없음,,1,0,1,0,0,37.54327859,127.25059743
안성시,2019   ,2019-04-16 22시,야간,화요일,차대사람,기타,,,단일로,기타단일로,승용차,,보행자,,1,0,1,0,0,36.99243925,127.15570612
안성시,2019   ,2019-04-16 17시,주간,화요일,차량단독,전도,,,단일로,기타단일로,사륜오토바이(ATV),,없음,,1,0,1,0,0,37.07110630,127.13426945
광주시,2019   ,2019-04-16 12시,주간,화요일,차대사람,횡단중,,,단일로,기타단일로,승용차,,보행자,,1,0,1,0,0,37.47153371,127.30530098
수원시,2019   ,2019-04-16 07시,주간,화요일,차대사람,횡단중,,,교차로,교차로횡단보도내,승합차,,보행자,,1,0,1,0,0,37.24546848,127.05330661
이천시,2019   ,2019-04-15 15시,주간,월요일,차대차,정면충돌,,,단일로,기타단일로,승용차,,승합차,,1,0,3,0,2,37.12530330,127.52066873
여주시,2019   ,2019-04-14 14시,주간,일요일,차대차,추돌,,,단일로,기타단일로,승용차,,승용차,,1,1,3,0,1,37.20454112,127.61173445
파주시,2019   ,2019-04-14 13시,주간,일요일,차대차,정면충돌,,,교차로,교차로부근,승용차,,이륜차,,1,0,1,0,0,37.88388350,126.79196346
양주시,2019   ,2019-04-13 15시,주간,토요일,차대차,기타,,,단일로,기타단일로,승용차,,자전거,,1,0,1,0,0,37.83527316,127.06892300
이천시,2019   ,2019-04-12 22시,야간,금요일,차대차,추돌,,,단일로,기타단일로,승용차,,승용차,,1,1,4,0,2,37.27346073,127.39607070
시흥시,2019   ,2019-04-12 08시,주간,금요일,차대차,측면충돌,,,교차로,교차로내,승용차,,화물차,,1,0,1,0,0,37.31640561,126.70696821
하남시,2019   ,2019-04-12 02시,야간,금요일,차대차,추돌,,,단일로,기타단일로,화물차,,특수차,,1,0,3,0,2,37.48557034,127.24081285
성남시,2019   ,2019-04-11 23시,야간,목요일,차대사람,횡단중,,,교차로,교차로횡단보도내,승용차,,보행자,,1,0,1,0,0,37.40982214,127.12729569
시흥시,2019   ,2019-04-11 19시,야간,목요일,차대차,정면충돌,,,단일로,기타단일로,승용차,,화물차,,1,0,1,0,0,37.39034260,126.86989127
시흥시,2019   ,2019-04-10 17시,주간,수요일,차대차,기타,,,단일로,기타단일로,화물차,,승용차,,1,0,3,0,2,37.43696000,126.81615803
광명시,2019   ,2019-04-10 00시,야간,수요일,차량단독,공작물충돌,,,교차로,교차로내,승용차,,없음,,1,0,1,0,0,37.42943952,126.88101333
평택시,2019   ,2019-04-09 21시,야간,화요일,차대사람,차도통행중,,,단일로,기타단일로,승용차,,보행자,,1,0,1,0,0,37.02422672,127.09917044
남양주시,2019   ,2019-04-09 01시,야간,화요일,차대차,정면충돌,,,단일로,기타단일로,이륜차,,승용차,,1,0,2,0,1,37.63968963,127.15194787
안양시,2019   ,2019-04-09 01시,야간,화요일,차대차,추돌,,,단일로,기타단일로,승용차,,기타,,1,0,1,0,0,37.38337061,126.93880869
부천시,2019   ,2019-04-08 11시,주간,월요일,차대차,측면충돌,,,교차로,교차로내,자전거,,승용차,,1,0,1,0,0,37.48781903,126.78346840
화성시,2019   ,2019-04-08 05시,야간,월요일,차대사람,횡단중,,,교차로,교차로내,승용차,,보행자,,1,0,1,0,0,37.21269614,127.03754107
광주시,2019   ,2019-04-07 14시,주간,일요일,차량단독,도로이탈 기타,,,단일로,기타단일로,이륜차,,없음,,1,0,1,0,0,37.46423416,127.24458425
양주시,2019   ,2019-04-06 20시,야간,토요일,차대사람,횡단중,,,교차로,교차로내,승용차,,보행자,,1,0,1,0,0,37.79026905,126.97118074
고양시,2019   ,2019-04-06 02시,야간,토요일,차량단독,공작물충돌,,,단일로,기타단일로,이륜차,,없음,,1,0,1,0,0,37.64638168,126.79080084
수원시,2019   ,2019-04-05 23시,야간,금요일,차대사람,횡단중,,,교차로,교차로횡단보도내,특수차,,보행자,,1,0,1,0,0,37.26365988,127.00813256
용인시,2019   ,2019-04-05 14시,주간,금요일,차대차,기타,,,단일로,기타단일로,건설기계,,승용차,,1,0,17,15,1,37.32983517,127.10366610
수원시,2019   ,2019-04-05 13시,주간,금요일,차량단독,전도,,,단일로,기타단일로,이륜차,,없음,,1,0,2,0,1,37.24802922,126.97040458
파주시,2019   ,2019-04-05 12시,주간,금요일,차대사람,횡단중,,,단일로,기타단일로,승용차,,보행자,,1,0,1,0,0,37.84898644,126.87494244
남양주시,2019   ,2019-04-05 03시,야간,금요일,차대차,추돌,,,교차로,교차로내,화물차,,승용차,,1,2,4,0,1,37.66801812,127.13388884
시흥시,2019   ,2019-04-04 19시,야간,목요일,차대사람,횡단중,,,단일로,기타단일로,이륜차,,보행자,,1,0,1,0,0,37.33764116,126.74544304
안성시,2019   ,2019-04-04 19시,야간,목요일,차대차,정면충돌,,,단일로,기타단일로,이륜차,,승용차,,1,0,2,0,1,37.05214736,127.43885190
용인시,2019   ,2019-04-04 09시,주간,목요일,차대차,기타,,,단일로,기타단일로,화물차,,자전거,,1,0,1,0,0,37.24135367,127.26550756
용인시,2019   ,2019-04-02 05시,야간,화요일,차대차,추돌,,,교차로,교차로내,화물차,,화물차,,1,0,2,0,1,37.14119317,127.39213083
가평군,2019   ,2019-04-01 19시,야간,월요일,차량단독,기타,,,단일로,기타단일로,승용차,,없음,,1,0,1,0,0,37.70887116,127.46583971
이천시,2019   ,2019-04-01 13시,주간,월요일,차대사람,횡단중,,,교차로,교차로횡단보도내,승용차,,보행자,,1,0,1,0,0,37.28632277,127.45013613
용인시,2019   ,2019-03-31 21시,야간,일요일,차대차,측면충돌,,,단일로,기타단일로,승용차,,화물차,,1,0,1,0,0,37.23064649,127.23141820
안양시,2019   ,2019-03-31 12시,주간,일요일,차량단독,공작물충돌,,,단일로,기타단일로,승용차,,없음,,1,0,1,0,0,37.38202257,126.96695608
용인시,2019   ,2019-03-31 05시,야간,일요일,차대사람,차도통행중,,,단일로,고가도로위,승합차,,보행자,,1,0,1,0,0,37.23302712,127.20891925
안성시,2019   ,2019-03-30 15시,주간,토요일,차대차,기타,,,단일로,기타단일로,화물차,,승합차,,1,0,6,0,5,36.99403056,127.15424924
부천시,2019   ,2019-03-29 23시,야간,금요일,차대사람,횡단중,,,단일로,기타단일로,승용차,,보행자,,1,0,1,0,0,37.48858309,126.75258065
용인시,2019   ,2019-03-29 22시,야간,금요일,차대차,기타,,,단일로,기타단일로,승용차,,승합차,,1,1,9,3,4,37.31371730,127.10254771
이천시,2019   ,2019-03-29 19시,야간,금요일,차대사람,횡단중,,,교차로,교차로내,승용차,,보행자,,1,0,1,0,0,37.19019488,127.47174211
성남시,2019   ,2019-03-29 06시,주간,금요일,차대차,측면충돌,,,교차로,교차로내,승용차,,승합차,,1,0,6,5,0,37.36354692,127.10825899
포천시,2019   ,2019-03-29 06시,주간,금요일,차대차,측면충돌,,,교차로,교차로내,화물차,,사륜오토바이(ATV),,1,0,1,0,0,38.00706789,127.33526397
안성시,2019   ,2019-03-28 12시,주간,목요일,차대사람,기타,,,기타,기타,농기계,,보행자,,1,0,1,0,0,37.02379834,127.18418788
의정부시,2019   ,2019-03-28 04시,야간,목요일,차대사람,기타,,,교차로,교차로횡단보도내,승용차,,보행자,,1,0,1,0,0,37.74494592,127.05987890
용인시,2019   ,2019-03-28 00시,야간,목요일,차대사람,보도통행중,,,단일로,기타단일로,승용차,,보행자,,1,0,1,0,0,37.23299824,127.28382009
여주시,2019   ,2019-03-26 20시,야간,화요일,차량단독,전도,,,단일로,기타단일로,이륜차,,없음,,1,0,1,0,0,37.24817556,127.59412978
여주시,2019   ,2019-03-23 17시,주간,토요일,차대차,기타,,,교차로,교차로부근,승용차,,화물차,,1,0,1,0,0,37.33843224,127.51998190
용인시,2019   ,2019-03-23 17시,주간,토요일,차대차,추돌,,,단일로,기타단일로,승합차,,승용차,,1,0,15,7,7,37.33245459,127.10366363
광명시,2019   ,2019-03-22 17시,주간,금요일,차량단독,공작물충돌,,,단일로,지하차도(도로)내,이륜차,,없음,,1,0,1,0,0,37.44157315,126.89519100
파주시,2019   ,2019-03-22 09시,주간,금요일,차대차,측면충돌,,,교차로,교차로부근,화물차,,건설기계,,1,0,1,0,0,37.80101531,126.87934533
남양주시,2019   ,2019-03-21 10시,주간,목요일,차량단독,공작물충돌,,,단일로,기타단일로,승용차,,없음,,1,0,1,0,0,37.59636904,127.22650687
수원시,2019   ,2019-03-21 09시,주간,목요일,차량단독,기타,,,단일로,터널안,특수차,,없음,,1,0,1,0,0,37.30903407,127.03442390
안양시,2019   ,2019-03-21 04시,야간,목요일,차대차,추돌,,,단일로,교량위,승용차,,화물차,,1,1,3,1,0,37.41449298,126.89105814
파주시,2019   ,2019-03-19 00시,야간,화요일,차량단독,공작물충돌,,,단일로,기타단일로,승용차,,없음,,1,0,1,0,0,37.73453701,126.75956856
의왕시,2019   ,2019-03-18 13시,주간,월요일,차대차,추돌,,,단일로,기타단일로,화물차,,특수차,,1,1,2,0,0,37.39261467,127.01756038
오산시,2019   ,2019-03-17 18시,야간,일요일,차대차,측면충돌,,,교차로,교차로내,이륜차,,승용차,,1,0,2,0,1,37.17131208,127.06599897
시흥시,2019   ,2019-03-16 16시,주간,토요일,차량단독,전도,,,기타,기타,원동기장치자전거,,없음,,1,0,1,0,0,37.34702396,126.72035260
용인시,2019   ,2019-03-16 15시,주간,토요일,차대차,추돌,,,교차로,교차로내,승용차,,이륜차,,1,0,4,1,2,37.23255587,127.23071248
화성시,2019   ,2019-03-16 06시,주간,토요일,차대차,추돌,,,단일로,교량위,승용차,,건설기계,,1,0,2,0,1,37.21159034,126.75943527
고양시,2019   ,2019-03-15 06시,주간,금요일,차대사람,횡단중,,,단일로,기타단일로,승용차,,보행자,,1,0,1,0,0,37.69923738,126.76178013
평택시,2019   ,2019-03-14 00시,야간,목요일,차대차,정면충돌,,,단일로,기타단일로,승용차,,승용차,,3,0,3,0,0,37.03164134,126.93814666
수원시,2019   ,2019-03-13 06시,주간,수요일,차대사람,횡단중,,,교차로,교차로부근,화물차,,보행자,,1,0,1,0,0,37.25107542,126.98128493
광주시,2019   ,2019-03-12 13시,주간,화요일,차량단독,공작물충돌,,,단일로,기타단일로,화물차,,없음,,1,0,1,0,0,37.43996347,127.28718268
성남시,2019   ,2019-03-11 10시,주간,월요일,차대사람,차도통행중,,,단일로,기타단일로,승용차,,보행자,,1,0,1,0,0,37.46213242,127.17104586
파주시,2019   ,2019-03-10 20시,야간,일요일,차대사람,횡단중,,,단일로,기타단일로,승합차,,보행자,,1,0,2,0,1,37.73859604,126.81991871
화성시,2019   ,2019-03-10 12시,주간,일요일,차대사람,기타,,,단일로,기타단일로,승용차,,보행자,,1,0,1,0,0,37.16387592,126.90069963
성남시,2019   ,2019-03-10 05시,야간,일요일,차대차,정면충돌,,,교차로,교차로부근,승용차,,이륜차,,1,0,1,0,0,37.38254850,127.12225726
동두천시,2019   ,2019-03-10 01시,야간,일요일,차량단독,공작물충돌,,,교차로,교차로내,승용차,,없음,,1,0,1,0,0,37.92302921,127.05104855
안양시,2019   ,2019-03-09 13시,주간,토요일,차량단독,전도,,,기타,기타,자전거,,없음,,1,0,1,0,0,37.43460616,126.90060491
성남시,2019   ,2019-03-09 04시,야간,토요일,차대차,추돌,,,교차로,교차로부근,이륜차,,화물차,,1,0,3,1,1,37.42182401,127.12875063
양평군,2019   ,2019-03-09 01시,야간,토요일,차대차,기타,,,단일로,교량위,이륜차,,이륜차,,1,1,2,0,0,37.53705954,127.33247762
화성시,2019   ,2019-03-08 08시,주간,금요일,차대차,기타,,,교차로,교차로내,화물차,,화물차,,1,0,2,0,1,37.12277505,126.89425840
남양주시,2019   ,2019-03-08 07시,주간,금요일,차대차,추돌,,,교차로,교차로내,화물차,,농기계,,1,0,1,0,0,37.65140672,127.32139482
포천시,2019   ,2019-03-07 19시,야간,목요일,차대사람,차도통행중,,,단일로,기타단일로,화물차,,보행자,,1,0,1,0,0,37.82169858,127.26228713
양주시,2019   ,2019-03-07 17시,주간,목요일,차대차,측면충돌,,,교차로,교차로내,이륜차,,화물차,,1,0,1,0,0,37.79317452,126.99241072
안산시,2019   ,2019-03-07 05시,야간,목요일,차대사람,횡단중,,,단일로,기타단일로,승용차,,보행자,,1,0,1,0,0,37.36167260,126.87548372
시흥시,2019   ,2019-03-04 22시,야간,월요일,차대차,측면충돌,,,단일로,기타단일로,승용차,,승용차,,1,0,1,0,0,37.44498982,126.81128033
부천시,2019   ,2019-03-04 16시,주간,월요일,차대사람,횡단중,,,교차로,교차로횡단보도내,화물차,,보행자,,1,0,1,0,0,37.48511371,126.80897797
파주시,2019   ,2019-03-03 14시,주간,일요일,차량단독,기타,,,단일로,기타단일로,이륜차,,없음,,1,0,1,0,0,37.77978387,126.70443957
고양시,2019   ,2019-03-02 14시,주간,토요일,차대사람,횡단중,,,교차로,교차로횡단보도내,건설기계,,보행자,,1,1,2,0,0,37.63601339,126.87303603
시흥시,2019   ,2019-03-01 03시,야간,금요일,차대사람,차도통행중,,,교차로,교차로내,승용차,,보행자,,1,0,1,0,0,37.42627546,126.79109660
고양시,2019   ,2019-02-28 01시,야간,목요일,차대사람,횡단중,,,교차로,교차로내,승용차,,보행자,,1,0,1,0,0,37.72520997,126.84349633
성남시,2019   ,2019-02-27 01시,야간,수요일,차대차,추돌,,,교차로,교차로부근,화물차,,화물차,,1,0,1,0,0,37.38646734,127.11599072
양주시,2019   ,2019-02-27 00시,야간,수요일,차량단독,전도,,,단일로,기타단일로,승용차,,없음,,1,0,1,0,0,37.78227757,127.07682835
부천시,2019   ,2019-02-26 22시,야간,화요일,차대차,측면충돌,,,교차로,교차로내,승합차,,자전거,,1,0,1,0,0,37.52026056,126.76705404
가평군,2019   ,2019-02-26 05시,야간,화요일,차량단독,공작물충돌,,,단일로,기타단일로,승용차,,없음,,1,0,1,0,0,37.62827791,127.49165898
남양주시,2019   ,2019-02-25 12시,주간,월요일,차대차,측면충돌,,,단일로,기타단일로,승합차,,화물차,,1,2,3,0,0,37.64640217,127.24643292
파주시,2019   ,2019-02-25 11시,주간,월요일,차대사람,기타,,,단일로,기타단일로,화물차,,보행자,,1,0,1,0,0,37.75557867,126.78224465
양주시,2019   ,2019-02-23 12시,주간,토요일,차대사람,기타,,,교차로,교차로부근,승용차,,보행자,,1,1,2,0,0,37.79245120,127.01105385
하남시,2019   ,2019-02-22 21시,야간,금요일,차대차,정면충돌,,,교차로,교차로내,이륜차,,승합차,,1,0,1,0,0,37.56008340,127.18766742
성남시,2019   ,2019-02-22 00시,야간,금요일,차대사람,횡단중,,,단일로,기타단일로,승합차,,보행자,,1,0,1,0,0,37.44142668,127.13383131
수원시,2019   ,2019-02-21 20시,야간,목요일,차대차,기타,,,단일로,지하차도(도로)내,승용차,,승용차,,1,0,1,0,0,37.27378305,127.06588516
포천시,2019   ,2019-02-21 19시,야간,목요일,차대차,추돌,,,단일로,기타단일로,승용차,,사륜오토바이(ATV),,1,0,3,2,0,37.97900649,127.33870854
안산시,2019   ,2019-02-20 22시,야간,수요일,차대사람,횡단중,,,단일로,기타단일로,승용차,,보행자,,1,0,1,0,0,37.30826802,126.86738332
오산시,2019   ,2019-02-20 22시,야간,수요일,차대사람,기타,,,단일로,기타단일로,승용차,,보행자,,1,0,1,0,0,37.15205833,127.06857527
용인시,2019   ,2019-02-20 18시,야간,수요일,차대사람,횡단중,,,교차로,교차로부근,승용차,,보행자,,1,0,1,0,0,37.21604219,127.23074865
시흥시,2019   ,2019-02-19 06시,주간,화요일,차량단독,공작물충돌,,,단일로,교량위,승용차,,없음,,1,1,2,0,0,37.43459854,126.81929926
여주시,2019   ,2019-02-18 17시,주간,월요일,차량단독,전도,,,단일로,기타단일로,화물차,,없음,,1,0,1,0,0,37.23584418,127.67994253
부천시,2019   ,2019-02-18 07시,주간,월요일,차대차,정면충돌,,,교차로,교차로내,이륜차,,승용차,,1,0,2,0,1,37.50472055,126.76315673
수원시,2019   ,2019-02-18 05시,야간,월요일,차대사람,횡단중,,,단일로,기타단일로,승용차,,보행자,,1,0,1,0,0,37.25201203,127.07019358
안양시,2019   ,2019-02-17 23시,야간,일요일,차대사람,기타,,,교차로,교차로내,승용차,,보행자,,1,0,1,0,0,37.38425304,126.92733675
양주시,2019   ,2019-02-17 19시,야간,일요일,차량단독,공작물충돌,,,교차로,교차로부근,승용차,,없음,,1,0,1,0,0,37.82673973,127.09486918
성남시,2019   ,2019-02-16 00시,야간,토요일,차대사람,횡단중,,,기타,기타,승용차,,보행자,,1,0,1,0,0,37.41219723,127.12871904
구리시,2019   ,2019-02-15 14시,주간,금요일,차대사람,횡단중,,,교차로,교차로횡단보도내,승용차,,보행자,,1,0,1,0,0,37.61083796,127.13797627
양주시,2019   ,2019-02-15 10시,주간,금요일,차대사람,기타,,,단일로,기타단일로,화물차,,보행자,,1,0,2,0,1,37.76687316,127.05937430
화성시,2019   ,2019-02-15 07시,주간,금요일,차량단독,전도,,,단일로,기타단일로,승합차,,없음,,1,1,5,0,3,37.27676677,126.80506677
성남시,2019   ,2019-02-14 22시,야간,목요일,차대사람,기타,,,교차로,교차로내,승합차,,보행자,,1,0,1,0,0,37.36938453,127.10185895
평택시,2019   ,2019-02-14 20시,야간,목요일,차량단독,공작물충돌,,,단일로,기타단일로,승용차,,없음,,1,0,1,0,0,37.03803693,127.01695688
양평군,2019   ,2019-02-14 19시,야간,목요일,차대사람,기타,,,단일로,기타단일로,승용차,,보행자,,1,0,1,0,0,37.49112209,127.53623281
이천시,2019   ,2019-02-14 18시,야간,목요일,차대사람,횡단중,,,교차로,교차로부근,승합차,,보행자,,1,0,1,0,0,37.11525161,127.61594792
김포시,2019   ,2019-02-14 10시,주간,목요일,차대차,기타,,,교차로,교차로부근,승용차,,화물차,,1,0,1,0,0,37.64978930,126.58762949
오산시,2019   ,2019-02-14 00시,야간,목요일,차대사람,기타,,,단일로,기타단일로,승용차,,보행자,,1,0,1,0,0,37.15232041,127.07374276
고양시,2019   ,2019-02-13 08시,주간,수요일,차대차,측면충돌,,,교차로,교차로내,승용차,,이륜차,,2,0,3,1,0,37.65331283,126.84212328