시군명,발생년도,발생일자,주야구분명,사고요일,사고유형_대분류,사고유형,법규위반대분류명,법규위반내용,도로형태_대분류,도로형태,가해자 당사자 종별,당사자1_차종,피해자 당사자 종별,당사자2_차종,사망자수,중상자수,부상자수,부상신고자수,경상자수,WGS84위도,WGS84경도
남양주시,2018   ,2018-03-18 23시,야간,일요일,차대사람,기타,,,교차로,교차로부근,승용차,,보행자,,1,0,1,0,0,37.68754379,127.16198875
안양시,2018   ,2018-03-18 18시,야간,일요일,차대사람,횡단중,,,단일로,기타단일로,승합차,,보행자,,1,0,1,0,0,37.40254579,126.91161671
이천시,2018   ,2018-03-17 01시,야간,토요일,차대차,기타,,,단일로,기타단일로,승용차,,승용차,,1,0,1,0,0,37.25515832,127.35031220
동두천시,2018   ,2018-03-15 18시,야간,목요일,차대사람,횡단중,,,단일로,기타단일로,화물차,,보행자,,1,0,1,0,0,37.92683003,127.05035411
평택시,2018   ,2018-03-15 15시,주간,목요일,차대차,정면충돌,,,단일로,기타단일로,승용차,,승합차,,1,0,2,0,1,37.00575239,127.13717915
남양주시,2018   ,2018-03-15 14시,주간,목요일,차대차,추돌,,,단일로,기타단일로,승용차,,화물차,,1,2,4,0,1,37.58734200,127.20588008
광명시,2018   ,2018-03-15 13시,주간,목요일,차대차,측면충돌,,,교차로,교차로내,이륜차,,승용차,,1,0,1,0,0,37.45191848,126.89298217
양평군,2018   ,2018-03-14 14시,주간,수요일,차량단독,공작물충돌,,,단일로,기타단일로,이륜차,,없음,,1,0,1,0,0,37.53714426,127.34162325
안양시,2018   ,2018-03-12 08시,주간,월요일,차대차,측면충돌,,,단일로,기타단일로,이륜차,,승용차,,1,0,1,0,0,37.39526412,126.92472233
양주시,2018   ,2018-03-12 08시,주간,월요일,차량단독,공작물충돌,,,단일로,기타단일로,화물차,,없음,,1,0,1,0,0,37.83747377,127.00294925
하남시,2018   ,2018-03-12 05시,야간,월요일,차대차,측면충돌,,,단일로,기타단일로,화물차,,화물차,,1,0,2,0,1,37.51913670,127.22084792
평택시,2018   ,2018-03-10 16시,주간,토요일,차대차,측면충돌,,,교차로,교차로내,승용차,,승용차,,1,0,1,0,0,36.96746977,127.04121938
용인시,2018   ,2018-03-09 16시,주간,금요일,차량단독,공작물충돌,,,단일로,교량위,승용차,,없음,,1,0,2,1,0,37.27249693,127.08683816
안양시,2018   ,2018-03-09 10시,주간,금요일,차대사람,차도통행중,,,교차로,교차로부근,화물차,,보행자,,1,0,1,0,0,37.38012722,126.93724022
안산시,2018   ,2018-03-07 11시,주간,수요일,차대차,측면충돌,,,교차로,교차로내,자전거,,승용차,,1,0,2,0,1,37.31725957,126.84997290
성남시,2018   ,2018-03-06 23시,야간,화요일,차대차,기타,,,단일로,기타단일로,승용차,,승용차,,1,1,4,1,1,37.46328284,127.04037824
의정부시,2018   ,2018-03-06 06시,주간,화요일,차대사람,기타,,,단일로,기타단일로,승용차,,보행자,,1,0,1,0,0,37.75764724,127.03223975
성남시,2018   ,2018-03-04 01시,야간,일요일,차대사람,기타,,,단일로,기타단일로,승용차,,보행자,,1,0,2,0,1,37.42879097,127.14919673
용인시,2018   ,2018-03-03 03시,야간,토요일,차대사람,횡단중,,,단일로,기타단일로,승용차,,보행자,,1,0,2,0,1,37.23617313,127.20896353
광주시,2018   ,2018-03-02 19시,야간,금요일,차대차,기타,,,교차로,교차로부근,이륜차,,승합차,,1,0,1,0,0,37.41918114,127.25626466
여주시,2018   ,2018-03-01 07시,주간,목요일,차량단독,도로이탈 기타,,,단일로,기타단일로,화물차,,없음,,1,0,1,0,0,37.24241814,127.74390911
수원시,2018   ,2018-02-28 19시,야간,수요일,차대사람,보도통행중,,,교차로,교차로부근,승합차,,보행자,,1,0,1,0,0,37.27062240,127.01780974
성남시,2018   ,2018-02-27 23시,야간,화요일,차대사람,차도통행중,,,교차로,교차로부근,승용차,,보행자,,1,0,1,0,0,37.37662575,127.13936480
안산시,2018   ,2018-02-27 20시,야간,화요일,차대사람,횡단중,,,교차로,교차로부근,승용차,,보행자,,1,0,1,0,0,37.33676957,126.86233534
의정부시,2018   ,2018-02-27 15시,주간,화요일,차대차,측면충돌,,,교차로,교차로내,승용차,,자전거,,1,0,1,0,0,37.75343599,127.03627347
평택시,2018   ,2018-02-27 10시,주간,화요일,차대사람,횡단중,,,교차로,교차로횡단보도내,화물차,,보행자,,1,0,1,0,0,37.01753985,127.02176310
의정부시,2018   ,2018-02-25 23시,야간,일요일,차대사람,기타,,,교차로,교차로내,승용차,,보행자,,1,0,1,0,0,37.73578786,127.06213487
오산시,2018   ,2018-02-24 06시,주간,토요일,차대차,추돌,,,단일로,기타단일로,승용차,,승합차,,1,2,3,0,0,37.15521748,127.06479587
의정부시,2018   ,2018-02-21 18시,야간,수요일,차대사람,기타,,,단일로,기타단일로,승용차,,보행자,,1,0,1,0,0,37.76114645,127.02824415
안성시,2018   ,2018-02-21 14시,주간,수요일,차대사람,차도통행중,,,교차로,교차로부근,화물차,,보행자,,1,0,1,0,0,37.05844003,127.29486655
광명시,2018   ,2018-02-21 05시,야간,수요일,차대사람,횡단중,,,단일로,기타단일로,승용차,,보행자,,1,0,1,0,0,37.47485787,126.85220682
부천시,2018   ,2018-02-20 18시,야간,화요일,차대사람,횡단중,,,교차로,교차로횡단보도내,승합차,,보행자,,1,0,1,0,0,37.49784670,126.78572569
용인시,2018   ,2018-02-20 05시,야간,화요일,차대차,추돌,,,단일로,기타단일로,승용차,,화물차,,1,0,3,1,1,37.28944367,127.14838936
고양시,2018   ,2018-02-19 17시,주간,월요일,차대사람,횡단중,,,교차로,교차로내,화물차,,보행자,,1,0,1,0,0,37.67308234,126.78688413
고양시,2018   ,2018-02-19 11시,주간,월요일,차량단독,공작물충돌,,,기타,기타,승용차,,없음,,1,0,1,0,0,37.69854353,126.70764528
평택시,2018   ,2018-02-16 16시,주간,금요일,차대차,기타,,,단일로,기타단일로,승용차,,승용차,,1,1,2,0,0,37.12885828,127.01331811
안산시,2018   ,2018-02-16 05시,야간,금요일,차대사람,횡단중,,,단일로,기타단일로,승용차,,보행자,,1,0,1,0,0,37.31664483,126.83504715
성남시,2018   ,2018-02-15 02시,야간,목요일,차대차,기타,,,단일로,기타단일로,승용차,,승용차,,1,0,3,0,2,37.43372500,127.17898091
양주시,2018   ,2018-02-14 06시,주간,수요일,차대차,측면충돌,,,교차로,교차로내,승용차,,승용차,,1,0,4,0,3,37.80625065,127.08901715
남양주시,2018   ,2018-02-13 10시,주간,화요일,차대사람,기타,,,단일로,기타단일로,화물차,,보행자,,1,0,1,0,0,37.72534735,127.19224002
안산시,2018   ,2018-02-12 17시,주간,월요일,차대차,측면충돌,,,단일로,교량위,승용차,,승용차,,1,4,6,0,1,37.35009943,126.84393158
안성시,2018   ,2018-02-11 10시,주간,일요일,차대차,측면충돌,,,교차로,교차로내,화물차,,화물차,,1,1,3,0,1,37.03420766,127.22687189
의정부시,2018   ,2018-02-10 15시,주간,토요일,차대차,기타,,,단일로,기타단일로,원동기장치자전거,,승용차,,1,0,1,0,0,37.77556716,127.11215880
평택시,2018   ,2018-02-10 06시,주간,토요일,차대차,추돌,,,단일로,기타단일로,승용차,,특수차,,1,0,1,0,0,37.02792007,126.94231147
용인시,2018   ,2018-02-10 03시,야간,토요일,차대차,추돌,,,기타,기타,승용차,,화물차,,1,0,1,0,0,37.31909256,127.10343359
광명시,2018   ,2018-02-10 01시,야간,토요일,차대사람,횡단중,,,단일로,기타단일로,화물차,,보행자,,1,0,1,0,0,37.45954843,126.87481764
안양시,2018   ,2018-02-08 17시,주간,목요일,차대차,측면충돌,,,교차로,교차로횡단보도내,자전거,,승합차,,1,0,1,0,0,37.39431405,126.95438537
김포시,2018   ,2018-02-07 22시,야간,수요일,차대차,추돌,,,단일로,기타단일로,승용차,,화물차,,1,0,2,0,1,37.66689449,126.65013298
이천시,2018   ,2018-02-06 03시,야간,화요일,차량단독,공작물충돌,,,단일로,기타단일로,승합차,,없음,,1,0,1,0,0,37.30797894,127.46261394
광명시,2018   ,2018-02-05 15시,주간,월요일,차대차,기타,,,교차로,교차로내,화물차,,자전거,,1,0,1,0,0,37.46259479,126.87307351
수원시,2018   ,2018-02-04 20시,야간,일요일,차대사람,기타,,,단일로,기타단일로,승용차,,보행자,,1,0,1,0,0,37.25216587,127.01438666
군포시,2018   ,2018-02-04 05시,야간,일요일,차대사람,횡단중,,,단일로,기타단일로,승용차,,보행자,,1,0,1,0,0,37.37041083,126.93355196
안산시,2018   ,2018-02-03 19시,야간,토요일,차대차,추돌,,,교차로,교차로부근,승용차,,화물차,,1,0,1,0,0,37.32945997,126.82982091
용인시,2018   ,2018-02-03 14시,주간,토요일,차대차,측면충돌,,,단일로,기타단일로,건설기계,,원동기장치자전거,,1,0,1,0,0,37.26759464,127.07448110
군포시,2018   ,2018-02-02 21시,야간,금요일,차대사람,횡단중,,,단일로,기타단일로,승용차,,보행자,,1,0,1,0,0,37.31653393,126.91472554
여주시,2018   ,2018-02-01 18시,야간,목요일,차대차,측면충돌,,,교차로,교차로내,화물차,,이륜차,,1,0,1,0,0,37.21837256,127.53010562
안양시,2018   ,2018-02-01 16시,주간,목요일,차대사람,기타,,,단일로,기타단일로,건설기계,,보행자,,1,0,1,0,0,37.40540564,126.88726741
남양주시,2018   ,2018-01-31 18시,야간,수요일,차대사람,차도통행중,,,단일로,기타단일로,승용차,,보행자,,1,0,1,0,0,37.74656331,127.20226581
안산시,2018   ,2018-01-31 14시,주간,수요일,차대차,추돌,,,단일로,기타단일로,화물차,,화물차,,1,0,2,1,0,37.31457167,126.73648741
오산시,2018   ,2018-01-29 23시,야간,월요일,차량단독,공작물충돌,,,교차로,교차로부근,화물차,,없음,,1,0,1,0,0,37.19384239,127.04312085
양주시,2018   ,2018-01-29 23시,야간,월요일,차대차,측면충돌,,,교차로,교차로내,승합차,,승용차,,1,1,3,0,1,37.83381460,127.09213718
안산시,2018   ,2018-01-29 21시,야간,월요일,차량단독,공작물충돌,,,단일로,기타단일로,화물차,,없음,,1,0,2,0,1,37.23941277,126.60493329
안산시,2018   ,2018-01-29 18시,야간,월요일,차대차,측면충돌,,,단일로,기타단일로,승합차,,기타,,1,0,1,0,0,37.29366054,126.86140193
양주시,2018   ,2018-01-29 07시,주간,월요일,차대차,추돌,,,단일로,기타단일로,승용차,,건설기계,,1,0,1,0,0,37.80872004,127.11016781
안성시,2018   ,2018-01-28 23시,야간,일요일,차량단독,전복,,,단일로,기타단일로,승용차,,없음,,1,0,1,0,0,37.01746570,127.23784733
이천시,2018   ,2018-01-27 06시,주간,토요일,차대차,정면충돌,,,교차로,교차로내,승용차,,승용차,,1,0,2,0,1,37.29962065,127.40860443
평택시,2018   ,2018-01-26 20시,야간,금요일,차대사람,횡단중,,,교차로,교차로내,승용차,,보행자,,1,0,2,0,1,37.03265963,127.10319635
양평군,2018   ,2018-01-26 18시,야간,금요일,차대사람,횡단중,,,단일로,기타단일로,화물차,,보행자,,1,0,1,0,0,37.51174731,127.44541519
양평군,2018   ,2018-01-26 11시,주간,금요일,차대차,정면충돌,,,단일로,기타단일로,승용차,,이륜차,,1,0,1,0,0,37.60265388,127.36249978
의왕시,2018   ,2018-01-26 09시,주간,금요일,차량단독,기타,,,단일로,기타단일로,화물차,,없음,,1,0,1,0,0,37.38971957,127.00839465
이천시,2018   ,2018-01-25 19시,야간,목요일,차대차,기타,,,단일로,기타단일로,승합차,,승용차,,1,2,3,0,0,37.24166309,127.42506795
수원시,2018   ,2018-01-24 22시,야간,수요일,차대사람,횡단중,,,교차로,교차로부근,승용차,,보행자,,1,0,1,0,0,37.28416275,126.98394810
동두천시,2018   ,2018-01-24 10시,주간,수요일,차대차,정면충돌,,,교차로,교차로내,건설기계,,화물차,,1,0,1,0,0,37.95602303,127.06234462
이천시,2018   ,2018-01-24 08시,주간,수요일,차대차,추돌,,,교차로,교차로부근,화물차,,화물차,,1,0,2,0,1,37.11517055,127.61588026
고양시,2018   ,2018-01-23 10시,주간,화요일,차대차,정면충돌,,,단일로,기타단일로,승용차,,화물차,,1,1,2,0,0,37.70709865,126.80814723
부천시,2018   ,2018-01-23 06시,주간,화요일,차대차,기타,,,단일로,기타단일로,승용차,,승용차,,1,0,1,0,0,37.48841945,126.75807966
성남시,2018   ,2018-01-21 04시,야간,일요일,차대사람,기타,,,단일로,기타단일로,승용차,,보행자,,1,0,1,0,0,37.43578735,127.13781510
안산시,2018   ,2018-01-20 21시,야간,토요일,차량단독,공작물충돌,,,단일로,기타단일로,승합차,,없음,,1,0,1,0,0,37.27907827,126.85679876
고양시,2018   ,2018-01-18 14시,주간,목요일,차대사람,횡단중,,,단일로,기타단일로,화물차,,보행자,,1,0,1,0,0,37.60690998,126.86809150
고양시,2018   ,2018-01-17 01시,야간,수요일,차대사람,횡단중,,,교차로,교차로횡단보도내,승용차,,보행자,,1,0,1,0,0,37.66867084,126.74005174
남양주시,2018   ,2018-01-16 19시,야간,화요일,차대사람,횡단중,,,교차로,교차로내,건설기계,,보행자,,1,0,1,0,0,37.64875907,127.30573482
남양주시,2018   ,2018-01-16 07시,주간,화요일,차대차,추돌,,,단일로,기타단일로,승용차,,승용차,,1,1,3,0,1,37.65057425,127.19986073
고양시,2018   ,2018-01-14 00시,야간,일요일,차대차,추돌,,,단일로,교량위,승용차,,승용차,,1,1,5,0,3,37.63313402,126.80474221
성남시,2018   ,2018-01-12 04시,야간,금요일,차대차,추돌,,,단일로,기타단일로,승용차,,승용차,,1,0,2,1,0,37.40165281,127.09887493
안성시,2018   ,2018-01-11 23시,야간,목요일,차대차,기타,,,단일로,기타단일로,승용차,,화물차,,1,2,3,0,0,36.96978859,127.26824297
안산시,2018   ,2018-01-11 22시,야간,목요일,차대사람,기타,,,단일로,기타단일로,화물차,,보행자,,1,0,1,0,0,37.30510725,126.89733510
김포시,2018   ,2018-01-11 18시,야간,목요일,차대차,기타,,,단일로,기타단일로,승합차,,화물차,,1,1,12,1,9,37.59426999,126.78090837
안산시,2018   ,2018-01-10 23시,야간,수요일,차대사람,횡단중,,,단일로,기타단일로,승용차,,보행자,,1,0,1,0,0,37.31048392,126.82945900
성남시,2018   ,2018-01-10 20시,야간,수요일,차대차,기타,,,교차로,교차로내,이륜차,,승합차,,1,0,1,0,0,37.42985322,127.15178013
동두천시,2018   ,2018-01-10 20시,야간,수요일,차대차,기타,,,교차로,교차로부근,승용차,,화물차,,1,0,2,0,1,37.92918057,127.04987326
성남시,2018   ,2018-01-10 17시,주간,수요일,차대사람,차도통행중,,,단일로,기타단일로,승용차,,보행자,,1,0,1,0,0,37.40191124,127.12830656
안산시,2018   ,2018-01-10 15시,주간,수요일,차대차,측면충돌,,,교차로,교차로내,화물차,,승용차,,1,1,3,0,1,37.32659126,126.81836728
성남시,2018   ,2018-01-10 03시,야간,수요일,차대사람,차도통행중,,,단일로,기타단일로,승용차,,보행자,,1,0,1,0,0,37.43410914,127.12856562
양주시,2018   ,2018-01-09 21시,야간,화요일,차대사람,기타,,,단일로,기타단일로,승합차,,보행자,,1,0,1,0,0,37.81146860,126.99181971
여주시,2018   ,2018-01-09 18시,야간,화요일,차대사람,기타,,,단일로,기타단일로,화물차,,보행자,,1,0,1,0,0,37.26329951,127.64111010
이천시,2018   ,2018-01-08 13시,주간,월요일,차대차,기타,,,단일로,기타단일로,승용차,,승용차,,1,1,2,0,0,37.23462866,127.43443209
평택시,2018   ,2018-01-06 11시,주간,토요일,차량단독,공작물충돌,,,단일로,기타단일로,승용차,,없음,,1,0,1,0,0,36.99121558,126.90677906
안산시,2018   ,2018-01-06 08시,주간,토요일,차량단독,공작물충돌,,,단일로,기타단일로,승용차,,없음,,1,1,2,0,0,37.31549798,126.79725062
안산시,2018   ,2018-01-04 22시,야간,목요일,차대사람,횡단중,,,단일로,기타단일로,승용차,,보행자,,1,0,2,0,1,37.29869557,126.91472840
고양시,2018   ,2018-01-04 16시,주간,목요일,차대차,추돌,,,단일로,기타단일로,승용차,,화물차,,1,0,1,0,0,37.63169859,126.80434758
고양시,2018   ,2018-01-03 23시,야간,수요일,차대사람,횡단중,,,단일로,기타단일로,이륜차,,보행자,,1,0,2,0,1,37.65619221,126.77516462
남양주시,2018   ,2018-01-02 13시,주간,화요일,차대사람,횡단중,,,교차로,교차로내,승용차,,보행자,,1,0,1,0,0,37.65731082,127.28386557
평택시,2018   ,2018-01-02 08시,주간,화요일,차대사람,보도통행중,,,교차로,교차로횡단보도내,승용차,,보행자,,1,0,1,0,0,36.99441737,127.11309359
평택시,2018   ,2018-01-01 07시,주간,월요일,차량단독,전도,,,단일로,기타단일로,이륜차,,없음,,1,0,1,0,0,36.95409383,126.95614902
동두천시,2017   ,2017-12-31 20시,야간,일요일,차대차,정면충돌,운전자법규위반,중앙선 침범,단일로,기타단일로,승용차,승용차,승용차,승용차,1,1,11,0,9,37.8863311,127.05652544
용인시,2017   ,2017-12-31 00시,야간,일요일,차대사람,차도통행중,운전자법규위반,과속,단일로,기타단일로,승용차,승용차,보행자,보행자,1,0,1,0,0,37.31227618,127.08449894
포천시,2017   ,2017-12-30 07시,주간,토요일,차량단독,공작물충돌,운전자법규위반,안전운전 의무 불이행,단일로,기타단일로,승용차,승용차,없음,없음,1,0,1,0,0,37.94378208,127.23357807
시흥시,2017   ,2017-12-29 21시,야간,금요일,차대차,추돌,운전자법규위반,안전운전 의무 불이행,단일로,기타단일로,승용차,승용차,화물차,화물차,1,0,1,0,0,37.44234015,126.82856672
가평군,2017   ,2017-12-29 20시,야간,금요일,차량단독,공작물충돌,운전자법규위반,안전운전 의무 불이행,교차로,교차로내,승용차,승용차,없음,없음,1,0,2,1,0,37.68040209,127.48641369
화성시,2017   ,2017-12-29 20시,야간,금요일,차대차,측면충돌,운전자법규위반,중앙선 침범,단일로,기타단일로,승용차,승용차,승합차,승합차,1,0,2,0,1,37.16135379,127.10532908
구리시,2017   ,2017-12-29 10시,주간,금요일,차대차,측면충돌,운전자법규위반,안전운전 의무 불이행,단일로,기타단일로,승용차,승용차,화물차,화물차,1,0,1,0,0,37.63653371,127.13368069
수원시,2017   ,2017-12-29 05시,야간,금요일,차대사람,횡단중,운전자법규위반,안전운전 의무 불이행,단일로,기타단일로,화물차,화물차,보행자,보행자,1,0,1,0,0,37.27820353,127.02910917
화성시,2017   ,2017-12-29 02시,야간,금요일,차대사람,기타,운전자법규위반,안전운전 의무 불이행,교차로,교차로내,화물차,화물차,보행자,보행자,1,1,2,0,0,37.20793549,127.10983115
동두천시,2017   ,2017-12-28 22시,야간,목요일,차대사람,차도통행중,운전자법규위반,안전운전 의무 불이행,단일로,기타단일로,화물차,화물차,보행자,보행자,1,0,1,0,0,37.90991777,127.02413329
평택시,2017   ,2017-12-27 23시,야간,수요일,차대사람,기타,운전자법규위반,안전운전 의무 불이행,교차로,교차로내,승용차,승용차,보행자,보행자,1,0,1,0,0,36.99388733,127.08173102
포천시,2017   ,2017-12-27 21시,야간,수요일,차대차,측면충돌,운전자법규위반,중앙선 침범,단일로,기타단일로,승용차,승용차,승용차,승용차,1,0,2,1,0,37.83247064,127.13582779
용인시,2017   ,2017-12-27 20시,야간,수요일,차대차,측면충돌,운전자법규위반,중앙선 침범,단일로,기타단일로,승용차,승용차,승합차,승합차,1,1,2,0,0,37.2558256,127.23673045
양주시,2017   ,2017-12-27 12시,주간,수요일,차대차,정면충돌,운전자법규위반,중앙선 침범,단일로,기타단일로,화물차,화물차,승용차,승용차,1,0,1,0,0,37.82483311,127.05125776
안성시,2017   ,2017-12-27 08시,주간,수요일,차대차,추돌,운전자법규위반,안전거리 미확보,단일로,기타단일로,승용차,승용차,승용차,승용차,1,0,5,0,4,37.00578343,127.19289457
용인시,2017   ,2017-12-27 06시,주간,수요일,차대사람,기타,운전자법규위반,안전운전 의무 불이행,단일로,기타단일로,화물차,화물차,보행자,보행자,1,0,1,0,0,37.17488082,127.18224216
고양시,2017   ,2017-12-26 03시,야간,화요일,차량단독,공작물충돌,운전자법규위반,중앙선 침범,단일로,기타단일로,승용차,승용차,없음,없음,1,0,1,0,0,37.68286824,126.68756852
화성시,2017   ,2017-12-25 14시,주간,월요일,차대차,정면충돌,운전자법규위반,중앙선 침범,단일로,기타단일로,승용차,승용차,건설기계,건설기계,1,0,2,0,1,37.11640046,126.98136317
파주시,2017   ,2017-12-25 10시,주간,월요일,차대사람,보도통행중,운전자법규위반,보행자 보호의무 위반,교차로,교차로횡단보도내,승용차,승용차,보행자,보행자,1,0,1,0,0,37.8643377,126.78059988
양평군,2017   ,2017-12-23 19시,야간,토요일,차대사람,횡단중,운전자법규위반,안전운전 의무 불이행,교차로,교차로내,화물차,화물차,보행자,보행자,1,0,1,0,0,37.49069496,127.50238685
의정부시,2017   ,2017-12-23 16시,주간,토요일,차대사람,횡단중,운전자법규위반,안전운전 의무 불이행,단일로,기타단일로,승합차,승합차,보행자,보행자,1,0,1,0,0,37.75619702,127.07533086
수원시,2017   ,2017-12-22 19시,야간,금요일,차대차,측면충돌,운전자법규위반,교차로 통행방법 위반,교차로,교차로내,승용차,승용차,이륜차,이륜차,1,0,1,0,0,37.28580073,127.01533257
수원시,2017   ,2017-12-22 14시,주간,금요일,차대사람,횡단중,운전자법규위반,안전운전 의무 불이행,교차로,교차로내,화물차,화물차,보행자,보행자,1,0,1,0,0,37.27879445,126.99957396
오산시,2017   ,2017-12-22 10시,주간,금요일,차대차,기타,운전자법규위반,안전운전 의무 불이행,교차로,교차로내,자전거,자전거,승합차,승합차,1,0,1,0,0,37.16220199,127.06440668
시흥시,2017   ,2017-12-22 05시,야간,금요일,차대사람,횡단중,운전자법규위반,보행자 보호의무 위반,단일로,기타단일로,화물차,화물차,보행자,보행자,1,0,1,0,0,37.35092576,126.74237449
평택시,2017   ,2017-12-22 05시,야간,금요일,차대차,기타,운전자법규위반,안전운전 의무 불이행,단일로,기타단일로,승합차,승합차,화물차,화물차,1,0,1,0,0,37.0652703,127.06627764
안산시,2017   ,2017-12-21 00시,야간,목요일,차대차,기타,운전자법규위반,안전운전 의무 불이행,단일로,지하차도(도로)내,승용차,승용차,승용차,승용차,1,0,1,0,0,37.32796132,126.78925594
시흥시,2017   ,2017-12-20 19시,야간,수요일,차대사람,횡단중,운전자법규위반,안전운전 의무 불이행,교차로,교차로횡단보도내,승용차,승용차,보행자,보행자,1,0,1,0,0,37.4468164,126.79696243
의정부시,2017   ,2017-12-20 05시,야간,수요일,차대차,측면충돌,운전자법규위반,안전운전 의무 불이행,교차로,교차로횡단보도내,화물차,화물차,기타,기타,1,0,1,0,0,37.74199431,127.04685508
안성시,2017   ,2017-12-19 19시,야간,화요일,차대사람,횡단중,운전자법규위반,신호위반,교차로,교차로내,승용차,승용차,보행자,보행자,1,0,1,0,0,37.01030169,127.21920153
동두천시,2017   ,2017-12-18 21시,야간,월요일,차대사람,횡단중,운전자법규위반,과속,단일로,기타단일로,승용차,승용차,보행자,보행자,1,0,1,0,0,37.90486765,127.05807498
포천시,2017   ,2017-12-15 22시,야간,금요일,차대사람,차도통행중,운전자법규위반,안전운전 의무 불이행,단일로,기타단일로,승용차,승용차,보행자,보행자,1,0,1,0,0,37.88142511,127.18756615
포천시,2017   ,2017-12-15 20시,야간,금요일,차대사람,차도통행중,운전자법규위반,안전운전 의무 불이행,단일로,기타단일로,화물차,화물차,보행자,보행자,1,0,1,0,0,37.908944,127.30042277
양주시,2017   ,2017-12-15 17시,주간,금요일,차대차,측면충돌,운전자법규위반,안전운전 의무 불이행,교차로,교차로부근,승용차,승용차,이륜차,이륜차,1,0,1,0,0,37.88448429,126.97967348
부천시,2017   ,2017-12-15 07시,주간,금요일,차대사람,횡단중,운전자법규위반,보행자 보호의무 위반,교차로,교차로횡단보도내,화물차,화물차,보행자,보행자,1,0,1,0,0,37.48285775,126.78431884
남양주시,2017   ,2017-12-15 03시,야간,금요일,차대차,기타,운전자법규위반,안전운전 의무 불이행,단일로,기타단일로,승용차,승용차,승용차,승용차,1,0,1,0,0,37.60066008,127.15455411
평택시,2017   ,2017-12-15 02시,야간,금요일,차대사람,차도통행중,운전자법규위반,과속,단일로,기타단일로,승용차,승용차,보행자,보행자,1,0,1,0,0,37.03304286,127.13849982
화성시,2017   ,2017-12-14 14시,주간,목요일,차대차,기타,운전자법규위반,중앙선 침범,교차로,교차로부근,화물차,화물차,승용차,승용차,1,0,2,0,1,37.19802633,126.87554982
안성시,2017   ,2017-12-14 07시,주간,목요일,차대차,측면충돌,운전자법규위반,안전운전 의무 불이행,단일로,기타단일로,승용차,승용차,승용차,승용차,1,0,2,0,1,37.09151592,127.47029346
화성시,2017   ,2017-12-14 04시,야간,목요일,차량단독,공작물충돌,운전자법규위반,안전운전 의무 불이행,단일로,기타단일로,승용차,승용차,없음,없음,1,0,1,0,0,37.07029543,126.85011813
김포시,2017   ,2017-12-13 04시,야간,수요일,차량단독,전도전복,운전자법규위반,안전운전 의무 불이행,단일로,기타단일로,승용차,승용차,없음,없음,1,0,1,0,0,37.64666843,126.56659531
이천시,2017   ,2017-12-12 15시,주간,화요일,차량단독,공작물충돌,운전자법규위반,안전운전 의무 불이행,교차로,교차로부근,승용차,승용차,없음,없음,1,0,1,0,0,37.15836235,127.43860879
광주시,2017   ,2017-12-10 05시,야간,일요일,차대차,추돌,운전자법규위반,안전운전 의무 불이행,단일로,기타단일로,승용차,승용차,승합차,승합차,1,0,3,0,2,37.45025657,127.27095546
광주시,2017   ,2017-12-09 06시,주간,토요일,차대차,정면충돌,운전자법규위반,중앙선 침범,단일로,기타단일로,원동기장치자전거,원동기장치자전거,승용차,승용차,1,1,2,0,0,37.42176338,127.2583584
안양시,2017   ,2017-12-09 02시,야간,토요일,차대사람,횡단중,운전자법규위반,보행자 보호의무 위반,교차로,교차로횡단보도내,승용차,승용차,보행자,보행자,1,0,1,0,0,37.39456207,126.97532912
고양시,2017   ,2017-12-08 23시,야간,금요일,차량단독,공작물충돌,운전자법규위반,안전운전 의무 불이행,단일로,기타단일로,승용차,승용차,없음,없음,1,1,2,0,0,37.68774545,126.87055926
용인시,2017   ,2017-12-08 21시,야간,금요일,차대차,기타,운전자법규위반,안전운전 의무 불이행,단일로,기타단일로,승용차,승용차,이륜차,이륜차,1,0,1,0,0,37.25491508,127.16529577
수원시,2017   ,2017-12-08 16시,주간,금요일,차대사람,차도통행중,운전자법규위반,안전운전 의무 불이행,단일로,기타단일로,승합차,승합차,보행자,보행자,1,0,1,0,0,37.28667831,127.00955088
부천시,2017   ,2017-12-08 09시,주간,금요일,차대사람,기타,운전자법규위반,안전운전 의무 불이행,교차로,교차로내,화물차,화물차,보행자,보행자,1,0,1,0,0,37.49146426,126.7752211
평택시,2017   ,2017-12-08 06시,주간,금요일,차량단독,공작물충돌,운전자법규위반,안전운전 의무 불이행,교차로,교차로내,승용차,승용차,없음,없음,1,0,1,0,0,36.96738599,127.04994877
시흥시,2017   ,2017-12-08 05시,야간,금요일,차대차,측면충돌,운전자법규위반,중앙선 침범,단일로,고가도로위,승용차,승용차,승용차,승용차,2,2,9,0,5,37.35809854,126.7184991
수원시,2017   ,2017-12-08 01시,야간,금요일,차대차,기타,운전자법규위반,안전운전 의무 불이행,단일로,기타단일로,승용차,승용차,승용차,승용차,1,1,2,0,0,37.27380104,127.01042399
평택시,2017   ,2017-12-07 23시,야간,목요일,차대차,추돌,운전자법규위반,안전운전 의무 불이행,단일로,기타단일로,화물차,화물차,승용차,승용차,1,1,5,0,3,37.04028164,126.98485001