시군명,발생년도,발생일자,주야구분명,사고요일,사고유형_대분류,사고유형,법규위반대분류명,법규위반내용,도로형태_대분류,도로형태,가해자 당사자 종별,당사자1_차종,피해자 당사자 종별,당사자2_차종,사망자수,중상자수,부상자수,부상신고자수,경상자수,WGS84위도,WGS84경도
시흥시,2017   ,2017-03-18 06시,주간,토요일,차대차,정면충돌,운전자법규위반,신호위반,교차로,교차로내,이륜차,이륜차,화물차,화물차,1,0,1,0,0,37.34522498,126.73473202
용인시,2017   ,2017-03-18 01시,야간,토요일,차대차,추돌,운전자법규위반,안전운전 의무 불이행,단일로,기타단일로,승용차,승용차,승용차,승용차,1,2,4,0,1,37.29174464,127.11443061
포천시,2017   ,2017-03-18 01시,야간,토요일,차대차,측면충돌,운전자법규위반,중앙선 침범,단일로,기타단일로,승합차,승합차,승용차,승용차,1,1,2,0,0,38.01678519,127.3570132
동두천시,2017   ,2017-03-18 00시,야간,토요일,차대사람,횡단중,운전자법규위반,보행자 보호의무 위반,교차로,교차로횡단보도내,승용차,승용차,보행자,보행자,1,0,1,0,0,37.88654647,127.05627396
평택시,2017   ,2017-03-17 19시,야간,금요일,차대차,정면충돌,운전자법규위반,차로위반(진로변경 위반),단일로,기타단일로,화물차,화물차,이륜차,이륜차,1,0,1,0,0,37.06266691,126.91913367
의정부시,2017   ,2017-03-17 05시,야간,금요일,차대차,추돌,운전자법규위반,안전운전 의무 불이행,단일로,기타단일로,승용차,승용차,화물차,화물차,1,0,1,0,0,37.72580243,127.06004895
화성시,2017   ,2017-03-17 04시,야간,금요일,차대차,기타,운전자법규위반,안전운전 의무 불이행,교차로,교차로부근,승용차,승용차,화물차,화물차,1,0,1,0,0,37.11388162,126.91652533
의정부시,2017   ,2017-03-15 23시,야간,수요일,차대차,정면충돌,운전자법규위반,안전거리 미확보,단일로,기타단일로,이륜차,이륜차,승합차,승합차,1,0,1,0,0,37.76117438,127.03756483
시흥시,2017   ,2017-03-15 06시,주간,수요일,차대차,추돌,운전자법규위반,안전거리 미확보,단일로,기타단일로,화물차,화물차,화물차,화물차,1,0,5,0,4,37.36628822,126.75708179
안산시,2017   ,2017-03-15 00시,야간,수요일,차대사람,기타,운전자법규위반,과속,단일로,기타단일로,승용차,승용차,보행자,보행자,1,0,1,0,0,37.3502895,126.81855955
안산시,2017   ,2017-03-14 07시,주간,화요일,차대차,추돌,운전자법규위반,안전운전 의무 불이행,단일로,기타단일로,화물차,화물차,승용차,승용차,1,1,6,1,3,37.56660917,126.97839369
시흥시,2017   ,2017-03-14 03시,야간,화요일,차대차,정면충돌,운전자법규위반,신호위반,교차로,교차로내,화물차,화물차,승용차,승용차,1,0,1,0,0,37.3299864,126.73808103
안성시,2017   ,2017-03-13 19시,야간,월요일,차대사람,기타,운전자법규위반,안전운전 의무 불이행,단일로,기타단일로,승용차,승용차,보행자,보행자,1,0,1,0,0,36.94962146,127.21370757
양평군,2017   ,2017-03-13 12시,주간,월요일,차대차,측면충돌,운전자법규위반,신호위반,교차로,교차로내,원동기장치자전거,원동기장치자전거,화물차,화물차,1,0,2,0,1,37.48772046,127.50169675
고양시,2017   ,2017-03-13 08시,주간,월요일,차대차,추돌,운전자법규위반,안전운전 의무 불이행,단일로,교량위,승용차,승용차,승용차,승용차,1,2,3,0,0,37.60486715,126.82315467
시흥시,2017   ,2017-03-12 21시,야간,일요일,차대사람,기타,운전자법규위반,과속,단일로,기타단일로,승합차,승합차,보행자,보행자,1,0,1,0,0,37.35873046,126.78118568
연천군,2017   ,2017-03-11 19시,야간,토요일,차대사람,횡단중,운전자법규위반,과속,교차로,교차로내,승용차,승용차,보행자,보행자,1,0,1,0,0,38.03390049,127.06409226
평택시,2017   ,2017-03-11 13시,주간,토요일,차대차,정면충돌,운전자법규위반,과속,교차로,교차로내,승용차,승용차,원동기장치자전거,원동기장치자전거,1,0,1,0,0,37.00974809,127.07538326
수원시,2017   ,2017-03-11 00시,야간,토요일,차대사람,횡단중,운전자법규위반,안전운전 의무 불이행,기타,기타,승용차,승용차,보행자,보행자,1,0,1,0,0,37.26460654,127.02585553
화성시,2017   ,2017-03-10 00시,야간,금요일,차대사람,차도통행중,운전자법규위반,안전운전 의무 불이행,단일로,기타단일로,화물차,화물차,보행자,보행자,1,0,1,0,0,37.20279403,126.79661789
성남시,2017   ,2017-03-09 01시,야간,목요일,차량단독,전도,운전자법규위반,안전운전 의무 불이행,단일로,기타단일로,이륜차,이륜차,없음,없음,1,0,1,0,0,37.41962846,127.13870664
광주시,2017   ,2017-03-08 06시,주간,수요일,차대차,측면충돌,운전자법규위반,앞지르기 금지위반,교차로,교차로내,화물차,화물차,승합차,승합차,1,5,7,0,1,37.47780239,127.27705466
의정부시,2017   ,2017-03-08 01시,야간,수요일,차대사람,횡단중,운전자법규위반,과속,단일로,기타단일로,승용차,승용차,보행자,보행자,1,0,1,0,0,37.70727482,127.04207484
성남시,2017   ,2017-03-07 04시,야간,화요일,차대사람,횡단중,운전자법규위반,안전운전 의무 불이행,단일로,기타단일로,승용차,승용차,보행자,보행자,1,0,1,0,0,37.46105719,127.16690069
의정부시,2017   ,2017-03-07 01시,야간,화요일,차량단독,전도,운전자법규위반,안전운전 의무 불이행,단일로,기타단일로,이륜차,이륜차,없음,없음,1,0,1,0,0,37.72013783,127.06131926
오산시,2017   ,2017-03-06 18시,야간,월요일,차대사람,횡단중,운전자법규위반,보행자 보호의무 위반,교차로,교차로횡단보도내,건설기계,건설기계,보행자,보행자,1,0,1,0,0,37.17054605,127.06114852
평택시,2017   ,2017-03-06 10시,주간,월요일,차대사람,기타,운전자법규위반,안전운전 의무 불이행,단일로,기타단일로,화물차,화물차,보행자,보행자,1,0,1,0,0,37.04514,127.09653026
남양주시,2017   ,2017-03-06 09시,주간,월요일,차대사람,기타,운전자법규위반,안전운전 의무 불이행,단일로,기타단일로,승합차,승합차,보행자,보행자,1,0,1,0,0,37.65126165,127.24284544
고양시,2017   ,2017-03-06 05시,야간,월요일,차대차,추돌,운전자법규위반,안전운전 의무 불이행,단일로,기타단일로,화물차,화물차,화물차,화물차,1,0,2,0,1,37.60478008,126.82526268
안양시,2017   ,2017-03-06 00시,야간,월요일,차대차,측면충돌,운전자법규위반,신호위반,교차로,교차로내,원동기장치자전거,원동기장치자전거,승용차,승용차,1,0,2,0,1,37.37821018,126.95517976
평택시,2017   ,2017-03-06 00시,야간,월요일,차대차,측면충돌,운전자법규위반,안전운전 의무 불이행,단일로,기타단일로,승용차,승용차,화물차,화물차,1,0,1,0,0,37.14257888,127.08467454
여주시,2017   ,2017-03-05 21시,야간,일요일,차량단독,전도전복,운전자법규위반,안전운전 의무 불이행,단일로,기타단일로,원동기장치자전거,원동기장치자전거,없음,없음,1,0,1,0,0,37.41157985,127.5190408
용인시,2017   ,2017-03-05 21시,야간,일요일,차대차,측면충돌,운전자법규위반,신호위반,교차로,교차로부근,승용차,승용차,승용차,승용차,1,2,3,0,0,37.30850717,127.10251871
화성시,2017   ,2017-03-04 17시,주간,토요일,차대차,정면충돌,운전자법규위반,중앙선 침범,단일로,기타단일로,승용차,승용차,승용차,승용차,1,0,1,0,0,37.20308497,127.13206723
양주시,2017   ,2017-03-04 11시,주간,토요일,차대차,정면충돌,운전자법규위반,중앙선 침범,단일로,기타단일로,승용차,승용차,화물차,화물차,1,0,2,0,1,37.7335833,126.95104283
부천시,2017   ,2017-03-02 20시,야간,목요일,차대사람,횡단중,운전자법규위반,안전운전 의무 불이행,교차로,교차로부근,승용차,승용차,보행자,보행자,1,0,1,0,0,37.51650828,126.78484627
수원시,2017   ,2017-03-02 06시,주간,목요일,차대사람,횡단중,운전자법규위반,안전운전 의무 불이행,단일로,기타단일로,화물차,화물차,보행자,보행자,1,0,1,0,0,37.28666883,127.00943813
의왕시,2017   ,2017-02-28 19시,야간,화요일,차대사람,횡단중,운전자법규위반,과속,단일로,기타단일로,승용차,승용차,보행자,보행자,1,0,1,0,0,37.34125926,126.97840965
연천군,2017   ,2017-02-28 14시,주간,화요일,차량단독,전도전복,운전자법규위반,안전운전 의무 불이행,단일로,기타단일로,건설기계,건설기계,없음,없음,1,1,2,0,0,38.18491694,127.1075777
파주시,2017   ,2017-02-28 12시,주간,화요일,차대차,측면충돌,운전자법규위반,교차로 통행방법 위반,교차로,교차로내,원동기장치자전거,원동기장치자전거,화물차,화물차,1,0,1,0,0,37.8030482,126.88717765
이천시,2017   ,2017-02-28 11시,주간,화요일,차량단독,전도,운전자법규위반,안전운전 의무 불이행,교차로,교차로부근,이륜차,이륜차,없음,없음,1,0,1,0,0,37.32828128,127.44675597
수원시,2017   ,2017-02-28 09시,주간,화요일,차대사람,횡단중,운전자법규위반,안전운전 의무 불이행,단일로,기타단일로,승용차,승용차,보행자,보행자,1,0,1,0,0,37.30587638,126.97151124
파주시,2017   ,2017-02-27 11시,주간,월요일,차량단독,기타,운전자법규위반,기타(운전자법규위반),단일로,기타단일로,자전거,자전거,없음,없음,1,0,1,0,0,37.70440677,126.68323821
안양시,2017   ,2017-02-27 02시,야간,월요일,차량단독,전도전복,운전자법규위반,안전운전 의무 불이행,단일로,기타단일로,이륜차,이륜차,없음,없음,1,0,1,0,0,37.40387191,126.9010645
양평군,2017   ,2017-02-24 13시,주간,금요일,차량단독,공작물충돌,운전자법규위반,안전운전 의무 불이행,교차로,교차로내,화물차,화물차,없음,없음,1,1,2,0,0,37.52286004,127.37346534
평택시,2017   ,2017-02-24 06시,주간,금요일,차대사람,횡단중,운전자법규위반,보행자 보호의무 위반,교차로,교차로횡단보도내,승합차,승합차,보행자,보행자,1,0,1,0,0,37.04392006,126.93273716
오산시,2017   ,2017-02-24 01시,야간,금요일,차대차,기타,운전자법규위반,안전운전 의무 불이행,단일로,기타단일로,승용차,승용차,승용차,승용차,1,0,1,0,0,37.13428287,127.06132427
시흥시,2017   ,2017-02-22 15시,주간,수요일,차대차,추돌,운전자법규위반,안전운전 의무 불이행,단일로,기타단일로,이륜차,이륜차,승용차,승용차,1,0,1,0,0,37.46121952,126.80142972
광주시,2017   ,2017-02-21 11시,주간,화요일,차대차,측면충돌,운전자법규위반,부당한 회전,단일로,기타단일로,화물차,화물차,화물차,화물차,3,0,3,0,0,37.38201542,127.29315255
광주시,2017   ,2017-02-21 06시,주간,화요일,차대사람,횡단중,운전자법규위반,안전운전 의무 불이행,단일로,기타단일로,승용차,승용차,보행자,보행자,1,0,1,0,0,37.35016405,127.34228786
용인시,2017   ,2017-02-20 14시,주간,월요일,차대사람,횡단중,운전자법규위반,안전운전 의무 불이행,교차로,교차로부근,승용차,승용차,보행자,보행자,1,0,1,0,0,37.23309251,127.28609706
고양시,2017   ,2017-02-20 10시,주간,월요일,차대차,측면충돌,운전자법규위반,안전운전 의무 불이행,단일로,기타단일로,승용차,승용차,화물차,화물차,1,0,1,0,0,37.64240398,126.80547193
용인시,2017   ,2017-02-19 21시,야간,일요일,차대차,정면충돌,운전자법규위반,과속,교차로,교차로횡단보도내,승용차,승용차,승용차,승용차,1,0,1,0,0,37.27104703,127.08208631
안성시,2017   ,2017-02-19 20시,야간,일요일,차대차,정면충돌,운전자법규위반,안전운전 의무 불이행,단일로,기타단일로,화물차,화물차,승합차,승합차,1,0,5,0,4,36.94393474,127.23774009
오산시,2017   ,2017-02-19 17시,주간,일요일,차대차,측면충돌,운전자법규위반,안전운전 의무 불이행,교차로,교차로내,승용차,승용차,이륜차,이륜차,1,0,1,0,0,37.15805676,127.0623019
의정부시,2017   ,2017-02-17 18시,야간,금요일,차대차,추돌,운전자법규위반,안전운전 의무 불이행,단일로,기타단일로,화물차,화물차,승용차,승용차,1,1,5,0,3,37.69642899,127.04834627
하남시,2017   ,2017-02-16 20시,야간,목요일,차대차,추돌,운전자법규위반,안전운전 의무 불이행,단일로,기타단일로,승용차,승용차,원동기장치자전거,원동기장치자전거,1,0,1,0,0,37.52162136,127.145741
파주시,2017   ,2017-02-16 12시,주간,목요일,차대사람,횡단중,운전자법규위반,안전운전 의무 불이행,교차로,교차로내,승용차,승용차,보행자,보행자,1,0,1,0,0,37.72271747,126.75048379
용인시,2017   ,2017-02-16 06시,주간,목요일,차대사람,횡단중,운전자법규위반,안전운전 의무 불이행,단일로,기타단일로,화물차,화물차,보행자,보행자,1,0,1,0,0,37.2576371,127.10389131
파주시,2017   ,2017-02-16 05시,야간,목요일,차량단독,전도전복,운전자법규위반,안전운전 의무 불이행,단일로,기타단일로,승용차,승용차,없음,없음,1,0,1,0,0,37.82218794,126.78271355
수원시,2017   ,2017-02-16 05시,야간,목요일,차량단독,공작물충돌,운전자법규위반,안전운전 의무 불이행,단일로,기타단일로,화물차,화물차,없음,없음,1,0,1,0,0,37.31270008,127.00361512
평택시,2017   ,2017-02-15 08시,주간,수요일,차대차,정면충돌,운전자법규위반,직진 및 우회전차의 통행방해,교차로,교차로내,승용차,승용차,승용차,승용차,1,0,2,1,0,36.97348675,126.84432487
화성시,2017   ,2017-02-13 16시,주간,월요일,차량단독,전도전복,운전자법규위반,안전운전 의무 불이행,단일로,기타단일로,이륜차,이륜차,없음,없음,1,0,1,0,0,37.18235054,127.09286121
오산시,2017   ,2017-02-13 10시,주간,월요일,차대차,측면충돌,운전자법규위반,신호위반,교차로,교차로횡단보도내,자전거,자전거,승용차,승용차,1,0,1,0,0,37.13237777,127.08550713
부천시,2017   ,2017-02-12 20시,야간,일요일,차대사람,횡단중,운전자법규위반,안전운전 의무 불이행,교차로,교차로내,승용차,승용차,보행자,보행자,1,0,1,0,0,37.48200201,126.79944921
여주시,2017   ,2017-02-12 19시,야간,일요일,차대사람,기타,운전자법규위반,과속,단일로,기타단일로,승용차,승용차,보행자,보행자,1,0,1,0,0,37.25742238,127.57047064
평택시,2017   ,2017-02-12 00시,야간,일요일,차대사람,횡단중,운전자법규위반,보행자 보호의무 위반,교차로,교차로횡단보도내,승용차,승용차,보행자,보행자,1,0,1,0,0,37.07058232,127.05481811
시흥시,2017   ,2017-02-11 05시,야간,토요일,차대사람,횡단중,운전자법규위반,안전운전 의무 불이행,교차로,교차로횡단보도내,승용차,승용차,보행자,보행자,1,0,1,0,0,37.35217999,126.74117633
남양주시,2017   ,2017-02-11 02시,야간,토요일,차대사람,횡단중,운전자법규위반,안전운전 의무 불이행,단일로,기타단일로,승용차,승용차,보행자,보행자,1,0,1,0,0,37.65101945,127.31004807
안양시,2017   ,2017-02-11 00시,야간,토요일,차량단독,기타,운전자법규위반,안전운전 의무 불이행,단일로,기타단일로,원동기장치자전거,원동기장치자전거,없음,없음,1,0,1,0,0,37.41286975,126.95167435
부천시,2017   ,2017-02-10 15시,주간,금요일,차대차,추돌,운전자법규위반,안전운전 의무 불이행,교차로,교차로내,승합차,승합차,자전거,자전거,1,0,1,0,0,37.51057436,126.76961653
동두천시,2017   ,2017-02-10 10시,주간,금요일,차대사람,기타,운전자법규위반,안전운전 의무 불이행,단일로,기타단일로,승합차,승합차,보행자,보행자,1,0,1,0,0,37.90023112,127.06186763
군포시,2017   ,2017-02-09 18시,야간,목요일,차대사람,횡단중,운전자법규위반,안전운전 의무 불이행,교차로,교차로내,승합차,승합차,보행자,보행자,1,0,1,0,0,37.37621531,126.94105318
이천시,2017   ,2017-02-09 13시,주간,목요일,차대차,정면충돌,운전자법규위반,안전운전 의무 불이행,교차로,교차로부근,화물차,화물차,화물차,화물차,1,0,4,0,3,37.2556588,127.34011695
안산시,2017   ,2017-02-09 12시,주간,목요일,차대사람,횡단중,운전자법규위반,안전운전 의무 불이행,단일로,기타단일로,승용차,승용차,보행자,보행자,1,0,1,0,0,37.30660389,126.81302976
안성시,2017   ,2017-02-08 19시,야간,수요일,차대차,후진중충돌,운전자법규위반,안전운전 의무 불이행,단일로,기타단일로,승용차,승용차,승용차,승용차,1,0,1,0,0,37.00444849,127.26794673
평택시,2017   ,2017-02-07 21시,야간,화요일,차대사람,횡단중,운전자법규위반,안전운전 의무 불이행,교차로,교차로부근,승용차,승용차,보행자,보행자,1,0,1,0,0,36.99233661,127.08680774
평택시,2017   ,2017-02-06 00시,야간,월요일,차대사람,횡단중,운전자법규위반,안전운전 의무 불이행,기타,기타,승용차,승용차,보행자,보행자,1,0,1,0,0,37.0288774,127.07062214
용인시,2017   ,2017-02-04 19시,야간,토요일,차대사람,횡단중,운전자법규위반,보행자 보호의무 위반,교차로,교차로횡단보도내,승합차,승합차,보행자,보행자,1,0,1,0,0,37.23348755,127.20921059
수원시,2017   ,2017-02-04 19시,야간,토요일,차대차,측면충돌,운전자법규위반,신호위반,교차로,교차로내,승용차,승용차,이륜차,이륜차,1,0,1,0,0,37.24712442,126.96763716
성남시,2017   ,2017-02-04 18시,야간,토요일,차대차,정면충돌,운전자법규위반,교차로 통행방법 위반,교차로,교차로내,승용차,승용차,이륜차,이륜차,1,0,1,0,0,37.39616948,127.12545397
용인시,2017   ,2017-02-04 17시,주간,토요일,차대차,측면충돌,운전자법규위반,교차로 통행방법 위반,교차로,교차로내,승용차,승용차,이륜차,이륜차,1,1,2,0,0,37.18044911,127.33634389
부천시,2017   ,2017-02-03 21시,야간,금요일,차대차,추돌,운전자법규위반,안전거리 미확보,교차로,교차로부근,승합차,승합차,자전거,자전거,1,0,1,0,0,37.52772495,126.80207753
남양주시,2017   ,2017-02-03 08시,주간,금요일,차대사람,횡단중,운전자법규위반,기타(운전자법규위반),단일로,기타단일로,화물차,화물차,보행자,보행자,1,0,1,0,0,37.59715808,127.15911288
고양시,2017   ,2017-02-03 01시,야간,금요일,차대차,정면충돌,운전자법규위반,중앙선 침범,단일로,기타단일로,승용차,승용차,승용차,승용차,1,0,3,0,2,37.64417346,126.83891671
남양주시,2017   ,2017-02-02 23시,야간,목요일,차대사람,횡단중,운전자법규위반,안전운전 의무 불이행,교차로,교차로부근,화물차,화물차,보행자,보행자,1,0,1,0,0,37.69229561,127.1626137
안양시,2017   ,2017-02-02 19시,야간,목요일,차대사람,차도통행중,운전자법규위반,안전운전 의무 불이행,교차로,교차로내,승용차,승용차,보행자,보행자,1,0,1,0,0,37.42555574,126.90581953
동두천시,2017   ,2017-02-02 18시,야간,목요일,차대사람,횡단중,운전자법규위반,안전운전 의무 불이행,단일로,기타단일로,승용차,승용차,보행자,보행자,1,0,1,0,0,37.90477393,127.06436597
용인시,2017   ,2017-02-02 03시,야간,목요일,차대차,기타,운전자법규위반,안전운전 의무 불이행,단일로,기타단일로,승용차,승용차,승용차,승용차,1,1,5,3,0,37.24556808,127.31278432
화성시,2017   ,2017-02-01 07시,주간,수요일,차대사람,길가장자리구역통행중,운전자법규위반,안전운전 의무 불이행,단일로,기타단일로,승용차,승용차,보행자,보행자,1,0,1,0,0,37.07930524,126.91325775
양주시,2017   ,2017-01-30 20시,야간,월요일,차대사람,횡단중,운전자법규위반,안전운전 의무 불이행,교차로,교차로내,승용차,승용차,보행자,보행자,1,0,1,0,0,37.82516951,127.04264267
파주시,2017   ,2017-01-30 15시,주간,월요일,차대차,측면충돌,운전자법규위반,중앙선 침범,단일로,기타단일로,승용차,승용차,원동기장치자전거,원동기장치자전거,1,0,1,0,0,37.83206125,126.7998682
안산시,2017   ,2017-01-29 19시,야간,일요일,차대사람,횡단중,운전자법규위반,안전운전 의무 불이행,단일로,기타단일로,화물차,화물차,보행자,보행자,1,0,1,0,0,37.34162854,126.82034252
안성시,2017   ,2017-01-27 17시,주간,금요일,차대사람,차도통행중,운전자법규위반,안전운전 의무 불이행,단일로,기타단일로,승용차,승용차,보행자,보행자,1,0,1,0,0,37.08559798,127.43595588
김포시,2017   ,2017-01-26 18시,야간,목요일,차대사람,횡단중,운전자법규위반,안전운전 의무 불이행,교차로,교차로내,승합차,승합차,보행자,보행자,1,0,1,0,0,37.62713858,126.70863059
여주시,2017   ,2017-01-26 17시,주간,목요일,차대차,측면충돌,운전자법규위반,신호위반,교차로,교차로내,화물차,화물차,원동기장치자전거,원동기장치자전거,1,0,1,0,0,37.20117624,127.66099636
수원시,2017   ,2017-01-26 05시,야간,목요일,차대사람,횡단중,운전자법규위반,안전운전 의무 불이행,교차로,교차로내,승용차,승용차,보행자,보행자,1,0,1,0,0,37.29413143,127.01358676
평택시,2017   ,2017-01-26 00시,야간,목요일,차대사람,횡단중,운전자법규위반,안전운전 의무 불이행,교차로,교차로횡단보도내,승용차,승용차,보행자,보행자,1,0,1,0,0,37.0601261,127.06461977
고양시,2017   ,2017-01-25 05시,야간,수요일,차대차,기타,운전자법규위반,안전운전 의무 불이행,단일로,기타단일로,승용차,승용차,승용차,승용차,1,0,1,0,0,37.63358018,126.86635836
수원시,2017   ,2017-01-25 00시,야간,수요일,차대차,기타,운전자법규위반,안전운전 의무 불이행,단일로,기타단일로,승합차,승합차,승용차,승용차,1,0,1,0,0,37.2807496,127.01671862
화성시,2017   ,2017-01-24 10시,주간,화요일,차량단독,전도,운전자법규위반,안전운전 의무 불이행,단일로,기타단일로,승용차,승용차,없음,없음,1,0,1,0,0,37.16996935,126.99764545
안산시,2017   ,2017-01-23 16시,주간,월요일,차대차,기타,운전자법규위반,중앙선 침범,단일로,지하차도(도로)내,화물차,화물차,승용차,승용차,1,4,6,0,1,37.31294031,126.91348946
고양시,2017   ,2017-01-22 18시,야간,일요일,차대사람,횡단중,운전자법규위반,안전운전 의무 불이행,단일로,기타단일로,승용차,승용차,보행자,보행자,1,0,1,0,0,37.72067959,126.90525152
남양주시,2017   ,2017-01-22 17시,주간,일요일,차대차,기타,운전자법규위반,안전운전 의무 불이행,단일로,기타단일로,승용차,승용차,화물차,화물차,1,1,2,0,0,37.57547966,127.22049051
파주시,2017   ,2017-01-22 16시,주간,일요일,차대차,추돌,운전자법규위반,안전운전 의무 불이행,단일로,기타단일로,승합차,승합차,승합차,승합차,1,0,9,0,8,37.8461939,126.8651117
화성시,2017   ,2017-01-22 16시,주간,일요일,차대사람,기타,운전자법규위반,안전운전 의무 불이행,단일로,기타단일로,승합차,승합차,보행자,보행자,1,0,1,0,0,37.13737059,126.90707875
성남시,2017   ,2017-01-21 18시,야간,토요일,차대사람,횡단중,운전자법규위반,보행자 보호의무 위반,교차로,교차로횡단보도내,승합차,승합차,보행자,보행자,1,0,1,0,0,37.38521656,127.10839479
연천군,2017   ,2017-01-21 15시,주간,토요일,차대차,측면충돌,운전자법규위반,안전운전 의무 불이행,단일로,기타단일로,건설기계,건설기계,화물차,화물차,1,0,1,0,0,38.03741206,126.9436774
안산시,2017   ,2017-01-21 05시,야간,토요일,차대사람,차도통행중,운전자법규위반,안전운전 의무 불이행,단일로,기타단일로,승용차,승용차,보행자,보행자,1,0,1,0,0,37.30142242,126.90124603
군포시,2017   ,2017-01-20 23시,야간,금요일,차대사람,횡단중,운전자법규위반,안전운전 의무 불이행,단일로,기타단일로,승합차,승합차,보행자,보행자,1,0,1,0,0,37.37169157,126.94321003
광주시,2017   ,2017-01-20 20시,야간,금요일,차대사람,기타,운전자법규위반,안전운전 의무 불이행,단일로,기타단일로,승용차,승용차,보행자,보행자,1,0,1,0,0,37.40434217,127.26858352
파주시,2017   ,2017-01-20 18시,야간,금요일,차대차,기타,운전자법규위반,신호위반,교차로,교차로내,승용차,승용차,승용차,승용차,1,0,3,0,2,37.73107571,126.72681779
포천시,2017   ,2017-01-20 09시,주간,금요일,차량단독,공작물충돌,운전자법규위반,안전운전 의무 불이행,단일로,기타단일로,승용차,승용차,없음,없음,1,2,3,0,0,37.80581293,127.25139842
고양시,2017   ,2017-01-20 02시,야간,금요일,차대차,추돌,운전자법규위반,안전운전 의무 불이행,교차로,교차로내,승용차,승용차,승용차,승용차,1,0,2,1,0,37.66673976,126.73413006
시흥시,2017   ,2017-01-20 01시,야간,금요일,차대차,추돌,운전자법규위반,안전운전 의무 불이행,단일로,기타단일로,화물차,화물차,화물차,화물차,1,1,2,0,0,37.39807367,126.84615732
김포시,2017   ,2017-01-19 20시,야간,목요일,차대사람,길가장자리구역통행중,운전자법규위반,안전운전 의무 불이행,단일로,기타단일로,승용차,승용차,보행자,보행자,1,0,1,0,0,37.64561028,126.58221707
가평군,2017   ,2017-01-19 20시,야간,목요일,차대차,측면충돌,운전자법규위반,안전운전 의무 불이행,단일로,기타단일로,자전거,자전거,승용차,승용차,1,0,1,0,0,37.73279036,127.41025359
군포시,2017   ,2017-01-19 16시,주간,목요일,차량단독,공작물충돌,운전자법규위반,안전운전 의무 불이행,단일로,기타단일로,승용차,승용차,없음,없음,1,0,1,0,0,37.37189386,126.92705801
부천시,2017   ,2017-01-19 12시,주간,목요일,차대사람,횡단중,운전자법규위반,안전운전 의무 불이행,단일로,기타단일로,승용차,승용차,보행자,보행자,1,0,1,0,0,37.48063769,126.81736623
가평군,2017   ,2017-01-19 06시,주간,목요일,차대차,기타,운전자법규위반,안전운전 의무 불이행,단일로,기타단일로,화물차,화물차,자전거,자전거,1,0,1,0,0,37.78422402,127.47258499
화성시,2017   ,2017-01-19 05시,야간,목요일,차량단독,전도전복,운전자법규위반,안전운전 의무 불이행,교차로,교차로부근,이륜차,이륜차,없음,없음,1,0,1,0,0,37.20906787,127.03405831
양평군,2017   ,2017-01-18 11시,주간,수요일,차대차,측면충돌,운전자법규위반,중앙선 침범,단일로,기타단일로,승용차,승용차,건설기계,건설기계,1,0,2,0,1,37.48181641,127.56544397
의정부시,2017   ,2017-01-18 08시,주간,수요일,차대차,정면충돌,운전자법규위반,안전운전 의무 불이행,단일로,기타단일로,승용차,승용차,승합차,승합차,1,0,1,0,0,37.7344818,127.0672496
성남시,2017   ,2017-01-18 06시,주간,수요일,차대사람,횡단중,운전자법규위반,안전운전 의무 불이행,단일로,기타단일로,승합차,승합차,보행자,보행자,1,0,1,0,0,37.42932135,127.13096286
용인시,2017   ,2017-01-17 19시,야간,화요일,차대사람,횡단중,운전자법규위반,안전운전 의무 불이행,단일로,기타단일로,승용차,승용차,보행자,보행자,1,0,1,0,0,37.30342482,127.23512026
하남시,2017   ,2017-01-17 18시,야간,화요일,차대차,정면충돌,운전자법규위반,중앙선 침범,단일로,기타단일로,화물차,화물차,이륜차,이륜차,1,0,1,0,0,37.51156044,127.1969445
고양시,2017   ,2017-01-17 16시,주간,화요일,차대사람,횡단중,운전자법규위반,안전운전 의무 불이행,교차로,교차로부근,승합차,승합차,보행자,보행자,1,0,1,0,0,37.65372126,126.89660334
광명시,2017   ,2017-01-17 06시,주간,화요일,차대사람,차도통행중,운전자법규위반,안전운전 의무 불이행,단일로,기타단일로,화물차,화물차,보행자,보행자,1,0,1,0,0,37.45930136,126.87411865
구리시,2017   ,2017-01-16 05시,야간,월요일,차대사람,횡단중,운전자법규위반,안전운전 의무 불이행,단일로,기타단일로,승용차,승용차,보행자,보행자,1,0,1,0,0,37.60220532,127.14375053
오산시,2017   ,2017-01-14 07시,주간,토요일,차대사람,횡단중,운전자법규위반,안전운전 의무 불이행,단일로,기타단일로,승용차,승용차,보행자,보행자,1,0,1,0,0,37.15547298,127.07308313
안산시,2017   ,2017-01-14 06시,주간,토요일,차대사람,기타,운전자법규위반,과속,단일로,기타단일로,화물차,화물차,보행자,보행자,1,0,1,0,0,37.29370535,126.88518472
화성시,2017   ,2017-01-14 03시,야간,토요일,차대차,정면충돌,운전자법규위반,중앙선 침범,단일로,기타단일로,승용차,승용차,건설기계,건설기계,1,0,2,0,1,37.1711123,127.12073282
안산시,2017   ,2017-01-13 18시,야간,금요일,차대사람,횡단중,운전자법규위반,신호위반,교차로,교차로부근,승합차,승합차,보행자,보행자,1,0,1,0,0,37.31604745,126.77625424
김포시,2017   ,2017-01-13 01시,야간,금요일,차량단독,전도전복,운전자법규위반,안전운전 의무 불이행,교차로,교차로부근,이륜차,이륜차,없음,없음,1,0,1,0,0,37.64418029,126.68056565
부천시,2017   ,2017-01-12 06시,주간,목요일,차대차,측면충돌,운전자법규위반,안전운전 의무 불이행,교차로,교차로내,승용차,승용차,자전거,자전거,1,0,1,0,0,37.53221928,126.78897113
남양주시,2017   ,2017-01-11 02시,야간,수요일,차대사람,횡단중,운전자법규위반,안전운전 의무 불이행,교차로,교차로부근,화물차,화물차,보행자,보행자,1,0,1,0,0,37.72513018,127.19191183