시군명,발생년도,발생일자,주야구분명,사고요일,사고유형_대분류,사고유형,법규위반대분류명,법규위반내용,도로형태_대분류,도로형태,가해자 당사자 종별,당사자1_차종,피해자 당사자 종별,당사자2_차종,사망자수,중상자수,부상자수,부상신고자수,경상자수,WGS84위도,WGS84경도
안산시,2016   ,2016-09-18 00시,야간,일요일,차대사람,횡단중,운전자법규위반,과속,교차로,교차로내,승용차,중형,보행자,보행자,2,2,4,0,0,37.31066225,126.8149564
평택시,2016   ,2016-09-17 10시,주간,토요일,차대차,측면충돌,운전자법규위반,신호위반,교차로,교차로내,화물차,소형,승용차,경형,1,0,1,0,0,37.04441093,127.09951416
수원시,2016   ,2016-09-17 09시,주간,토요일,차대차,기타,운전자법규위반,신호위반,단일로,기타단일로,승합차,중형,자전거,자전거,1,0,1,0,0,37.27653956,127.01658762
과천시,2016   ,2016-09-16 03시,야간,금요일,차대사람,기타,운전자법규위반,안전운전 의무 불이행,단일로,기타단일로,승용차,경형,보행자,보행자,1,0,1,0,0,37.42975656,127.0014756
고양시,2016   ,2016-09-15 17시,주간,목요일,차량단독,기타,운전자법규위반,안전운전 의무 불이행,단일로,기타단일로,자전거,자전거,없음,없음,1,0,1,0,0,37.66860275,126.69845051
오산시,2016   ,2016-09-14 21시,야간,수요일,차대사람,횡단중,운전자법규위반,안전운전 의무 불이행,단일로,횡단보도상,승용차,경형,보행자,보행자,1,0,1,0,0,37.14133086,127.07337656
군포시,2016   ,2016-09-14 01시,야간,수요일,차대사람,횡단중,운전자법규위반,안전운전 의무 불이행,단일로,기타단일로,승용차,중형,보행자,보행자,1,1,2,0,0,37.35964091,126.93387005
광주시,2016   ,2016-09-12 05시,야간,월요일,차대차,기타,운전자법규위반,안전운전 의무 불이행,단일로,기타단일로,승용차,중형,승용차,중형,2,2,4,0,0,37.42491162,127.29809797
파주시,2016   ,2016-09-11 16시,주간,일요일,차대차,측면충돌,운전자법규위반,신호위반,교차로,교차로내,이륜차,소형,승합차,소형,1,0,1,0,0,37.71153432,126.74940519
평택시,2016   ,2016-09-10 13시,주간,토요일,차대차,정면충돌,운전자법규위반,중앙선 침범,단일로,기타단일로,승용차,경형,승용차,경형,2,0,3,0,1,37.02722865,126.94673497
용인시,2016   ,2016-09-10 10시,주간,토요일,차대차,정면충돌,운전자법규위반,안전운전 의무 불이행,교차로,교차로부근,화물차,소형,화물차,소형,1,0,2,1,0,37.21642765,127.20705571
용인시,2016   ,2016-09-10 06시,주간,토요일,차대사람,기타,운전자법규위반,안전운전 의무 불이행,단일로,기타단일로,화물차,중형,보행자,보행자,1,0,1,0,0,37.35269458,127.21937653
수원시,2016   ,2016-09-10 05시,야간,토요일,차대차,측면충돌,운전자법규위반,안전운전 의무 불이행,교차로,교차로내,자전거,자전거,승용차,중형,1,0,1,0,0,37.25014553,127.01850406
고양시,2016   ,2016-09-10 03시,야간,토요일,차대차,기타,운전자법규위반,중앙선 침범,단일로,기타단일로,승용차,소형,이륜차,소형,1,0,1,0,0,37.6197812,126.90451515
안산시,2016   ,2016-09-09 14시,주간,금요일,차대차,진행중 추돌,운전자법규위반,안전운전 의무 불이행,단일로,기타단일로,화물차,중형,승용차,중형,1,1,2,0,0,37.34122075,126.86370889
부천시,2016   ,2016-09-09 10시,주간,금요일,차대차,측면충돌,운전자법규위반,신호위반,교차로,교차로내,이륜차,중형,승용차,중형,2,0,2,0,0,37.4944487,126.77832579
포천시,2016   ,2016-09-08 19시,야간,목요일,차대사람,횡단중,운전자법규위반,과속,단일로,기타단일로,화물차,소형,보행자,보행자,1,0,1,0,0,38.10142523,127.20688793
용인시,2016   ,2016-09-08 17시,주간,목요일,차대사람,기타,운전자법규위반,안전운전 의무 불이행,단일로,기타단일로,화물차,소형,보행자,보행자,1,0,1,0,0,37.15651667,127.26650299
고양시,2016   ,2016-09-08 12시,주간,목요일,차대차,기타,운전자법규위반,안전운전 의무 불이행,교차로,교차로부근,이륜차,소형,승용차,소형,1,1,2,0,0,37.59120298,126.8823379
고양시,2016   ,2016-09-08 00시,야간,목요일,차대차,진행중 추돌,운전자법규위반,안전운전 의무 불이행,단일로,기타단일로,특수차,대형,승용차,소형,2,0,2,0,0,37.66803264,126.83429435
오산시,2016   ,2016-09-06 01시,야간,화요일,차대사람,횡단중,운전자법규위반,안전운전 의무 불이행,단일로,기타단일로,화물차,소형,보행자,보행자,1,0,1,0,0,37.14884249,127.07166776
시흥시,2016   ,2016-09-05 11시,주간,월요일,차대차,기타,운전자법규위반,신호위반,교차로,교차로내,이륜차,소형,화물차,소형,1,0,2,0,1,37.37317858,126.85780323
양주시,2016   ,2016-09-05 06시,주간,월요일,차대차,진행중 추돌,운전자법규위반,안전운전 의무 불이행,교차로,교차로부근,화물차,소형,승합차,대형,1,0,3,0,2,37.83934168,127.0553522
안양시,2016   ,2016-09-03 23시,야간,토요일,차대차,측면충돌,운전자법규위반,부당한 회전,단일로,기타단일로,자전거,자전거,승용차,대형,1,0,1,0,0,37.37947691,126.95426697
오산시,2016   ,2016-09-03 17시,주간,토요일,차대차,기타,운전자법규위반,안전운전 의무 불이행,단일로,횡단보도상,건설기계,건설기계,자전거,자전거,1,0,1,0,0,37.1589516,127.08813264
평택시,2016   ,2016-09-03 08시,주간,토요일,차량단독,전도전복,운전자법규위반,안전운전 의무 불이행,단일로,기타단일로,승용차,경형,없음,없음,1,0,1,0,0,36.99330909,127.13021457
용인시,2016   ,2016-09-03 00시,야간,토요일,차량단독,공작물충돌,운전자법규위반,안전운전 의무 불이행,교차로,교차로부근,화물차,중형,없음,없음,1,0,1,0,0,37.34705952,127.25096565
성남시,2016   ,2016-09-02 06시,주간,금요일,차대차,정면충돌,운전자법규위반,안전운전 의무 불이행,단일로,기타단일로,승용차,경형,승용차,경형,1,0,1,0,0,37.37479334,127.14445614
수원시,2016   ,2016-09-01 22시,야간,목요일,차대사람,횡단중,운전자법규위반,안전운전 의무 불이행,단일로,횡단보도상,원동기장치자전거,원동기장치자전거,보행자,보행자,1,0,1,0,0,37.27533231,127.02117488
가평군,2016   ,2016-08-31 06시,주간,수요일,차대차,진행중 추돌,운전자법규위반,안전운전 의무 불이행,교차로,교차로부근,화물차,소형,화물차,중형,1,0,2,1,0,37.73993679,127.42131112
안양시,2016   ,2016-08-31 00시,야간,수요일,차대사람,횡단중,운전자법규위반,안전운전 의무 불이행,교차로,교차로내,화물차,소형,보행자,보행자,1,0,1,0,0,37.40215795,126.97675629
부천시,2016   ,2016-08-30 13시,주간,화요일,차대사람,횡단중,운전자법규위반,안전운전 의무 불이행,교차로,교차로내,승용차,중형,보행자,보행자,1,0,1,0,0,37.48048219,126.77904828
남양주시,2016   ,2016-08-29 15시,주간,월요일,차량단독,전도전복,운전자법규위반,안전운전 의무 불이행,단일로,기타단일로,자전거,자전거,없음,없음,1,0,1,0,0,37.74990482,127.18068479
성남시,2016   ,2016-08-29 14시,주간,월요일,차대차,진행중 추돌,운전자법규위반,안전운전 의무 불이행,단일로,기타단일로,화물차,소형,화물차,소형,1,1,2,0,0,37.40502937,127.09255203
성남시,2016   ,2016-08-27 14시,주간,토요일,차대차,진행중 추돌,운전자법규위반,중앙선 침범,단일로,기타단일로,승용차,중형,이륜차,소형,1,0,1,0,0,37.35625433,127.07422953
화성시,2016   ,2016-08-27 05시,야간,토요일,차대사람,횡단중,운전자법규위반,안전운전 의무 불이행,교차로,교차로내,승용차,중형,보행자,보행자,1,0,1,0,0,37.22726653,126.97163197
안성시,2016   ,2016-08-26 00시,야간,금요일,차대사람,횡단중,운전자법규위반,보행자 보호의무 위반,교차로,교차로내,승용차,대형,보행자,보행자,1,1,2,0,0,36.99974845,127.17108168
성남시,2016   ,2016-08-25 10시,주간,목요일,차대사람,횡단중,운전자법규위반,과속,교차로,교차로부근,승합차,대형,보행자,보행자,1,0,1,0,0,37.44842908,127.14225382
의정부시,2016   ,2016-08-25 05시,야간,목요일,차대차,측면충돌,운전자법규위반,안전운전 의무 불이행,교차로,교차로부근,이륜차,소형,승용차,경형,1,0,1,0,0,37.73295178,127.04161033
남양주시,2016   ,2016-08-23 10시,주간,화요일,차대차,측면충돌,운전자법규위반,안전운전 의무 불이행,교차로,교차로내,승용차,중형,이륜차,소형,1,0,1,0,0,37.65621574,127.33720995
수원시,2016   ,2016-08-23 05시,야간,화요일,차대사람,횡단중,운전자법규위반,안전운전 의무 불이행,기타/불명,기타/불명,승용차,경형,보행자,보행자,1,0,1,0,0,37.29042982,127.00347942
광주시,2016   ,2016-08-23 05시,야간,화요일,차대차,측면충돌,운전자법규위반,신호위반,단일로,횡단보도상,화물차,소형,자전거,자전거,1,0,1,0,0,37.41568339,127.2695431
양주시,2016   ,2016-08-22 18시,야간,월요일,차대차,측면충돌,운전자법규위반,안전운전 의무 불이행,교차로,교차로내,원동기장치자전거,원동기장치자전거,화물차,소형,1,0,2,0,1,37.90349618,126.96240911
성남시,2016   ,2016-08-22 16시,주간,월요일,차량단독,공작물충돌,운전자법규위반,안전운전 의무 불이행,단일로,기타단일로,승용차,중형,없음,없음,1,0,1,0,0,37.40755713,127.10163443
파주시,2016   ,2016-08-22 12시,주간,월요일,차대사람,횡단중,운전자법규위반,보행자 보호의무 위반,교차로,교차로내,화물차,소형,보행자,보행자,1,0,1,0,0,37.75909541,126.77661384
이천시,2016   ,2016-08-21 21시,야간,일요일,차량단독,전도전복,운전자법규위반,안전운전 의무 불이행,단일로,기타단일로,이륜차,소형,없음,없음,1,0,1,0,0,37.2983305,127.50959073
광주시,2016   ,2016-08-21 20시,야간,일요일,차대사람,차도통행중,운전자법규위반,안전운전 의무 불이행,교차로,교차로내,승용차,중형,보행자,보행자,1,0,1,0,0,37.40391134,127.25604295
연천군,2016   ,2016-08-21 18시,야간,일요일,차량단독,전도전복,운전자법규위반,안전운전 의무 불이행,단일로,기타단일로,화물차,소형,없음,없음,1,0,1,0,0,38.13131511,127.03719028
이천시,2016   ,2016-08-21 06시,주간,일요일,차량단독,공작물충돌,운전자법규위반,안전운전 의무 불이행,교차로,교차로내,승용차,소형,없음,없음,1,0,1,0,0,37.28247747,127.45980635
안성시,2016   ,2016-08-21 01시,야간,일요일,차량단독,공작물충돌,운전자법규위반,안전운전 의무 불이행,교차로,교차로부근,승용차,경형,없음,없음,1,0,1,0,0,37.00887543,127.26381934
용인시,2016   ,2016-08-20 11시,주간,토요일,차대사람,횡단중,운전자법규위반,안전운전 의무 불이행,교차로,교차로내,승용차,중형,보행자,보행자,1,0,1,0,0,37.32056175,127.08759097
안양시,2016   ,2016-08-19 21시,야간,금요일,차대사람,차도통행중,운전자법규위반,안전운전 의무 불이행,단일로,기타단일로,승용차,대형,보행자,보행자,1,0,1,0,0,37.42399333,126.90700727
수원시,2016   ,2016-08-19 08시,주간,금요일,차대차,측면충돌,운전자법규위반,안전거리 미확보,단일로,기타단일로,승합차,대형,이륜차,소형,1,0,1,0,0,37.26457171,127.00200264
안산시,2016   ,2016-08-18 05시,야간,목요일,차대사람,횡단중,운전자법규위반,안전운전 의무 불이행,단일로,기타단일로,화물차,소형,보행자,보행자,1,0,1,0,0,37.31267475,126.86215522
남양주시,2016   ,2016-08-16 22시,야간,화요일,차대차,측면충돌,운전자법규위반,신호위반,교차로,교차로내,승용차,경형,이륜차,소형,1,1,3,1,0,37.55536446,127.23751442
광주시,2016   ,2016-08-16 20시,야간,화요일,차대차,진행중 추돌,운전자법규위반,안전운전 의무 불이행,단일로,기타단일로,승용차,중형,승용차,소형,1,2,10,0,7,37.38486441,127.31530777
안양시,2016   ,2016-08-16 10시,주간,화요일,차대사람,횡단중,운전자법규위반,신호위반,교차로,교차로내,특수차,대형,보행자,보행자,1,0,1,0,0,37.3945682,126.93934658
용인시,2016   ,2016-08-16 01시,야간,화요일,차대차,기타,운전자법규위반,안전운전 의무 불이행,단일로,기타단일로,승용차,중형,승용차,중형,1,0,1,0,0,37.22983785,127.10657318
파주시,2016   ,2016-08-15 22시,야간,월요일,차대사람,차도통행중,운전자법규위반,안전운전 의무 불이행,교차로,교차로내,승합차,중형,보행자,보행자,1,0,1,0,0,37.84976586,126.87067341
가평군,2016   ,2016-08-15 19시,야간,월요일,차량단독,공작물충돌,운전자법규위반,안전운전 의무 불이행,단일로,기타단일로,승용차,경형,없음,없음,1,0,1,0,0,37.80551369,127.35944359
여주시,2016   ,2016-08-13 23시,야간,토요일,차대차,진행중 추돌,운전자법규위반,안전운전 의무 불이행,단일로,터널안,승용차,중형,승용차,중형,1,2,4,0,1,37.24407229,127.73721703
수원시,2016   ,2016-08-13 22시,야간,토요일,차대사람,횡단중,운전자법규위반,과속,교차로,교차로부근,승용차,중형,보행자,보행자,1,0,1,0,0,37.25119986,126.98212076
수원시,2016   ,2016-08-13 01시,야간,토요일,차량단독,전도전복,운전자법규위반,안전운전 의무 불이행,단일로,기타단일로,원동기장치자전거,원동기장치자전거,없음,없음,1,1,2,0,0,37.2650815,127.05056298
이천시,2016   ,2016-08-12 21시,야간,금요일,차대사람,횡단중,운전자법규위반,보행자 보호의무 위반,단일로,기타단일로,승용차,중형,보행자,보행자,1,0,1,0,0,37.27654239,127.4496801
화성시,2016   ,2016-08-12 10시,주간,금요일,차대차,진행중 추돌,운전자법규위반,안전거리 미확보,단일로,기타단일로,이륜차,중형,화물차,소형,1,0,1,0,0,37.19254798,126.93904104
안양시,2016   ,2016-08-11 11시,주간,목요일,차대사람,횡단중,운전자법규위반,안전운전 의무 불이행,교차로,교차로내,승용차,중형,보행자,보행자,1,0,1,0,0,37.3980937,126.93579534
남양주시,2016   ,2016-08-11 00시,야간,목요일,차대사람,횡단중,운전자법규위반,과속,교차로,교차로내,승용차,중형,보행자,보행자,1,0,1,0,0,37.63292711,127.2038758
여주시,2016   ,2016-08-09 19시,야간,화요일,차량단독,도로이탈 기타,운전자법규위반,안전운전 의무 불이행,단일로,기타단일로,승용차,소형,없음,없음,1,0,1,0,0,37.33313111,127.5837939
평택시,2016   ,2016-08-09 04시,야간,화요일,차대차,기타,운전자법규위반,안전운전 의무 불이행,단일로,기타단일로,승용차,대형,화물차,대형,1,1,2,0,0,37.04867554,126.92441347
파주시,2016   ,2016-08-07 14시,주간,일요일,차량단독,공작물충돌,운전자법규위반,안전운전 의무 불이행,단일로,기타단일로,화물차,경형,없음,없음,1,0,1,0,0,37.80016278,126.84831984
안성시,2016   ,2016-08-07 05시,야간,일요일,차량단독,기타,운전자법규위반,안전운전 의무 불이행,단일로,기타단일로,이륜차,소형,없음,없음,1,1,2,0,0,37.01347047,127.23297125
남양주시,2016   ,2016-08-06 13시,주간,토요일,차대차,기타,운전자법규위반,안전운전 의무 불이행,단일로,기타단일로,승용차,중형,화물차,중형,1,1,9,0,7,37.63174159,127.32284724
김포시,2016   ,2016-08-06 04시,야간,토요일,차량단독,전도전복,운전자법규위반,안전운전 의무 불이행,단일로,기타단일로,이륜차,소형,없음,없음,1,0,1,0,0,37.67314307,126.63805329
광주시,2016   ,2016-08-04 17시,주간,목요일,차대차,측면충돌,운전자법규위반,안전거리 미확보,교차로,교차로부근,자전거,자전거,승용차,대형,1,0,1,0,0,37.41381347,127.26292674
안성시,2016   ,2016-08-04 11시,주간,목요일,차대차,진행중 추돌,운전자법규위반,안전운전 의무 불이행,단일로,기타단일로,화물차,소형,화물차,대형,1,0,1,0,0,37.10389561,127.48774406
용인시,2016   ,2016-08-04 11시,주간,목요일,차대사람,기타,운전자법규위반,기타(운전자법규위반),단일로,기타단일로,승합차,소형,보행자,보행자,1,4,6,0,1,37.33180019,127.13358518
수원시,2016   ,2016-08-04 03시,야간,목요일,차량단독,공작물충돌,운전자법규위반,안전운전 의무 불이행,단일로,기타단일로,이륜차,소형,없음,없음,1,0,1,0,0,37.25052062,127.0176447
고양시,2016   ,2016-08-03 23시,야간,수요일,차량단독,전도전복,운전자법규위반,안전운전 의무 불이행,단일로,기타단일로,원동기장치자전거,원동기장치자전거,없음,없음,1,0,1,0,0,37.69467635,126.84404922
용인시,2016   ,2016-08-03 05시,야간,수요일,차대차,진행중 추돌,운전자법규위반,안전운전 의무 불이행,기타/불명,기타/불명,화물차,소형,화물차,소형,1,3,4,0,0,37.23190165,127.23239453
화성시,2016   ,2016-08-01 14시,주간,월요일,차대차,진행중 추돌,운전자법규위반,안전운전 의무 불이행,교차로,교차로부근,화물차,경형,승용차,대형,1,0,2,0,1,37.17280429,126.93651738
수원시,2016   ,2016-07-31 10시,주간,일요일,차대차,측면충돌,운전자법규위반,교차로 통행방법 위반,교차로,교차로부근,자전거,자전거,승용차,중형,1,0,1,0,0,37.29540315,127.00940398
안산시,2016   ,2016-07-29 03시,야간,금요일,차대사람,횡단중,운전자법규위반,안전운전 의무 불이행,교차로,교차로부근,승용차,소형,보행자,보행자,1,0,1,0,0,37.31937081,126.82933492
이천시,2016   ,2016-07-28 22시,야간,목요일,차대사람,기타,운전자법규위반,안전운전 의무 불이행,단일로,기타단일로,승용차,대형,보행자,보행자,1,0,1,0,0,37.23358121,127.52141976
동두천시,2016   ,2016-07-28 04시,야간,목요일,차대사람,기타,운전자법규위반,안전운전 의무 불이행,단일로,기타단일로,승용차,경형,보행자,보행자,1,0,1,0,0,37.93200325,127.04327883
용인시,2016   ,2016-07-28 01시,야간,목요일,차량단독,공작물충돌,운전자법규위반,안전운전 의무 불이행,단일로,기타단일로,승용차,소형,없음,없음,1,0,1,0,0,37.32769482,127.05847534
수원시,2016   ,2016-07-27 15시,주간,수요일,차대차,기타,운전자법규위반,안전운전 의무 불이행,교차로,교차로내,승용차,경형,화물차,중형,1,1,2,0,0,37.23392682,126.9836594
평택시,2016   ,2016-07-27 07시,주간,수요일,차대차,기타,운전자법규위반,안전운전 의무 불이행,교차로,교차로부근,승용차,소형,자전거,자전거,1,0,1,0,0,36.98457573,126.92270561
고양시,2016   ,2016-07-27 04시,야간,수요일,차대차,진행중 추돌,운전자법규위반,안전운전 의무 불이행,단일로,기타단일로,승용차,소형,화물차,대형,1,0,1,0,0,37.6503668,126.73614601
양주시,2016   ,2016-07-26 21시,야간,화요일,차대차,정면충돌,운전자법규위반,중앙선 침범,단일로,기타단일로,승용차,경형,승용차,경형,1,1,2,0,0,37.78425144,127.02930112
김포시,2016   ,2016-07-26 15시,주간,화요일,차대차,정면충돌,운전자법규위반,중앙선 침범,단일로,기타단일로,승용차,중형,화물차,소형,1,0,2,0,1,37.68078528,126.56006679
파주시,2016   ,2016-07-26 14시,주간,화요일,차대차,정면충돌,운전자법규위반,안전운전 의무 불이행,단일로,기타단일로,원동기장치자전거,원동기장치자전거,화물차,소형,1,0,1,0,0,37.76745016,126.77949582
파주시,2016   ,2016-07-26 05시,야간,화요일,차량단독,공작물충돌,운전자법규위반,안전운전 의무 불이행,교차로,교차로내,승용차,중형,없음,없음,1,0,1,0,0,37.79788956,126.79477282
수원시,2016   ,2016-07-24 21시,야간,일요일,차대사람,횡단중,운전자법규위반,안전운전 의무 불이행,단일로,기타단일로,승용차,중형,보행자,보행자,1,0,1,0,0,37.29719979,127.00792553
이천시,2016   ,2016-07-24 03시,야간,일요일,차량단독,공작물충돌,운전자법규위반,안전운전 의무 불이행,교차로,교차로부근,승용차,소형,없음,없음,1,0,1,0,0,37.30342242,127.40589168
안산시,2016   ,2016-07-23 10시,주간,토요일,차대차,측면충돌,운전자법규위반,안전운전 의무 불이행,단일로,기타단일로,화물차,소형,자전거,자전거,1,0,1,0,0,37.33343679,126.81284192
수원시,2016   ,2016-07-23 03시,야간,토요일,차대사람,횡단중,운전자법규위반,과속,단일로,횡단보도상,이륜차,소형,보행자,보행자,1,0,2,0,1,37.29925374,127.0119854
하남시,2016   ,2016-07-22 16시,주간,금요일,차대차,정면충돌,운전자법규위반,안전운전 의무 불이행,교차로,교차로내,승합차,대형,이륜차,소형,1,0,1,0,0,37.53519914,127.21340822
수원시,2016   ,2016-07-22 16시,주간,금요일,차대차,기타,운전자법규위반,기타(운전자법규위반),단일로,기타단일로,화물차,중형,승용차,중형,1,0,2,0,1,37.2739668,127.03821554
오산시,2016   ,2016-07-22 11시,주간,금요일,차량단독,공작물충돌,운전자법규위반,안전운전 의무 불이행,단일로,기타단일로,승용차,소형,없음,없음,1,0,1,0,0,37.17636308,127.04052254
남양주시,2016   ,2016-07-22 01시,야간,금요일,차대사람,횡단중,운전자법규위반,안전운전 의무 불이행,단일로,교량위,승용차,중형,보행자,보행자,1,0,1,0,0,37.60423235,127.14943945
성남시,2016   ,2016-07-21 21시,야간,목요일,차량단독,도로이탈 추락,운전자법규위반,안전운전 의무 불이행,기타/불명,기타/불명,자전거,자전거,없음,없음,1,0,1,0,0,37.43242835,127.1187401
성남시,2016   ,2016-07-21 09시,주간,목요일,차대차,기타,운전자법규위반,기타(운전자법규위반),단일로,기타단일로,승용차,중형,화물차,소형,1,2,3,0,0,37.44395879,127.14242207
포천시,2016   ,2016-07-20 22시,야간,수요일,차대차,기타,운전자법규위반,안전운전 의무 불이행,단일로,기타단일로,화물차,중형,자전거,자전거,1,0,1,0,0,37.88082288,127.21299526
안산시,2016   ,2016-07-20 08시,주간,수요일,차량단독,전도전복,운전자법규위반,안전운전 의무 불이행,단일로,기타단일로,자전거,자전거,없음,없음,1,0,1,0,0,37.32388578,126.79354945
여주시,2016   ,2016-07-19 14시,주간,화요일,차량단독,전도전복,운전자법규위반,안전운전 의무 불이행,단일로,기타단일로,농기계,농기계,없음,없음,1,0,1,0,0,37.33728801,127.54903958
오산시,2016   ,2016-07-18 05시,야간,월요일,차대사람,횡단중,운전자법규위반,안전운전 의무 불이행,단일로,기타단일로,승용차,대형,보행자,보행자,1,0,1,0,0,37.14941929,127.06422101
고양시,2016   ,2016-07-17 10시,주간,일요일,차대차,진행중 추돌,운전자법규위반,안전운전 의무 불이행,단일로,기타단일로,승용차,중형,승용차,중형,2,1,5,0,2,37.57930043,126.85778107
수원시,2016   ,2016-07-16 21시,야간,토요일,차대사람,횡단중,운전자법규위반,안전운전 의무 불이행,기타/불명,기타/불명,승용차,소형,보행자,보행자,1,0,1,0,0,37.28194749,127.01648534
평택시,2016   ,2016-07-16 21시,야간,토요일,차대사람,횡단중,운전자법규위반,안전운전 의무 불이행,단일로,기타단일로,승용차,중형,보행자,보행자,1,0,1,0,0,37.1132688,127.06321265
부천시,2016   ,2016-07-16 13시,주간,토요일,차대차,측면충돌,운전자법규위반,안전운전 의무 불이행,교차로,교차로내,승용차,중형,이륜차,소형,1,0,1,0,0,37.52661497,126.78230527
양평군,2016   ,2016-07-16 11시,주간,토요일,차량단독,전도전복,운전자법규위반,안전운전 의무 불이행,단일로,기타단일로,화물차,중형,없음,없음,1,0,1,0,0,37.51893553,127.45579835
파주시,2016   ,2016-07-16 10시,주간,토요일,차대차,측면충돌,운전자법규위반,중앙선 침범,단일로,기타단일로,화물차,대형,화물차,소형,1,0,1,0,0,37.95334459,126.84306467
용인시,2016   ,2016-07-15 23시,야간,금요일,차대차,측면충돌,운전자법규위반,안전운전 의무 불이행,단일로,기타단일로,승용차,대형,이륜차,소형,1,0,2,0,1,37.25251077,127.09140146
안산시,2016   ,2016-07-15 20시,야간,금요일,차대차,정면충돌,운전자법규위반,중앙선 침범,단일로,기타단일로,화물차,소형,승용차,중형,1,6,7,0,0,37.28441943,126.85605389
평택시,2016   ,2016-07-15 13시,주간,금요일,차대차,진행중 추돌,운전자법규위반,안전운전 의무 불이행,단일로,기타단일로,화물차,소형,화물차,대형,1,0,2,0,1,37.03689806,127.0700485
시흥시,2016   ,2016-07-15 10시,주간,금요일,차대차,측면충돌,운전자법규위반,안전운전 의무 불이행,교차로,교차로내,화물차,대형,자전거,자전거,1,0,1,0,0,37.34684723,126.73609296
양주시,2016   ,2016-07-14 17시,주간,목요일,차대사람,횡단중,운전자법규위반,안전운전 의무 불이행,교차로,교차로내,화물차,소형,보행자,보행자,1,0,1,0,0,37.79612071,126.95973523
의정부시,2016   ,2016-07-14 02시,야간,목요일,차량단독,전도전복,운전자법규위반,안전운전 의무 불이행,단일로,기타단일로,승용차,소형,없음,없음,1,0,1,0,0,37.70192858,127.04404755
광주시,2016   ,2016-07-13 20시,야간,수요일,차대사람,기타,운전자법규위반,보행자 보호의무 위반,교차로,교차로부근,승용차,중형,보행자,보행자,1,0,1,0,0,37.34257589,127.19895709
양평군,2016   ,2016-07-13 18시,야간,수요일,차대차,정면충돌,운전자법규위반,안전운전 의무 불이행,단일로,기타단일로,승용차,중형,원동기장치자전거,원동기장치자전거,1,0,1,0,0,37.41651965,127.56759079
안성시,2016   ,2016-07-13 18시,야간,수요일,차대차,기타,운전자법규위반,안전운전 의무 불이행,단일로,기타단일로,승용차,대형,승용차,소형,1,0,1,0,0,37.02839156,127.3392791
성남시,2016   ,2016-07-13 01시,야간,수요일,차대사람,차도통행중,운전자법규위반,안전운전 의무 불이행,기타/불명,기타/불명,승용차,경형,보행자,보행자,1,0,1,0,0,37.37505382,127.10442675
포천시,2016   ,2016-07-11 19시,야간,월요일,차량단독,전도전복,운전자법규위반,안전운전 의무 불이행,교차로,교차로부근,이륜차,소형,없음,없음,1,0,1,0,0,37.81023425,127.21014453
부천시,2016   ,2016-07-09 03시,야간,토요일,차대차,측면충돌,운전자법규위반,신호위반,교차로,교차로내,화물차,대형,이륜차,중형,1,0,1,0,0,37.53181218,126.7891708
이천시,2016   ,2016-07-09 01시,야간,토요일,차대차,진행중 추돌,운전자법규위반,안전운전 의무 불이행,교차로,교차로부근,원동기장치자전거,원동기장치자전거,승용차,소형,1,0,1,0,0,37.28970448,127.45375539
성남시,2016   ,2016-07-08 14시,주간,금요일,차대차,측면충돌,운전자법규위반,과속,단일로,기타단일로,화물차,중형,자전거,자전거,1,0,1,0,0,37.42210144,127.15179342
파주시,2016   ,2016-07-07 23시,야간,목요일,차대사람,차도통행중,운전자법규위반,안전운전 의무 불이행,단일로,기타단일로,승용차,경형,보행자,보행자,1,0,1,0,0,37.70172476,126.71838803
평택시,2016   ,2016-07-07 22시,야간,목요일,차량단독,전도전복,운전자법규위반,안전운전 의무 불이행,교차로,교차로내,화물차,소형,없음,없음,1,0,1,0,0,36.96464868,127.06775904
남양주시,2016   ,2016-07-07 20시,야간,목요일,차대차,정면충돌,운전자법규위반,부당한 회전,단일로,기타단일로,자전거,자전거,승용차,중형,1,0,1,0,0,37.57040565,127.32346823
이천시,2016   ,2016-07-06 08시,주간,수요일,차대차,측면충돌,운전자법규위반,중앙선 침범,단일로,기타단일로,화물차,소형,승용차,경형,1,1,2,0,0,37.30489057,127.4757277
남양주시,2016   ,2016-07-05 12시,주간,화요일,차대사람,횡단중,운전자법규위반,신호위반,교차로,교차로부근,화물차,소형,보행자,보행자,1,0,1,0,0,37.69846696,127.19466525
김포시,2016   ,2016-07-04 13시,주간,월요일,차대차,정면충돌,운전자법규위반,교차로 통행방법 위반,교차로,교차로내,승용차,경형,이륜차,소형,1,0,1,0,0,37.71528317,126.55504743
파주시,2016   ,2016-07-04 05시,야간,월요일,차량단독,전도전복,운전자법규위반,안전운전 의무 불이행,단일로,기타단일로,원동기장치자전거,원동기장치자전거,없음,없음,1,0,1,0,0,37.71647511,126.7596349
포천시,2016   ,2016-07-03 14시,주간,일요일,차대차,정면충돌,운전자법규위반,중앙선 침범,단일로,기타단일로,승용차,경형,승용차,경형,2,2,4,0,0,38.03262402,127.3845695
동두천시,2016   ,2016-07-03 09시,주간,일요일,차대차,측면충돌,운전자법규위반,신호위반,교차로,교차로내,승합차,중형,이륜차,소형,1,0,1,0,0,37.89591393,127.0522938
시흥시,2016   ,2016-07-02 01시,야간,토요일,차대사람,횡단중,운전자법규위반,안전운전 의무 불이행,단일로,기타단일로,승용차,중형,보행자,보행자,1,0,1,0,0,37.3860207,126.74452922
군포시,2016   ,2016-07-01 18시,야간,금요일,차대사람,횡단중,운전자법규위반,안전운전 의무 불이행,단일로,기타단일로,화물차,소형,보행자,보행자,1,0,1,0,0,37.37378011,126.92941548
용인시,2016   ,2016-07-01 18시,야간,금요일,차대사람,기타,운전자법규위반,과속,교차로,교차로부근,승용차,중형,보행자,보행자,1,3,5,1,0,37.23775817,127.20838245