시군명,발생년도,발생일자,주야구분명,사고요일,사고유형_대분류,사고유형,법규위반대분류명,법규위반내용,도로형태_대분류,도로형태,가해자 당사자 종별,당사자1_차종,피해자 당사자 종별,당사자2_차종,사망자수,중상자수,부상자수,부상신고자수,경상자수,WGS84위도,WGS84경도
안산시,2016   ,2016-04-29 19시,야간,금요일,차대사람,횡단중,운전자법규위반,신호위반,교차로,교차로내,승용차,경형,보행자,보행자,1,0,1,0,0,37.33403776,126.81700184
평택시,2016   ,2016-04-28 07시,주간,목요일,차대차,기타,운전자법규위반,안전운전 의무 불이행,교차로,교차로내,승용차,소형,승용차,소형,1,0,2,0,1,37.02367265,126.97964456
의정부시,2016   ,2016-04-28 04시,야간,목요일,차대차,진행중 추돌,운전자법규위반,안전운전 의무 불이행,단일로,교량위,이륜차,소형,건설기계,건설기계,1,0,1,0,0,37.74753902,127.08395034
시흥시,2016   ,2016-04-28 03시,야간,목요일,차대차,정면충돌,운전자법규위반,신호위반,교차로,교차로내,승용차,중형,승용차,중형,1,2,3,0,0,37.35018543,126.73101219
고양시,2016   ,2016-04-27 20시,야간,수요일,차대사람,횡단중,운전자법규위반,과속,교차로,교차로부근,승용차,중형,보행자,보행자,2,0,3,0,1,37.64837585,126.78074976
수원시,2016   ,2016-04-27 20시,야간,수요일,차대사람,횡단중,운전자법규위반,안전운전 의무 불이행,단일로,기타단일로,승용차,중형,보행자,보행자,1,0,1,0,0,37.29475255,127.01557977
고양시,2016   ,2016-04-27 19시,야간,수요일,차대사람,횡단중,운전자법규위반,안전운전 의무 불이행,단일로,기타단일로,화물차,중형,보행자,보행자,1,0,1,0,0,37.69274444,126.74416161
동두천시,2016   ,2016-04-27 11시,주간,수요일,차대사람,기타,운전자법규위반,안전운전 의무 불이행,교차로,교차로내,화물차,중형,보행자,보행자,1,0,4,0,3,37.89253183,127.05886524
포천시,2016   ,2016-04-27 00시,야간,수요일,차대사람,기타,운전자법규위반,안전운전 의무 불이행,단일로,기타단일로,승용차,중형,보행자,보행자,1,0,1,0,0,37.8074783,127.17963047
시흥시,2016   ,2016-04-26 16시,주간,화요일,차대차,측면충돌,운전자법규위반,직진 및 우회전차의 통행방해,교차로,교차로내,화물차,소형,건설기계,건설기계,1,1,2,0,0,37.3317136,126.69668206
안양시,2016   ,2016-04-25 23시,야간,월요일,차대사람,횡단중,운전자법규위반,안전운전 의무 불이행,단일로,기타단일로,승용차,경형,보행자,보행자,1,0,1,0,0,37.37460399,126.95699037
시흥시,2016   ,2016-04-24 19시,야간,일요일,차량단독,공작물충돌,운전자법규위반,안전운전 의무 불이행,단일로,기타단일로,이륜차,소형,없음,없음,1,0,1,0,0,37.37553057,126.72117578
부천시,2016   ,2016-04-24 01시,야간,일요일,차대사람,횡단중,운전자법규위반,안전운전 의무 불이행,교차로,교차로부근,승용차,중형,보행자,보행자,1,0,1,0,0,37.48449306,126.81228648
가평군,2016   ,2016-04-23 07시,주간,토요일,차대차,진행중 추돌,운전자법규위반,안전운전 의무 불이행,단일로,터널안,승용차,중형,건설기계,건설기계,1,0,1,0,0,37.77393276,127.37678584
고양시,2016   ,2016-04-22 12시,주간,금요일,차대차,진행중 추돌,운전자법규위반,안전운전 의무 불이행,단일로,기타단일로,화물차,소형,화물차,소형,1,0,2,0,1,37.59683422,126.808807
화성시,2016   ,2016-04-22 06시,주간,금요일,차량단독,전도전복,운전자법규위반,안전운전 의무 불이행,단일로,기타단일로,이륜차,소형,없음,없음,1,0,1,0,0,37.22743578,127.0520603
광주시,2016   ,2016-04-21 19시,야간,목요일,차대사람,횡단중,운전자법규위반,보행자 보호의무 위반,단일로,횡단보도상,승합차,소형,보행자,보행자,1,0,1,0,0,37.36055454,127.15153595
포천시,2016   ,2016-04-21 13시,주간,목요일,차대차,정면충돌,운전자법규위반,중앙선 침범,단일로,기타단일로,승용차,경형,화물차,대형,1,1,2,0,0,37.86134083,127.18977685
광주시,2016   ,2016-04-20 13시,주간,수요일,차대사람,횡단중,운전자법규위반,보행자 보호의무 위반,단일로,횡단보도상,승용차,대형,보행자,보행자,1,0,1,0,0,37.41386153,127.25554737
용인시,2016   ,2016-04-20 04시,야간,수요일,차대사람,횡단중,운전자법규위반,안전운전 의무 불이행,교차로,교차로부근,승용차,경형,보행자,보행자,1,0,1,0,0,37.30913008,127.10549461
포천시,2016   ,2016-04-19 01시,야간,화요일,차대차,진행중 추돌,운전자법규위반,안전운전 의무 불이행,단일로,기타단일로,승용차,중형,화물차,중형,2,2,5,0,1,37.88238024,127.21221594
하남시,2016   ,2016-04-18 15시,주간,월요일,차대차,정면충돌,운전자법규위반,중앙선 침범,단일로,기타단일로,화물차,소형,화물차,소형,1,1,2,0,0,37.54384204,127.17470579
여주시,2016   ,2016-04-18 08시,주간,월요일,차대차,측면충돌,운전자법규위반,과속,교차로,교차로내,화물차,중형,자전거,자전거,1,0,1,0,0,37.29910539,127.58103686
용인시,2016   ,2016-04-17 20시,야간,일요일,차대사람,기타,운전자법규위반,안전운전 의무 불이행,단일로,기타단일로,승합차,대형,보행자,보행자,1,0,1,0,0,37.23244216,127.2093048
성남시,2016   ,2016-04-17 06시,주간,일요일,차대차,진행중 추돌,운전자법규위반,과속,교차로,교차로부근,승용차,중형,승용차,경형,1,0,2,0,1,37.4299069,127.15164424
광주시,2016   ,2016-04-17 05시,야간,일요일,차대사람,횡단중,운전자법규위반,보행자 보호의무 위반,단일로,횡단보도상,화물차,소형,보행자,보행자,1,0,1,0,0,37.43042395,127.23649321
남양주시,2016   ,2016-04-17 01시,야간,일요일,차대차,정면충돌,운전자법규위반,중앙선 침범,기타/불명,기타/불명,승용차,중형,승용차,경형,1,2,3,0,0,37.67267407,127.19946557
파주시,2016   ,2016-04-16 22시,야간,토요일,차량단독,전도전복,운전자법규위반,안전운전 의무 불이행,단일로,기타단일로,원동기장치자전거,원동기장치자전거,없음,없음,1,0,1,0,0,37.75792478,126.80525607
고양시,2016   ,2016-04-16 19시,야간,토요일,차대차,진행중 추돌,운전자법규위반,안전운전 의무 불이행,단일로,기타단일로,화물차,소형,화물차,소형,1,0,3,0,2,37.6665739,126.84744874
포천시,2016   ,2016-04-15 13시,주간,금요일,차대차,진행중 추돌,운전자법규위반,과속,단일로,기타단일로,화물차,소형,이륜차,소형,1,0,1,0,0,37.80408236,127.24714434
광주시,2016   ,2016-04-15 08시,주간,금요일,차대사람,횡단중,운전자법규위반,보행자 보호의무 위반,교차로,교차로내,승용차,중형,보행자,보행자,1,0,1,0,0,37.40790997,127.25435765
성남시,2016   ,2016-04-15 04시,야간,금요일,차량단독,공작물충돌,운전자법규위반,안전운전 의무 불이행,단일로,기타단일로,이륜차,소형,없음,없음,1,0,1,0,0,37.33700916,127.1161975
용인시,2016   ,2016-04-14 16시,주간,목요일,차대사람,횡단중,운전자법규위반,보행자 보호의무 위반,교차로,교차로부근,승용차,경형,보행자,보행자,1,0,1,0,0,37.32573718,127.11201083
부천시,2016   ,2016-04-14 16시,주간,목요일,차량단독,공작물충돌,운전자법규위반,안전운전 의무 불이행,단일로,기타단일로,자전거,자전거,없음,없음,1,0,1,0,0,37.47970433,126.78304825
광명시,2016   ,2016-04-14 10시,주간,목요일,차대사람,길가장자리구역통행중,운전자법규위반,안전운전 의무 불이행,단일로,기타단일로,화물차,소형,보행자,보행자,1,0,1,0,0,37.43650175,126.87844574
안양시,2016   ,2016-04-14 00시,야간,목요일,차대사람,횡단중,운전자법규위반,안전운전 의무 불이행,단일로,기타단일로,승용차,중형,보행자,보행자,1,0,1,0,0,37.39572941,126.92401832
파주시,2016   ,2016-04-13 15시,주간,수요일,차대차,정면충돌,운전자법규위반,신호위반,교차로,교차로내,승합차,대형,원동기장치자전거,원동기장치자전거,1,0,1,0,0,37.92185093,126.83935139
포천시,2016   ,2016-04-13 14시,주간,수요일,차대차,정면충돌,운전자법규위반,중앙선 침범,단일로,기타단일로,이륜차,소형,승용차,경형,1,0,1,0,0,37.93486038,127.12488799
성남시,2016   ,2016-04-13 05시,야간,수요일,차대차,기타,운전자법규위반,안전운전 의무 불이행,교차로,교차로내,승용차,소형,자전거,자전거,1,0,1,0,0,37.3823931,127.12158029
용인시,2016   ,2016-04-12 18시,야간,화요일,차량단독,전도전복,운전자법규위반,안전운전 의무 불이행,단일로,기타단일로,이륜차,소형,없음,없음,1,0,1,0,0,37.33627491,127.09337525
시흥시,2016   ,2016-04-12 05시,야간,화요일,차대사람,기타,운전자법규위반,과속,단일로,기타단일로,화물차,소형,보행자,보행자,1,2,5,1,1,37.36851988,126.87148552
수원시,2016   ,2016-04-11 20시,야간,월요일,차대차,기타,운전자법규위반,안전운전 의무 불이행,단일로,기타단일로,승용차,경형,자전거,자전거,1,0,1,0,0,37.31957606,127.01540921
안양시,2016   ,2016-04-11 19시,야간,월요일,차대차,진행중 추돌,운전자법규위반,중앙선 침범,단일로,교량위,승용차,대형,자전거,자전거,1,0,1,0,0,37.38918734,126.9097781
남양주시,2016   ,2016-04-11 18시,야간,월요일,차대차,정면충돌,운전자법규위반,신호위반,교차로,교차로내,화물차,소형,이륜차,소형,1,0,1,0,0,37.66549931,127.18559348
용인시,2016   ,2016-04-11 05시,야간,월요일,차대사람,횡단중,운전자법규위반,안전운전 의무 불이행,교차로,교차로내,승용차,중형,보행자,보행자,1,0,1,0,0,37.25905948,127.2125519
용인시,2016   ,2016-04-11 04시,야간,월요일,차대차,정면충돌,운전자법규위반,안전운전 의무 불이행,교차로,교차로부근,승용차,경형,건설기계,건설기계,1,0,1,0,0,37.23334331,127.21664037
의정부시,2016   ,2016-04-11 04시,야간,월요일,차대사람,횡단중,운전자법규위반,보행자 보호의무 위반,단일로,기타단일로,승용차,경형,보행자,보행자,1,0,1,0,0,37.73982237,127.05163524
용인시,2016   ,2016-04-11 02시,야간,월요일,차량단독,공작물충돌,운전자법규위반,안전운전 의무 불이행,교차로,교차로부근,승용차,중형,없음,없음,1,0,1,0,0,37.24401052,127.10466169
광주시,2016   ,2016-04-10 01시,야간,일요일,차대차,진행중 추돌,운전자법규위반,안전운전 의무 불이행,단일로,기타단일로,승용차,대형,승용차,경형,1,0,1,0,0,37.41122759,127.19991428
안성시,2016   ,2016-04-09 10시,주간,토요일,차량단독,전도전복,운전자법규위반,안전운전 의무 불이행,기타/불명,기타/불명,승용차,중형,없음,없음,1,0,1,0,0,37.0059048,127.17090904
성남시,2016   ,2016-04-08 01시,야간,금요일,차량단독,공작물충돌,운전자법규위반,안전운전 의무 불이행,단일로,기타단일로,승합차,소형,없음,없음,1,0,1,0,0,37.43527166,127.122795
평택시,2016   ,2016-04-07 21시,야간,목요일,차대사람,기타,운전자법규위반,안전운전 의무 불이행,단일로,기타단일로,승용차,중형,보행자,보행자,1,0,1,0,0,37.12296777,127.06558845
수원시,2016   ,2016-04-07 19시,야간,목요일,차대사람,차도통행중,운전자법규위반,안전운전 의무 불이행,단일로,기타단일로,승용차,대형,보행자,보행자,1,0,1,0,0,37.29965843,127.0504363
성남시,2016   ,2016-04-07 19시,야간,목요일,차대차,측면충돌,운전자법규위반,신호위반,교차로,교차로부근,이륜차,소형,승용차,경형,1,0,1,0,0,37.43269707,127.16583956
포천시,2016   ,2016-04-07 14시,주간,목요일,차대차,기타,운전자법규위반,기타(운전자법규위반),단일로,기타단일로,화물차,중형,화물차,대형,1,0,1,0,0,37.7875392,127.2138902
이천시,2016   ,2016-04-07 08시,주간,목요일,차대차,정면충돌,운전자법규위반,안전운전 의무 불이행,교차로,교차로내,승용차,경형,화물차,소형,1,0,2,0,1,37.2087133,127.3868394
화성시,2016   ,2016-04-06 18시,야간,수요일,차대차,측면충돌,운전자법규위반,안전운전 의무 불이행,단일로,기타단일로,화물차,소형,원동기장치자전거,원동기장치자전거,1,0,1,0,0,37.16977459,126.87690876
양평군,2016   ,2016-04-06 13시,주간,수요일,차대차,기타,운전자법규위반,안전운전 의무 불이행,단일로,기타단일로,승용차,경형,이륜차,소형,1,0,1,0,0,37.51370848,127.43771918
남양주시,2016   ,2016-04-05 20시,야간,화요일,차대차,진행중 추돌,운전자법규위반,안전운전 의무 불이행,단일로,기타단일로,승용차,중형,건설기계,건설기계,1,0,2,0,1,37.75499269,127.21772774
광명시,2016   ,2016-04-05 18시,야간,화요일,차대차,측면충돌,운전자법규위반,안전운전 의무 불이행,교차로,교차로내,특수차,경형,이륜차,소형,1,0,1,0,0,37.46373836,126.83333954
성남시,2016   ,2016-04-05 02시,야간,화요일,차대차,측면충돌,운전자법규위반,신호위반,교차로,교차로내,자전거,자전거,승용차,경형,1,0,1,0,0,37.39140232,127.12015677
여주시,2016   ,2016-04-04 09시,주간,월요일,차대사람,횡단중,운전자법규위반,안전운전 의무 불이행,교차로,교차로부근,화물차,중형,보행자,보행자,1,0,1,0,0,37.26080758,127.60100228
안산시,2016   ,2016-04-04 01시,야간,월요일,차대차,진행중 추돌,운전자법규위반,과속,단일로,기타단일로,승용차,대형,원동기장치자전거,원동기장치자전거,1,0,1,0,0,37.29799601,126.58645786
연천군,2016   ,2016-04-03 11시,주간,일요일,차량단독,공작물충돌,운전자법규위반,안전운전 의무 불이행,단일로,기타단일로,승용차,중형,없음,없음,1,1,2,0,0,38.03530078,127.09006515
안성시,2016   ,2016-04-02 22시,야간,토요일,차대사람,기타,운전자법규위반,안전운전 의무 불이행,단일로,기타단일로,화물차,소형,보행자,보행자,1,0,1,0,0,37.02252496,127.27397383
남양주시,2016   ,2016-04-02 15시,주간,토요일,차대차,진행중 추돌,운전자법규위반,안전운전 의무 불이행,단일로,기타단일로,화물차,소형,화물차,소형,1,4,5,0,0,37.53040869,127.28830678
평택시,2016   ,2016-04-01 22시,야간,금요일,차대차,진행중 추돌,운전자법규위반,안전운전 의무 불이행,교차로,교차로부근,원동기장치자전거,원동기장치자전거,화물차,소형,1,0,1,0,0,36.99641444,127.13454878
양주시,2016   ,2016-04-01 19시,야간,금요일,차대사람,횡단중,운전자법규위반,과속,단일로,횡단보도부근,승용차,소형,보행자,보행자,1,0,1,0,0,37.80674605,126.96541735
동두천시,2016   ,2016-04-01 04시,야간,금요일,차대사람,기타,운전자법규위반,안전운전 의무 불이행,단일로,기타단일로,화물차,중형,보행자,보행자,1,0,1,0,0,37.97412681,127.06637019
안산시,2016   ,2016-04-01 03시,야간,금요일,차대사람,횡단중,운전자법규위반,안전운전 의무 불이행,교차로,교차로내,화물차,소형,보행자,보행자,1,0,1,0,0,37.31658178,126.83666157
안산시,2016   ,2016-04-01 00시,야간,금요일,차대사람,횡단중,운전자법규위반,과속,단일로,기타단일로,승용차,소형,보행자,보행자,1,0,1,0,0,37.31723852,126.82369966
성남시,2016   ,2016-03-31 19시,야간,목요일,차대차,정면충돌,운전자법규위반,안전운전 의무 불이행,단일로,기타단일로,승용차,경형,승용차,경형,1,0,2,0,1,37.36663701,127.12727224
광명시,2016   ,2016-03-30 03시,야간,수요일,차량단독,전도전복,운전자법규위반,안전운전 의무 불이행,단일로,기타단일로,이륜차,소형,없음,없음,1,0,1,0,0,37.45368977,126.85307912
의정부시,2016   ,2016-03-29 22시,야간,화요일,차대사람,횡단중,운전자법규위반,안전운전 의무 불이행,단일로,횡단보도상,승용차,중형,보행자,보행자,1,0,1,0,0,37.73907784,127.04317286
안산시,2016   ,2016-03-28 20시,야간,월요일,차대차,측면충돌,운전자법규위반,부당한 회전,교차로,교차로내,자전거,자전거,승용차,중형,1,0,1,0,0,37.32671125,126.78523818
성남시,2016   ,2016-03-28 11시,주간,월요일,차대차,진행중 추돌,운전자법규위반,안전운전 의무 불이행,단일로,기타단일로,화물차,소형,화물차,중형,1,0,4,0,3,37.42155828,127.15406756
남양주시,2016   ,2016-03-28 10시,주간,월요일,차대사람,차도통행중,운전자법규위반,안전운전 의무 불이행,교차로,교차로내,승용차,대형,보행자,보행자,1,0,1,0,0,37.60803554,127.16162377
화성시,2016   ,2016-03-26 12시,주간,토요일,차대차,진행중 추돌,운전자법규위반,안전운전 의무 불이행,단일로,기타단일로,승용차,중형,이륜차,대형,1,0,1,0,0,37.16484234,126.70491663
파주시,2016   ,2016-03-25 09시,주간,금요일,차대차,진행중 추돌,운전자법규위반,신호위반,교차로,교차로내,승용차,경형,승합차,경형,1,0,2,0,1,37.72970797,126.74285551
안산시,2016   ,2016-03-25 08시,주간,금요일,차대차,측면충돌,운전자법규위반,신호위반,교차로,교차로내,승용차,대형,이륜차,소형,1,0,1,0,0,37.30457008,126.82931969
용인시,2016   ,2016-03-25 06시,주간,금요일,차대사람,횡단중,운전자법규위반,안전운전 의무 불이행,단일로,기타단일로,승용차,경형,보행자,보행자,1,0,1,0,0,37.23326806,127.21533293
안산시,2016   ,2016-03-25 05시,야간,금요일,차량단독,기타,운전자법규위반,안전운전 의무 불이행,단일로,기타단일로,이륜차,소형,없음,없음,1,0,1,0,0,37.30410311,126.85891016
화성시,2016   ,2016-03-25 04시,야간,금요일,차량단독,공작물충돌,운전자법규위반,안전운전 의무 불이행,교차로,교차로부근,승용차,경형,없음,없음,1,1,2,0,0,37.20181895,127.00261806
의정부시,2016   ,2016-03-25 02시,야간,금요일,차대차,측면충돌,운전자법규위반,신호위반,교차로,교차로내,승용차,중형,승용차,소형,1,1,2,0,0,37.75704383,127.08024163
김포시,2016   ,2016-03-23 23시,야간,수요일,차대사람,횡단중,운전자법규위반,과속,교차로,교차로부근,승용차,중형,보행자,보행자,1,0,1,0,0,37.68404058,126.61622044
화성시,2016   ,2016-03-23 20시,야간,수요일,차량단독,공작물충돌,운전자법규위반,안전운전 의무 불이행,단일로,기타단일로,승용차,대형,없음,없음,1,0,1,0,0,37.21353755,127.03144988
포천시,2016   ,2016-03-22 21시,야간,화요일,차대사람,기타,운전자법규위반,안전운전 의무 불이행,단일로,기타단일로,승용차,중형,보행자,보행자,1,0,1,0,0,37.84235409,127.16804594
고양시,2016   ,2016-03-22 17시,주간,화요일,차대차,기타,운전자법규위반,안전운전 의무 불이행,단일로,횡단보도상,승합차,대형,자전거,자전거,1,0,1,0,0,37.68094017,126.74886302
화성시,2016   ,2016-03-22 15시,주간,화요일,차량단독,전도전복,운전자법규위반,안전운전 의무 불이행,단일로,기타단일로,이륜차,소형,없음,없음,1,0,1,0,0,37.0709074,126.91944206
성남시,2016   ,2016-03-22 06시,주간,화요일,차대차,기타,운전자법규위반,안전운전 의무 불이행,교차로,교차로내,승용차,경형,승용차,경형,1,0,4,0,3,37.37231322,127.10430561
시흥시,2016   ,2016-03-20 15시,주간,일요일,차량단독,공작물충돌,운전자법규위반,안전운전 의무 불이행,단일로,기타단일로,화물차,소형,없음,없음,2,0,3,0,1,37.41617721,126.76840972
남양주시,2016   ,2016-03-20 05시,야간,일요일,차대차,기타,운전자법규위반,안전운전 의무 불이행,단일로,기타단일로,화물차,소형,승용차,중형,1,0,1,0,0,37.60442561,127.25452861
파주시,2016   ,2016-03-20 02시,야간,일요일,차량단독,전도전복,운전자법규위반,안전운전 의무 불이행,단일로,기타단일로,건설기계,건설기계,없음,없음,1,0,1,0,0,37.82173236,126.74304122
화성시,2016   ,2016-03-18 19시,야간,금요일,차대차,측면충돌,운전자법규위반,안전운전 의무 불이행,교차로,교차로부근,승용차,대형,이륜차,소형,1,0,1,0,0,37.20522684,127.07200293
부천시,2016   ,2016-03-18 10시,주간,금요일,차대차,정면충돌,운전자법규위반,신호위반,교차로,교차로내,승용차,대형,이륜차,소형,1,0,1,0,0,37.53213923,126.78959779
수원시,2016   ,2016-03-17 22시,야간,목요일,차대사람,횡단중,운전자법규위반,안전운전 의무 불이행,단일로,기타단일로,승용차,중형,보행자,보행자,1,0,1,0,0,37.29572252,126.98073255
파주시,2016   ,2016-03-16 20시,야간,수요일,차대사람,횡단중,운전자법규위반,안전운전 의무 불이행,단일로,기타단일로,승용차,중형,보행자,보행자,1,0,1,0,0,37.77246814,126.82949849
고양시,2016   ,2016-03-16 18시,야간,수요일,차대차,측면충돌,운전자법규위반,신호위반,교차로,교차로내,화물차,소형,자전거,자전거,1,0,1,0,0,37.69104891,126.9008606
안성시,2016   ,2016-03-16 06시,주간,수요일,차대사람,횡단중,운전자법규위반,안전운전 의무 불이행,단일로,기타단일로,승용차,중형,보행자,보행자,1,0,1,0,0,37.01629863,127.26149189
안산시,2016   ,2016-03-16 05시,야간,수요일,차대사람,횡단중,운전자법규위반,과속,교차로,교차로부근,승용차,중형,보행자,보행자,1,0,1,0,0,37.31575156,126.82217814
광주시,2016   ,2016-03-15 19시,야간,화요일,차대차,진행중 추돌,운전자법규위반,안전운전 의무 불이행,단일로,기타단일로,화물차,소형,화물차,소형,1,0,1,0,0,37.35020862,127.34191516
과천시,2016   ,2016-03-15 18시,야간,화요일,차대차,측면충돌,운전자법규위반,안전운전 의무 불이행,단일로,기타단일로,승용차,중형,이륜차,대형,1,0,1,0,0,37.4293169,126.9976921
파주시,2016   ,2016-03-14 17시,주간,월요일,차대차,측면충돌,운전자법규위반,직진 및 우회전차의 통행방해,교차로,교차로내,화물차,소형,화물차,소형,1,0,1,0,0,37.73706107,126.76684097
포천시,2016   ,2016-03-14 15시,주간,월요일,차대차,진행중 추돌,운전자법규위반,신호위반,교차로,교차로내,건설기계,건설기계,화물차,소형,1,1,2,0,0,37.822141,127.26267203
성남시,2016   ,2016-03-14 11시,주간,월요일,차대차,진행중 추돌,운전자법규위반,안전운전 의무 불이행,단일로,기타단일로,승합차,대형,농기계,농기계,1,0,1,0,0,37.39101297,127.12811184
안양시,2016   ,2016-03-14 10시,주간,월요일,차대사람,횡단중,운전자법규위반,신호위반,교차로,교차로부근,승합차,대형,보행자,보행자,1,0,1,0,0,37.39420952,126.91189653
안산시,2016   ,2016-03-11 11시,주간,금요일,차대차,측면충돌,운전자법규위반,직진 및 우회전차의 통행방해,교차로,교차로내,승합차,소형,특수차,소형,1,6,7,0,0,37.23939229,126.60580163
여주시,2016   ,2016-03-09 19시,야간,수요일,차대사람,차도통행중,운전자법규위반,안전운전 의무 불이행,단일로,기타단일로,승용차,중형,보행자,보행자,1,0,1,0,0,37.2815201,127.56477379
고양시,2016   ,2016-03-09 10시,주간,수요일,차대차,진행중 추돌,운전자법규위반,안전운전 의무 불이행,단일로,기타단일로,화물차,소형,건설기계,건설기계,1,0,2,0,1,37.64720744,126.74240157
수원시,2016   ,2016-03-09 04시,야간,수요일,차대사람,횡단중,운전자법규위반,안전운전 의무 불이행,단일로,기타단일로,승용차,중형,보행자,보행자,1,0,1,0,0,37.27048212,127.01878062
남양주시,2016   ,2016-03-07 21시,야간,월요일,차대차,기타,운전자법규위반,신호위반,교차로,교차로내,승합차,경형,이륜차,소형,1,0,1,0,0,37.69865825,127.20250287
의정부시,2016   ,2016-03-05 04시,야간,토요일,차량단독,전도전복,운전자법규위반,안전운전 의무 불이행,단일로,기타단일로,승용차,중형,없음,없음,1,0,1,0,0,37.73255382,127.0901852
안산시,2016   ,2016-03-05 04시,야간,토요일,차대차,정면충돌,운전자법규위반,중앙선 침범,단일로,기타단일로,승용차,소형,승용차,중형,1,1,3,0,1,37.3286161,126.83682668
광명시,2016   ,2016-03-03 06시,주간,목요일,차대차,진행중 추돌,운전자법규위반,안전운전 의무 불이행,단일로,기타단일로,승용차,중형,건설기계,건설기계,1,0,1,0,0,37.42760188,126.88123191
김포시,2016   ,2016-03-02 16시,주간,수요일,차대사람,횡단중,운전자법규위반,안전운전 의무 불이행,교차로,교차로내,특수차,대형,보행자,보행자,1,0,1,0,0,37.71973145,126.63431403
과천시,2016   ,2016-03-02 08시,주간,수요일,차대차,기타,운전자법규위반,안전거리 미확보,단일로,기타단일로,이륜차,중형,승합차,대형,1,0,1,0,0,37.45503814,126.99049873
안양시,2016   ,2016-03-01 01시,야간,화요일,차대차,진행중 추돌,운전자법규위반,신호위반,교차로,교차로내,승합차,소형,이륜차,소형,1,0,1,0,0,37.37015445,126.95770007
시흥시,2016   ,2016-03-01 01시,야간,화요일,차대사람,횡단중,운전자법규위반,신호위반,교차로,교차로부근,승합차,중형,보행자,보행자,1,0,1,0,0,37.35005111,126.73114905
평택시,2016   ,2016-02-29 20시,야간,월요일,차대사람,횡단중,운전자법규위반,안전운전 의무 불이행,단일로,기타단일로,승합차,소형,보행자,보행자,1,0,1,0,0,37.08311372,127.05765889
평택시,2016   ,2016-02-28 19시,야간,일요일,차대사람,기타,운전자법규위반,안전운전 의무 불이행,단일로,기타단일로,승용차,중형,보행자,보행자,1,1,2,0,0,37.01543666,127.04865386
성남시,2016   ,2016-02-27 12시,주간,토요일,차대사람,횡단중,운전자법규위반,보행자 보호의무 위반,교차로,교차로부근,건설기계,건설기계,보행자,보행자,1,0,1,0,0,37.44317297,127.1389213
가평군,2016   ,2016-02-27 07시,주간,토요일,차대차,측면충돌,운전자법규위반,신호위반,교차로,교차로내,승용차,소형,화물차,소형,2,7,9,0,0,37.69760391,127.38418342
이천시,2016   ,2016-02-27 06시,주간,토요일,차대차,측면충돌,운전자법규위반,과속,단일로,기타단일로,승용차,중형,승합차,소형,1,1,6,0,4,37.28042991,127.38769097
부천시,2016   ,2016-02-27 06시,주간,토요일,차대사람,기타,운전자법규위반,안전운전 의무 불이행,단일로,기타단일로,승용차,중형,보행자,보행자,1,0,1,0,0,37.51082044,126.75991729
부천시,2016   ,2016-02-26 14시,주간,금요일,차대사람,횡단중,운전자법규위반,보행자 보호의무 위반,교차로,교차로내,승용차,경형,보행자,보행자,1,0,1,0,0,37.48109819,126.80513548
남양주시,2016   ,2016-02-26 09시,주간,금요일,차대사람,횡단중,운전자법규위반,안전운전 의무 불이행,교차로,교차로내,화물차,소형,보행자,보행자,1,0,1,0,0,37.74555937,127.2008964
이천시,2016   ,2016-02-25 23시,야간,목요일,차대차,진행중 추돌,운전자법규위반,안전거리 미확보,단일로,기타단일로,화물차,중형,화물차,중형,1,1,2,0,0,37.23444809,127.43392494
수원시,2016   ,2016-02-25 11시,주간,목요일,차대사람,횡단중,운전자법규위반,안전운전 의무 불이행,교차로,교차로부근,화물차,중형,보행자,보행자,1,0,1,0,0,37.24217271,127.01740476
김포시,2016   ,2016-02-25 07시,주간,목요일,차대차,측면충돌,운전자법규위반,신호위반,교차로,교차로내,화물차,중형,승합차,대형,1,0,1,0,0,37.69463135,126.5890312
안산시,2016   ,2016-02-25 06시,주간,목요일,차대사람,횡단중,운전자법규위반,안전운전 의무 불이행,단일로,기타단일로,승용차,소형,보행자,보행자,1,0,1,0,0,37.3028495,126.84724218
파주시,2016   ,2016-02-24 17시,주간,수요일,차대차,정면충돌,운전자법규위반,중앙선 침범,단일로,기타단일로,승용차,중형,건설기계,건설기계,1,2,3,0,0,37.80760226,126.85554763
군포시,2016   ,2016-02-24 09시,주간,수요일,차대사람,횡단중,운전자법규위반,보행자 보호의무 위반,단일로,횡단보도상,승용차,대형,보행자,보행자,1,0,1,0,0,37.327426,126.91723717
시흥시,2016   ,2016-02-24 00시,야간,수요일,차대차,진행중 추돌,운전자법규위반,과속,교차로,교차로부근,특수차,소형,화물차,소형,1,0,1,0,0,37.32574994,126.73389117
포천시,2016   ,2016-02-23 19시,야간,화요일,차대사람,횡단중,운전자법규위반,안전운전 의무 불이행,단일로,교량위,승용차,경형,보행자,보행자,1,0,1,0,0,37.84958638,127.19615733
수원시,2016   ,2016-02-22 20시,야간,월요일,차대사람,차도통행중,운전자법규위반,안전운전 의무 불이행,단일로,기타단일로,승합차,대형,보행자,보행자,1,0,1,0,0,37.27057862,127.05979035
부천시,2016   ,2016-02-20 02시,야간,토요일,차대사람,횡단중,운전자법규위반,안전운전 의무 불이행,단일로,기타단일로,승용차,소형,보행자,보행자,1,0,1,0,0,37.50580124,126.7529634
용인시,2016   ,2016-02-19 18시,야간,금요일,차대사람,횡단중,운전자법규위반,안전운전 의무 불이행,단일로,기타단일로,승용차,중형,보행자,보행자,1,0,1,0,0,37.3360202,127.16448468
수원시,2016   ,2016-02-19 01시,야간,금요일,차대사람,횡단중,운전자법규위반,과속,단일로,기타단일로,승용차,대형,보행자,보행자,1,0,1,0,0,37.24712741,127.07294999
안양시,2016   ,2016-02-17 19시,야간,수요일,차대사람,기타,운전자법규위반,안전운전 의무 불이행,단일로,기타단일로,승용차,중형,보행자,보행자,1,0,1,0,0,37.40552259,126.94182986