시군명,발생년도,발생일자,주야구분명,사고요일,사고유형_대분류,사고유형,법규위반대분류명,법규위반내용,도로형태_대분류,도로형태,가해자 당사자 종별,당사자1_차종,피해자 당사자 종별,당사자2_차종,사망자수,중상자수,부상자수,부상신고자수,경상자수,WGS84위도,WGS84경도
김포시,2016   ,2016-02-15 15시,주간,월요일,차대사람,횡단중,운전자법규위반,보행자 보호의무 위반,단일로,횡단보도상,건설기계,건설기계,보행자,보행자,1,0,1,0,0,37.65033468,126.67515879
평택시,2016   ,2016-02-15 12시,주간,월요일,차대차,정면충돌,운전자법규위반,신호위반,교차로,교차로내,이륜차,소형,승용차,중형,1,0,1,0,0,37.06701832,127.05874227
안양시,2016   ,2016-02-13 02시,야간,토요일,차량단독,공작물충돌,운전자법규위반,안전운전 의무 불이행,단일로,기타단일로,승용차,중형,없음,없음,1,0,1,0,0,37.40729705,126.92279983
안양시,2016   ,2016-02-12 02시,야간,금요일,차대사람,기타,운전자법규위반,안전운전 의무 불이행,단일로,기타단일로,승용차,중형,보행자,보행자,1,0,1,0,0,37.40281966,126.9270034
부천시,2016   ,2016-02-12 01시,야간,금요일,차대차,정면충돌,운전자법규위반,안전운전 의무 불이행,교차로,교차로내,승용차,경형,승용차,중형,1,0,1,0,0,37.50579351,126.75316713
의왕시,2016   ,2016-02-11 23시,야간,목요일,차대사람,횡단중,운전자법규위반,과속,단일로,기타단일로,화물차,중형,보행자,보행자,1,0,1,0,0,37.3477112,126.98413446
시흥시,2016   ,2016-02-10 19시,야간,수요일,차대사람,횡단중,운전자법규위반,안전운전 의무 불이행,교차로,교차로내,승용차,중형,보행자,보행자,1,0,1,0,0,37.45392966,126.83299698
부천시,2016   ,2016-02-10 02시,야간,수요일,차대사람,횡단중,운전자법규위반,안전운전 의무 불이행,교차로,교차로내,승용차,중형,보행자,보행자,1,0,1,0,0,37.48301213,126.78450965
광주시,2016   ,2016-02-10 01시,야간,수요일,차량단독,공작물충돌,운전자법규위반,과속,단일로,기타단일로,승용차,중형,없음,없음,1,1,3,0,1,37.38768078,127.27122165
안산시,2016   ,2016-02-09 19시,야간,화요일,차대차,측면충돌,운전자법규위반,안전운전 의무 불이행,교차로,교차로부근,이륜차,소형,승용차,중형,1,0,1,0,0,37.3035834,126.84303827
양평군,2016   ,2016-02-09 11시,주간,화요일,차량단독,전도전복,운전자법규위반,안전운전 의무 불이행,단일로,기타단일로,이륜차,사발이,없음,없음,1,0,1,0,0,37.44798689,127.62320895
고양시,2016   ,2016-02-08 23시,야간,월요일,차량단독,전도전복,운전자법규위반,안전운전 의무 불이행,단일로,기타단일로,승용차,중형,없음,없음,1,1,2,0,0,37.67790652,126.79623901
용인시,2016   ,2016-02-07 19시,야간,일요일,차대사람,길가장자리구역통행중,운전자법규위반,과속,단일로,기타단일로,승용차,대형,보행자,보행자,1,1,4,0,2,37.2680359,127.06938069
남양주시,2016   ,2016-02-07 15시,주간,일요일,차대사람,횡단중,운전자법규위반,안전운전 의무 불이행,단일로,기타단일로,승합차,대형,보행자,보행자,1,0,1,0,0,37.71573429,127.1802415
평택시,2016   ,2016-02-07 10시,주간,일요일,차대차,측면충돌,운전자법규위반,신호위반,교차로,교차로내,승합차,경형,화물차,소형,2,4,13,0,7,37.09259091,127.06339887
수원시,2016   ,2016-02-06 19시,야간,토요일,차대사람,기타,운전자법규위반,안전운전 의무 불이행,단일로,기타단일로,승용차,중형,보행자,보행자,1,0,1,0,0,37.30201197,127.00331302
광주시,2016   ,2016-02-06 01시,야간,토요일,차대사람,횡단중,운전자법규위반,안전운전 의무 불이행,단일로,기타단일로,승용차,경형,보행자,보행자,1,0,1,0,0,37.38746715,127.28715041
성남시,2016   ,2016-02-06 01시,야간,토요일,차대사람,횡단중,운전자법규위반,안전운전 의무 불이행,단일로,기타단일로,승합차,경형,보행자,보행자,1,0,1,0,0,37.4371645,127.14012578
고양시,2016   ,2016-02-05 23시,야간,금요일,차대사람,차도통행중,운전자법규위반,과속,단일로,기타단일로,승용차,경형,보행자,보행자,1,0,1,0,0,37.63742736,126.86944257
시흥시,2016   ,2016-02-05 22시,야간,금요일,차대차,측면충돌,운전자법규위반,신호위반,교차로,교차로내,승용차,소형,승합차,대형,1,0,1,0,0,37.3327357,126.70521624
파주시,2016   ,2016-02-05 13시,주간,금요일,차대사람,기타,운전자법규위반,안전운전 의무 불이행,단일로,기타단일로,승용차,경형,보행자,보행자,1,0,1,0,0,37.74503845,126.78308424
화성시,2016   ,2016-02-05 10시,주간,금요일,차대사람,횡단중,운전자법규위반,안전운전 의무 불이행,단일로,기타단일로,승용차,소형,보행자,보행자,1,0,1,0,0,37.13312584,126.91087221
부천시,2016   ,2016-02-05 06시,주간,금요일,차대사람,횡단중,운전자법규위반,안전운전 의무 불이행,단일로,횡단보도상,승용차,대형,보행자,보행자,1,0,1,0,0,37.52015949,126.77023604
용인시,2016   ,2016-02-05 00시,야간,금요일,차대사람,횡단중,운전자법규위반,안전운전 의무 불이행,교차로,교차로부근,승용차,중형,보행자,보행자,1,0,2,0,1,37.33618994,127.1028583
용인시,2016   ,2016-02-04 23시,야간,목요일,차대차,정면충돌,운전자법규위반,안전운전 의무 불이행,단일로,기타단일로,화물차,소형,화물차,대형,1,0,1,0,0,37.1985536,127.2074065
성남시,2016   ,2016-02-04 21시,야간,목요일,차대사람,횡단중,운전자법규위반,안전운전 의무 불이행,단일로,기타단일로,승용차,경형,보행자,보행자,1,0,1,0,0,37.436603,127.13925807
수원시,2016   ,2016-02-04 10시,주간,목요일,차대사람,기타,운전자법규위반,안전운전 의무 불이행,단일로,기타단일로,화물차,소형,보행자,보행자,1,0,1,0,0,37.29313756,127.024097
용인시,2016   ,2016-02-04 08시,주간,목요일,차대차,측면충돌,운전자법규위반,중앙선 침범,단일로,기타단일로,승용차,소형,승용차,경형,1,4,5,0,0,37.15179696,127.37680027
양주시,2016   ,2016-02-04 06시,주간,목요일,차량단독,도로이탈 추락,운전자법규위반,안전운전 의무 불이행,단일로,기타단일로,승용차,중형,없음,없음,1,0,1,0,0,37.81792071,126.95719042
수원시,2016   ,2016-02-03 21시,야간,수요일,차대차,진행중 추돌,운전자법규위반,안전운전 의무 불이행,단일로,기타단일로,화물차,대형,화물차,소형,1,0,1,0,0,37.32047164,126.98211985
고양시,2016   ,2016-02-03 10시,주간,수요일,차대차,측면충돌,운전자법규위반,신호위반,교차로,교차로내,승합차,소형,승용차,대형,1,2,5,0,2,37.65320412,126.79070195
안양시,2016   ,2016-02-03 06시,주간,수요일,차대사람,횡단중,운전자법규위반,안전운전 의무 불이행,교차로,교차로내,화물차,소형,보행자,보행자,1,0,1,0,0,37.36720626,126.95558684
고양시,2016   ,2016-02-02 18시,야간,화요일,차대사람,횡단중,운전자법규위반,안전운전 의무 불이행,단일로,횡단보도부근,승용차,소형,보행자,보행자,1,0,1,0,0,37.62881363,126.79814145
동두천시,2016   ,2016-02-01 01시,야간,월요일,차대차,정면충돌,운전자법규위반,중앙선 침범,단일로,기타단일로,승용차,경형,승용차,경형,1,1,2,0,0,37.89904154,127.04526834
양주시,2016   ,2016-01-31 02시,야간,일요일,차대차,정면충돌,운전자법규위반,중앙선 침범,단일로,기타단일로,승용차,경형,화물차,소형,1,1,2,0,0,37.71216936,126.96508779
성남시,2016   ,2016-01-30 23시,야간,토요일,차대사람,기타,운전자법규위반,안전운전 의무 불이행,교차로,교차로내,승용차,중형,보행자,보행자,1,0,1,0,0,37.44122496,127.12984178
시흥시,2016   ,2016-01-30 22시,야간,토요일,차대사람,횡단중,운전자법규위반,보행자 보호의무 위반,교차로,교차로내,화물차,소형,보행자,보행자,1,0,1,0,0,37.44894967,126.78893813
화성시,2016   ,2016-01-29 07시,주간,금요일,차대사람,횡단중,운전자법규위반,안전운전 의무 불이행,교차로,교차로내,화물차,중형,보행자,보행자,1,0,1,0,0,37.13243902,126.992332
안산시,2016   ,2016-01-27 15시,주간,수요일,차대차,측면충돌,운전자법규위반,신호위반,교차로,교차로내,이륜차,중형,승용차,중형,1,0,3,0,2,37.31462764,126.84183619
남양주시,2016   ,2016-01-27 09시,주간,수요일,차량단독,전도전복,운전자법규위반,안전운전 의무 불이행,단일로,기타단일로,승용차,중형,없음,없음,1,0,1,0,0,37.64857482,127.25085789
포천시,2016   ,2016-01-26 12시,주간,화요일,차대사람,횡단중,운전자법규위반,안전운전 의무 불이행,단일로,기타단일로,건설기계,건설기계,보행자,보행자,1,0,1,0,0,37.84761315,127.18949338
평택시,2016   ,2016-01-26 12시,주간,화요일,차대사람,횡단중,운전자법규위반,보행자 보호의무 위반,단일로,횡단보도상,승합차,대형,보행자,보행자,1,0,1,0,0,36.9905463,127.0878288
군포시,2016   ,2016-01-26 02시,야간,화요일,차대차,진행중 추돌,운전자법규위반,안전운전 의무 불이행,교차로,교차로부근,이륜차,소형,특수차,대형,1,0,1,0,0,37.33610213,126.93496115
평택시,2016   ,2016-01-25 19시,야간,월요일,차대사람,횡단중,운전자법규위반,안전운전 의무 불이행,단일로,기타단일로,승용차,중형,보행자,보행자,1,0,1,0,0,37.00719581,127.09042528
포천시,2016   ,2016-01-25 16시,주간,월요일,차대사람,횡단중,운전자법규위반,안전운전 의무 불이행,단일로,기타단일로,화물차,소형,보행자,보행자,1,0,1,0,0,37.76937744,127.22908421
고양시,2016   ,2016-01-25 15시,주간,월요일,차대차,측면충돌,운전자법규위반,신호위반,교차로,교차로내,승용차,경형,승용차,경형,1,0,2,0,1,37.6638272,126.78861671
광주시,2016   ,2016-01-25 13시,주간,월요일,차량단독,공작물충돌,운전자법규위반,안전운전 의무 불이행,단일로,기타단일로,승용차,경형,없음,없음,1,0,4,0,3,37.45566225,127.25312741
양평군,2016   ,2016-01-24 07시,주간,일요일,차량단독,공작물충돌,운전자법규위반,안전운전 의무 불이행,단일로,기타단일로,승용차,대형,없음,없음,1,0,1,0,0,37.55614181,127.6671575
여주시,2016   ,2016-01-22 07시,주간,금요일,차대사람,횡단중,운전자법규위반,안전운전 의무 불이행,단일로,횡단보도상,승용차,중형,보행자,보행자,1,0,1,0,0,37.29828263,127.55373062
안성시,2016   ,2016-01-21 23시,야간,목요일,차대차,진행중 추돌,운전자법규위반,안전운전 의무 불이행,단일로,기타단일로,화물차,대형,화물차,대형,1,1,2,0,0,36.93452645,127.18921901
안성시,2016   ,2016-01-21 20시,야간,목요일,차대사람,횡단중,운전자법규위반,안전운전 의무 불이행,단일로,기타단일로,승합차,대형,보행자,보행자,1,0,1,0,0,37.00579301,127.27809219
고양시,2016   ,2016-01-21 17시,주간,목요일,차대사람,횡단중,운전자법규위반,안전운전 의무 불이행,교차로,교차로내,승합차,경형,보행자,보행자,1,0,1,0,0,37.65430554,126.84073145
성남시,2016   ,2016-01-21 07시,주간,목요일,차대사람,횡단중,운전자법규위반,안전운전 의무 불이행,단일로,기타단일로,승용차,중형,보행자,보행자,1,0,1,0,0,37.4394843,127.17880935
안성시,2016   ,2016-01-21 06시,주간,목요일,차량단독,도로이탈 기타,운전자법규위반,안전운전 의무 불이행,단일로,기타단일로,화물차,소형,없음,없음,1,0,1,0,0,37.08557581,127.47157846
안산시,2016   ,2016-01-21 06시,주간,목요일,차대사람,횡단중,운전자법규위반,안전운전 의무 불이행,교차로,교차로부근,화물차,소형,보행자,보행자,1,0,1,0,0,37.32963038,126.84740562
고양시,2016   ,2016-01-20 21시,야간,수요일,차대차,정면충돌,운전자법규위반,중앙선 침범,교차로,교차로부근,승용차,중형,원동기장치자전거,원동기장치자전거,1,0,1,0,0,37.70601066,126.89728009
이천시,2016   ,2016-01-19 19시,야간,화요일,차대차,정면충돌,운전자법규위반,중앙선 침범,단일로,기타단일로,승용차,경형,승용차,중형,1,2,4,0,1,37.28649506,127.48947441
고양시,2016   ,2016-01-19 18시,야간,화요일,차대사람,횡단중,운전자법규위반,안전운전 의무 불이행,단일로,기타단일로,승합차,대형,보행자,보행자,1,0,1,0,0,37.67541767,126.74941085
양평군,2016   ,2016-01-19 16시,주간,화요일,차량단독,전도전복,운전자법규위반,안전운전 의무 불이행,단일로,기타단일로,승용차,경형,없음,없음,1,0,1,0,0,37.48861247,127.39639551
오산시,2016   ,2016-01-18 20시,야간,월요일,차대사람,횡단중,운전자법규위반,보행자 보호의무 위반,교차로,교차로부근,승합차,대형,보행자,보행자,1,0,1,0,0,37.13689556,127.07832169
포천시,2016   ,2016-01-18 10시,주간,월요일,차량단독,도로이탈 추락,운전자법규위반,안전운전 의무 불이행,단일로,기타단일로,승용차,중형,없음,없음,1,0,1,0,0,37.96059552,127.12307234
포천시,2016   ,2016-01-18 05시,야간,월요일,차대차,측면충돌,운전자법규위반,안전운전 의무 불이행,단일로,기타단일로,원동기장치자전거,원동기장치자전거,화물차,중형,1,0,1,0,0,37.87116081,127.18142424
광명시,2016   ,2016-01-16 16시,주간,토요일,차대차,기타,운전자법규위반,안전거리 미확보,단일로,기타단일로,승용차,경형,이륜차,소형,1,0,1,0,0,37.46680819,126.8824016
광명시,2016   ,2016-01-15 04시,야간,금요일,차량단독,공작물충돌,운전자법규위반,안전운전 의무 불이행,단일로,기타단일로,승용차,경형,없음,없음,1,0,1,0,0,37.47428379,126.87617645
고양시,2016   ,2016-01-15 03시,야간,금요일,차대차,기타,운전자법규위반,중앙선 침범,단일로,기타단일로,승용차,중형,승용차,중형,2,1,3,0,0,37.60957873,126.84347175
평택시,2016   ,2016-01-15 02시,야간,금요일,차대차,측면충돌,운전자법규위반,안전운전 의무 불이행,단일로,기타단일로,승합차,소형,승용차,소형,1,0,1,0,0,36.97499224,127.1662571
김포시,2016   ,2016-01-15 00시,야간,금요일,차대차,정면충돌,운전자법규위반,안전운전 의무 불이행,단일로,기타단일로,화물차,소형,화물차,소형,1,0,1,0,0,37.65459974,126.69103955
광주시,2016   ,2016-01-14 18시,야간,목요일,차대차,진행중 추돌,운전자법규위반,안전운전 의무 불이행,단일로,기타단일로,승용차,대형,이륜차,소형,1,0,1,0,0,37.35973691,127.15243182
수원시,2016   ,2016-01-13 06시,주간,수요일,차대차,진행중 추돌,운전자법규위반,안전운전 의무 불이행,단일로,기타단일로,화물차,소형,화물차,대형,1,0,1,0,0,37.28962845,126.95062952
파주시,2016   ,2016-01-13 01시,야간,수요일,차량단독,공작물충돌,운전자법규위반,안전운전 의무 불이행,단일로,기타단일로,원동기장치자전거,원동기장치자전거,없음,없음,1,0,1,0,0,37.73482026,126.73476845
가평군,2016   ,2016-01-12 16시,주간,화요일,차량단독,공작물충돌,운전자법규위반,안전운전 의무 불이행,단일로,기타단일로,승용차,대형,없음,없음,1,0,1,0,0,37.67480554,127.49804952
군포시,2016   ,2016-01-12 05시,야간,화요일,차대사람,횡단중,운전자법규위반,안전운전 의무 불이행,교차로,교차로내,승용차,중형,보행자,보행자,1,0,1,0,0,37.3616913,126.92355585
성남시,2016   ,2016-01-12 04시,야간,화요일,차대사람,횡단중,운전자법규위반,신호위반,교차로,교차로부근,승용차,소형,보행자,보행자,1,0,1,0,0,37.44075514,127.1471626
김포시,2016   ,2016-01-11 22시,야간,월요일,차대사람,차도통행중,운전자법규위반,안전운전 의무 불이행,교차로,교차로부근,승용차,소형,보행자,보행자,1,0,1,0,0,37.66273737,126.66117807
고양시,2016   ,2016-01-11 15시,주간,월요일,차대사람,횡단중,운전자법규위반,안전운전 의무 불이행,단일로,횡단보도부근,승합차,대형,보행자,보행자,1,0,1,0,0,37.61898587,126.84296977
파주시,2016   ,2016-01-09 11시,주간,토요일,차대차,측면충돌,운전자법규위반,신호위반,교차로,교차로내,승용차,중형,화물차,대형,2,0,2,0,0,37.74222491,126.81156592
광주시,2016   ,2016-01-09 02시,야간,토요일,차대사람,횡단중,운전자법규위반,안전운전 의무 불이행,단일로,기타단일로,승용차,대형,보행자,보행자,1,0,1,0,0,37.3598522,127.15178763
평택시,2016   ,2016-01-08 01시,야간,금요일,차대사람,횡단중,운전자법규위반,안전운전 의무 불이행,단일로,기타단일로,승용차,경형,보행자,보행자,1,0,1,0,0,37.00696618,126.96879958
가평군,2016   ,2016-01-07 18시,야간,목요일,차대사람,횡단중,운전자법규위반,안전운전 의무 불이행,단일로,기타단일로,화물차,소형,보행자,보행자,1,0,1,0,0,37.81494919,127.35835773
안산시,2016   ,2016-01-07 04시,야간,목요일,차량단독,공작물충돌,운전자법규위반,안전운전 의무 불이행,단일로,기타단일로,이륜차,중형,없음,없음,1,0,1,0,0,37.32647669,126.85418266
용인시,2016   ,2016-01-06 21시,야간,수요일,차대차,측면충돌,운전자법규위반,중앙선 침범,단일로,기타단일로,승용차,중형,승합차,대형,1,0,4,1,2,37.14944311,127.20318149
이천시,2016   ,2016-01-06 13시,주간,수요일,차량단독,전도전복,운전자법규위반,안전운전 의무 불이행,단일로,교량위,원동기장치자전거,원동기장치자전거,없음,없음,1,0,1,0,0,37.33464027,127.45702414
고양시,2016   ,2016-01-05 21시,야간,화요일,차대차,측면충돌,운전자법규위반,중앙선 침범,단일로,기타단일로,승용차,중형,승용차,경형,1,3,4,0,0,37.6317263,126.87876134
고양시,2016   ,2016-01-05 05시,야간,화요일,차대차,측면충돌,운전자법규위반,신호위반,교차로,교차로내,승용차,경형,화물차,대형,1,1,2,0,0,37.66204842,126.74602624
파주시,2016   ,2016-01-04 10시,주간,월요일,차대차,측면충돌,운전자법규위반,안전거리 미확보,단일로,기타단일로,자전거,자전거,화물차,소형,1,0,1,0,0,37.7413891,126.81352585
남양주시,2016   ,2016-01-02 19시,야간,토요일,차대사람,횡단중,운전자법규위반,신호위반,단일로,기타단일로,승용차,중형,보행자,보행자,1,0,1,0,0,37.75615751,127.2186088
수원시,2016   ,2016-01-01 04시,야간,금요일,차대차,진행중 추돌,운전자법규위반,안전운전 의무 불이행,단일로,기타단일로,승용차,소형,화물차,대형,1,0,1,0,0,37.23058533,127.02299112
용인시,2015   ,2015-12-30 21시,야간,수요일,차대차,정면충돌,운전자법규위반,안전운전 의무 불이행,단일로,기타단일로,화물차,대형,화물차,대형,1,0,2,0,1,37.17914375,127.20279496
양평군,2015   ,2015-12-30 18시,야간,수요일,차대사람,횡단중,운전자법규위반,안전운전 의무 불이행,단일로,기타단일로,화물차,경형,보행자,보행자,1,0,1,0,0,37.42612334,127.53859756
부천시,2015   ,2015-12-30 08시,주간,수요일,차대사람,횡단중,운전자법규위반,안전운전 의무 불이행,단일로,기타단일로,승합차,중형,보행자,보행자,1,0,1,0,0,37.48551802,126.784531
이천시,2015   ,2015-12-30 05시,야간,수요일,차대사람,기타,운전자법규위반,안전운전 의무 불이행,기타/불명,기타/불명,승합차,대형,보행자,보행자,1,0,1,0,0,37.29338265,127.37820572
의정부시,2015   ,2015-12-29 12시,주간,화요일,차대차,정면충돌,운전자법규위반,중앙선 침범,단일로,기타단일로,승용차,중형,승용차,소형,1,2,4,0,1,37.75941188,127.08464449
의정부시,2015   ,2015-12-28 21시,야간,월요일,차대차,측면충돌,운전자법규위반,신호위반,교차로,교차로부근,이륜차,중형,자전거,자전거,1,0,1,0,0,37.73788271,127.03488372
안성시,2015   ,2015-12-28 01시,야간,월요일,차대차,진행중 추돌,운전자법규위반,안전운전 의무 불이행,단일로,기타단일로,승용차,중형,화물차,대형,1,1,2,0,0,37.00432802,127.17444506
남양주시,2015   ,2015-12-27 22시,야간,일요일,차대사람,횡단중,운전자법규위반,안전운전 의무 불이행,단일로,횡단보도상,승용차,중형,보행자,보행자,1,0,1,0,0,37.6456944,127.23206189
안산시,2015   ,2015-12-27 12시,주간,일요일,차대사람,횡단중,운전자법규위반,안전운전 의무 불이행,단일로,기타단일로,승합차,경형,보행자,보행자,1,0,1,0,0,37.36253027,126.87745282
안양시,2015   ,2015-12-27 09시,주간,일요일,차대사람,횡단중,운전자법규위반,안전운전 의무 불이행,교차로,교차로내,승용차,중형,보행자,보행자,1,0,1,0,0,37.4069866,126.9146554
포천시,2015   ,2015-12-26 22시,야간,토요일,차대사람,횡단중,운전자법규위반,안전운전 의무 불이행,단일로,횡단보도상,승용차,경형,보행자,보행자,1,0,1,0,0,37.905463,127.20508479
남양주시,2015   ,2015-12-26 18시,야간,토요일,차대사람,횡단중,운전자법규위반,안전운전 의무 불이행,단일로,기타단일로,승용차,중형,보행자,보행자,1,0,1,0,0,37.63258635,127.20099844
안성시,2015   ,2015-12-26 17시,주간,토요일,차대차,기타,운전자법규위반,안전운전 의무 불이행,단일로,기타단일로,화물차,소형,승합차,대형,1,1,3,1,0,36.99254501,127.15487404
이천시,2015   ,2015-12-26 13시,주간,토요일,차대차,정면충돌,운전자법규위반,안전운전 의무 불이행,교차로,교차로내,승용차,중형,화물차,소형,1,1,2,0,0,37.10870068,127.56569554
이천시,2015   ,2015-12-26 13시,주간,토요일,차대차,기타,운전자법규위반,안전운전 의무 불이행,교차로,교차로내,승용차,중형,화물차,소형,1,1,2,0,0,37.10920535,127.56592108
포천시,2015   ,2015-12-26 12시,주간,토요일,차량단독,전도전복,운전자법규위반,안전운전 의무 불이행,단일로,기타단일로,승용차,경형,없음,없음,1,0,2,0,1,37.82329846,127.21554751
안성시,2015   ,2015-12-26 06시,주간,토요일,차대차,진행중 추돌,운전자법규위반,안전운전 의무 불이행,단일로,기타단일로,승합차,대형,승용차,경형,1,4,6,1,0,36.96928007,127.27097448
용인시,2015   ,2015-12-26 02시,야간,토요일,차량단독,전도전복,운전자법규위반,안전운전 의무 불이행,단일로,기타단일로,승용차,경형,없음,없음,1,0,1,0,0,37.30548268,127.23632046
고양시,2015   ,2015-12-25 09시,주간,금요일,차대사람,기타,운전자법규위반,안전운전 의무 불이행,단일로,기타단일로,승합차,대형,보행자,보행자,1,0,1,0,0,37.6200114,126.83617321
안산시,2015   ,2015-12-25 01시,야간,금요일,차대사람,차도통행중,운전자법규위반,안전운전 의무 불이행,단일로,기타단일로,승용차,중형,보행자,보행자,1,0,1,0,0,37.31214989,126.85182252
용인시,2015   ,2015-12-24 21시,야간,목요일,차대사람,횡단중,운전자법규위반,안전운전 의무 불이행,교차로,교차로내,건설기계,건설기계,보행자,보행자,1,0,1,0,0,37.28049895,127.22185577
연천군,2015   ,2015-12-24 21시,야간,목요일,차대사람,횡단중,운전자법규위반,안전운전 의무 불이행,교차로,교차로내,승용차,중형,보행자,보행자,1,0,1,0,0,38.15142661,127.09706293
이천시,2015   ,2015-12-23 23시,야간,수요일,차대사람,횡단중,운전자법규위반,안전운전 의무 불이행,교차로,교차로부근,승용차,중형,보행자,보행자,1,0,1,0,0,37.27549301,127.44151422
양평군,2015   ,2015-12-23 18시,야간,수요일,차대사람,횡단중,운전자법규위반,안전운전 의무 불이행,교차로,교차로부근,승합차,대형,보행자,보행자,1,0,1,0,0,37.45568948,127.53534509
군포시,2015   ,2015-12-23 15시,주간,수요일,차대사람,횡단중,운전자법규위반,신호위반,교차로,교차로부근,승합차,대형,보행자,보행자,1,0,1,0,0,37.35324279,126.94563846
안산시,2015   ,2015-12-23 08시,주간,수요일,차대차,정면충돌,운전자법규위반,신호위반,교차로,교차로부근,이륜차,중형,승용차,중형,1,0,1,0,0,37.31364789,126.74000646
고양시,2015   ,2015-12-23 05시,야간,수요일,차대사람,횡단중,운전자법규위반,안전운전 의무 불이행,교차로,교차로부근,화물차,소형,보행자,보행자,1,0,1,0,0,37.71518295,126.85084622
용인시,2015   ,2015-12-22 19시,야간,화요일,차대차,진행중 추돌,운전자법규위반,중앙선 침범,단일로,기타단일로,승용차,중형,승용차,소형,1,0,1,0,0,37.18995996,127.26237772
수원시,2015   ,2015-12-22 11시,주간,화요일,차대사람,횡단중,운전자법규위반,안전운전 의무 불이행,단일로,횡단보도부근,건설기계,건설기계,보행자,보행자,1,0,1,0,0,37.26867394,127.00652093
용인시,2015   ,2015-12-21 23시,야간,월요일,차대차,정면충돌,운전자법규위반,신호위반,교차로,교차로내,원동기장치자전거,원동기장치자전거,승용차,중형,1,0,1,0,0,37.29430824,127.1100399
안성시,2015   ,2015-12-21 19시,야간,월요일,차대사람,횡단중,운전자법규위반,안전운전 의무 불이행,단일로,기타단일로,승합차,소형,보행자,보행자,1,0,1,0,0,37.03974998,127.12987702
용인시,2015   ,2015-12-21 11시,주간,월요일,차대차,정면충돌,운전자법규위반,중앙선 침범,단일로,기타단일로,승합차,중형,승합차,대형,1,0,4,1,2,37.26904814,127.21676604
김포시,2015   ,2015-12-21 07시,주간,월요일,차대사람,횡단중,운전자법규위반,안전운전 의무 불이행,교차로,교차로내,승용차,경형,보행자,보행자,1,0,1,0,0,37.69219526,126.5980781
부천시,2015   ,2015-12-21 06시,주간,월요일,차대사람,횡단중,운전자법규위반,안전운전 의무 불이행,단일로,기타단일로,승용차,경형,보행자,보행자,1,0,1,0,0,37.48396707,126.76678778
파주시,2015   ,2015-12-20 14시,주간,일요일,차대사람,횡단중,운전자법규위반,안전운전 의무 불이행,교차로,교차로부근,화물차,소형,보행자,보행자,1,0,1,0,0,37.849265,126.87308736
여주시,2015   ,2015-12-20 08시,주간,일요일,차대차,기타,운전자법규위반,안전운전 의무 불이행,단일로,기타단일로,승용차,중형,승용차,대형,1,0,2,0,1,37.23967733,127.54444394
안성시,2015   ,2015-12-20 01시,야간,일요일,차량단독,전도전복,운전자법규위반,안전운전 의무 불이행,단일로,기타단일로,승용차,중형,없음,없음,1,0,1,0,0,37.02800857,127.23606843
이천시,2015   ,2015-12-19 22시,야간,토요일,차대사람,횡단중,운전자법규위반,안전운전 의무 불이행,교차로,교차로부근,승용차,대형,보행자,보행자,1,0,1,0,0,37.27105505,127.45513158
용인시,2015   ,2015-12-19 18시,야간,토요일,차대차,기타,운전자법규위반,안전운전 의무 불이행,단일로,기타단일로,승합차,소형,승용차,중형,1,6,10,0,3,37.12831879,127.0951885
파주시,2015   ,2015-12-19 15시,주간,토요일,차대차,기타,운전자법규위반,안전운전 의무 불이행,단일로,기타단일로,승용차,경형,자전거,자전거,1,0,1,0,0,37.86490039,126.77097639
용인시,2015   ,2015-12-19 01시,야간,토요일,차대차,주정차중 추돌,운전자법규위반,안전운전 의무 불이행,단일로,기타단일로,승용차,중형,특수차,중형,1,0,4,3,0,37.29149272,127.10365747
양주시,2015   ,2015-12-18 10시,주간,금요일,차대차,정면충돌,운전자법규위반,중앙선 침범,단일로,기타단일로,승용차,중형,승용차,중형,1,1,3,0,1,37.89297202,127.01936326
용인시,2015   ,2015-12-18 01시,야간,금요일,차대사람,횡단중,운전자법규위반,안전운전 의무 불이행,교차로,교차로내,화물차,소형,보행자,보행자,1,0,1,0,0,37.23287137,127.20067899
광명시,2015   ,2015-12-17 06시,주간,목요일,차대차,정면충돌,운전자법규위반,안전운전 의무 불이행,단일로,기타단일로,이륜차,소형,건설기계,건설기계,1,0,1,0,0,37.46144992,126.88678776
남양주시,2015   ,2015-12-17 06시,주간,목요일,차대차,진행중 추돌,운전자법규위반,안전운전 의무 불이행,단일로,기타단일로,이륜차,소형,화물차,소형,1,0,1,0,0,37.60424308,127.15001719
안산시,2015   ,2015-12-16 16시,주간,수요일,차대사람,기타,운전자법규위반,안전운전 의무 불이행,단일로,기타단일로,건설기계,건설기계,보행자,보행자,1,0,1,0,0,37.28646086,126.86687778
동두천시,2015   ,2015-12-15 18시,야간,화요일,차대사람,횡단중,운전자법규위반,안전운전 의무 불이행,단일로,기타단일로,승용차,중형,보행자,보행자,1,0,1,0,0,37.90820598,127.03103793
화성시,2015   ,2015-12-15 12시,주간,화요일,차대차,주정차중 추돌,운전자법규위반,안전운전 의무 불이행,교차로,교차로부근,화물차,소형,화물차,중형,1,0,2,0,1,37.08966677,126.80250312
화성시,2015   ,2015-12-15 00시,야간,화요일,차량단독,전도전복,운전자법규위반,안전운전 의무 불이행,교차로,교차로내,승용차,소형,없음,없음,1,0,1,0,0,37.20241722,127.03910255
부천시,2015   ,2015-12-14 23시,야간,월요일,차대사람,횡단중,운전자법규위반,안전운전 의무 불이행,단일로,횡단보도부근,승합차,대형,보행자,보행자,1,0,2,0,1,37.48225102,126.79585012
파주시,2015   ,2015-12-13 19시,야간,일요일,차대사람,횡단중,운전자법규위반,안전운전 의무 불이행,교차로,교차로부근,승용차,중형,보행자,보행자,1,0,1,0,0,37.77706016,126.78873666