시군명,발생년도,발생일자,주야구분명,사고요일,사고유형_대분류,사고유형,법규위반대분류명,법규위반내용,도로형태_대분류,도로형태,가해자 당사자 종별,당사자1_차종,피해자 당사자 종별,당사자2_차종,사망자수,중상자수,부상자수,부상신고자수,경상자수,WGS84위도,WGS84경도
안산시,2015   ,2015-10-19 19시,야간,월요일,차대사람,기타,운전자법규위반,안전운전 의무 불이행,단일로,기타단일로,승용차,중형,보행자,보행자,1,0,1,0,0,37.28613131,126.86593292
용인시,2015   ,2015-10-19 09시,주간,월요일,차대사람,횡단중,운전자법규위반,신호위반,교차로,교차로내,승합차,대형,보행자,보행자,1,0,1,0,0,37.23552883,127.20721856
평택시,2015   ,2015-10-19 02시,야간,월요일,차대차,기타,운전자법규위반,신호위반,교차로,교차로내,승용차,중형,승합차,소형,1,3,5,0,1,37.00350103,127.08814102
양평군,2015   ,2015-10-18 23시,야간,일요일,차대사람,길가장자리구역통행중,운전자법규위반,안전운전 의무 불이행,교차로,교차로내,화물차,중형,보행자,보행자,1,0,1,0,0,37.51145707,127.40103713
화성시,2015   ,2015-10-18 23시,야간,일요일,차량단독,전도전복,운전자법규위반,안전운전 의무 불이행,단일로,기타단일로,승용차,중형,없음,없음,2,0,3,1,0,37.1647167,126.844963
이천시,2015   ,2015-10-17 20시,야간,토요일,차대차,진행중 추돌,운전자법규위반,안전운전 의무 불이행,단일로,기타단일로,승용차,중형,농기계,농기계,1,1,2,0,0,37.25515582,127.35555589
수원시,2015   ,2015-10-17 15시,주간,토요일,차대차,정면충돌,운전자법규위반,중앙선 침범,단일로,기타단일로,원동기장치자전거,원동기장치자전거,화물차,소형,1,0,1,0,0,37.29356458,126.94613308
화성시,2015   ,2015-10-17 12시,주간,토요일,차대사람,기타,운전자법규위반,안전운전 의무 불이행,단일로,기타단일로,승용차,중형,보행자,보행자,1,0,1,0,0,37.22444923,126.97661134
가평군,2015   ,2015-10-16 18시,야간,금요일,차대차,정면충돌,운전자법규위반,중앙선 침범,단일로,고가도로위,승용차,중형,승용차,중형,1,4,5,0,0,37.62345592,127.49576177
동두천시,2015   ,2015-10-16 17시,주간,금요일,차대차,기타,운전자법규위반,차로위반(진로변경 위반),단일로,기타단일로,승용차,중형,이륜차,중형,1,0,1,0,0,37.91866803,127.0537032
용인시,2015   ,2015-10-16 15시,주간,금요일,차대차,기타,운전자법규위반,안전운전 의무 불이행,단일로,기타단일로,화물차,소형,승합차,대형,1,1,3,0,1,37.28973496,127.10364413
김포시,2015   ,2015-10-16 10시,주간,금요일,차대사람,횡단중,운전자법규위반,안전운전 의무 불이행,단일로,기타단일로,특수차,중형,보행자,보행자,1,0,1,0,0,37.61870488,126.62114162
구리시,2015   ,2015-10-15 20시,야간,목요일,차량단독,기타,운전자법규위반,안전운전 의무 불이행,단일로,기타단일로,이륜차,소형,없음,없음,1,0,1,0,0,37.62598909,127.13988599
양주시,2015   ,2015-10-14 18시,야간,수요일,차대사람,기타,운전자법규위반,안전운전 의무 불이행,교차로,교차로내,화물차,소형,보행자,보행자,1,0,1,0,0,37.79861491,126.99789385
포천시,2015   ,2015-10-14 17시,주간,수요일,차대사람,횡단중,운전자법규위반,보행자 보호의무 위반,단일로,횡단보도상,화물차,소형,보행자,보행자,1,0,1,0,0,37.89300933,127.20964969
파주시,2015   ,2015-10-14 13시,주간,수요일,차대차,측면충돌,운전자법규위반,안전운전 의무 불이행,교차로,교차로내,이륜차,소형,화물차,중형,1,0,2,0,1,37.8059761,126.70852079
수원시,2015   ,2015-10-14 05시,야간,수요일,차대사람,횡단중,운전자법규위반,안전운전 의무 불이행,교차로,교차로내,화물차,중형,보행자,보행자,1,0,1,0,0,37.26516766,127.02417157
용인시,2015   ,2015-10-14 03시,야간,수요일,차대차,진행중 추돌,운전자법규위반,안전운전 의무 불이행,단일로,기타단일로,승용차,중형,화물차,대형,1,0,2,0,1,37.2897953,127.09748392
여주시,2015   ,2015-10-14 00시,야간,수요일,차대사람,횡단중,운전자법규위반,안전운전 의무 불이행,교차로,교차로부근,승용차,소형,보행자,보행자,1,0,1,0,0,37.28921351,127.63444578
안산시,2015   ,2015-10-13 16시,주간,화요일,차대차,정면충돌,운전자법규위반,중앙선 침범,단일로,기타단일로,승용차,경형,화물차,중형,2,1,3,0,0,37.23219224,126.63272766
부천시,2015   ,2015-10-13 15시,주간,화요일,차대차,측면충돌,운전자법규위반,신호위반,교차로,교차로내,화물차,소형,이륜차,소형,1,0,1,0,0,37.51515186,126.77525232
양주시,2015   ,2015-10-13 13시,주간,화요일,차대차,진행중 추돌,운전자법규위반,중앙선 침범,단일로,기타단일로,승용차,소형,화물차,중형,1,0,1,0,0,37.92101698,126.99909938
양평군,2015   ,2015-10-13 10시,주간,화요일,차량단독,공작물충돌,운전자법규위반,안전운전 의무 불이행,단일로,기타단일로,승용차,소형,없음,없음,1,0,1,0,0,37.52980343,127.47943522
평택시,2015   ,2015-10-12 23시,야간,월요일,차대차,기타,운전자법규위반,안전운전 의무 불이행,교차로,교차로부근,승용차,중형,승용차,중형,1,1,3,0,1,37.04521986,127.06064527
화성시,2015   ,2015-10-12 12시,주간,월요일,차대사람,횡단중,운전자법규위반,안전운전 의무 불이행,교차로,교차로부근,화물차,중형,보행자,보행자,1,0,1,0,0,37.22045129,126.94971143
양주시,2015   ,2015-10-12 10시,주간,월요일,차대차,진행중 추돌,운전자법규위반,안전운전 의무 불이행,단일로,기타단일로,승용차,중형,화물차,대형,1,0,3,0,2,37.89078637,127.03166023
안산시,2015   ,2015-10-12 03시,야간,월요일,차대차,진행중 추돌,운전자법규위반,안전운전 의무 불이행,교차로,교차로부근,승용차,중형,승용차,중형,1,0,3,0,2,37.31718644,126.82563
용인시,2015   ,2015-10-11 21시,야간,일요일,차량단독,공작물충돌,운전자법규위반,중앙선 침범,단일로,기타단일로,승용차,중형,없음,없음,1,0,1,0,0,37.22824969,127.24405216
포천시,2015   ,2015-10-11 20시,야간,일요일,차대사람,횡단중,운전자법규위반,안전운전 의무 불이행,단일로,기타단일로,승용차,중형,보행자,보행자,1,0,1,0,0,37.82322979,127.1409182
가평군,2015   ,2015-10-11 16시,주간,일요일,차대차,기타,운전자법규위반,안전운전 의무 불이행,교차로,교차로내,승용차,중형,승용차,대형,1,1,2,0,0,37.68921268,127.46470317
고양시,2015   ,2015-10-11 06시,주간,일요일,차대사람,횡단중,운전자법규위반,안전운전 의무 불이행,단일로,기타단일로,승용차,중형,보행자,보행자,1,0,1,0,0,37.70866415,126.90508663
고양시,2015   ,2015-10-10 23시,야간,토요일,차대사람,횡단중,운전자법규위반,안전운전 의무 불이행,교차로,교차로부근,화물차,소형,보행자,보행자,1,0,1,0,0,37.5989116,126.87419712
평택시,2015   ,2015-10-10 12시,주간,토요일,차대차,기타,운전자법규위반,중앙선 침범,단일로,기타단일로,승용차,중형,승용차,경형,1,1,2,0,0,37.12123089,127.07887013
하남시,2015   ,2015-10-09 21시,야간,금요일,차대차,측면충돌,운전자법규위반,신호위반,교차로,교차로내,승용차,중형,이륜차,중형,1,0,1,0,0,37.53185558,127.21734845
안산시,2015   ,2015-10-09 16시,주간,금요일,차대차,측면충돌,운전자법규위반,부당한 회전,교차로,교차로부근,자전거,자전거,승용차,소형,1,0,2,0,1,37.32949951,126.78723225
고양시,2015   ,2015-10-09 07시,주간,금요일,차대사람,길가장자리구역통행중,운전자법규위반,안전운전 의무 불이행,기타/불명,기타/불명,승용차,소형,보행자,보행자,1,0,1,0,0,37.66071659,126.71593846
용인시,2015   ,2015-10-08 00시,야간,목요일,차량단독,공작물충돌,운전자법규위반,안전운전 의무 불이행,단일로,기타단일로,이륜차,중형,없음,없음,1,0,1,0,0,37.22908317,127.17255695
의정부시,2015   ,2015-10-07 18시,야간,수요일,차대차,기타,운전자법규위반,신호위반,교차로,교차로내,이륜차,소형,화물차,소형,1,0,1,0,0,37.73861713,127.04757934
남양주시,2015   ,2015-10-06 12시,주간,화요일,차대차,기타,운전자법규위반,안전운전 의무 불이행,단일로,기타단일로,원동기장치자전거,원동기장치자전거,승용차,소형,1,0,3,0,2,37.5984631,127.19462125
고양시,2015   ,2015-10-05 07시,주간,월요일,차대사람,횡단중,운전자법규위반,신호위반,기타/불명,기타/불명,승용차,중형,보행자,보행자,1,0,1,0,0,37.70852442,126.80079383
포천시,2015   ,2015-10-04 19시,야간,일요일,차대사람,차도통행중,운전자법규위반,안전운전 의무 불이행,단일로,기타단일로,승용차,대형,보행자,보행자,1,0,1,0,0,37.78027712,127.22635305
평택시,2015   ,2015-10-04 16시,주간,일요일,차량단독,공작물충돌,운전자법규위반,안전운전 의무 불이행,단일로,기타단일로,농기계,농기계,없음,없음,1,0,1,0,0,36.9745513,126.90796228
가평군,2015   ,2015-10-04 11시,주간,일요일,차대차,정면충돌,운전자법규위반,중앙선 침범,단일로,기타단일로,이륜차,중형,이륜차,대형,1,1,4,0,2,37.59427847,127.48599891
양평군,2015   ,2015-10-03 18시,야간,토요일,차대차,진행중 추돌,운전자법규위반,안전거리 미확보,단일로,기타단일로,승용차,중형,건설기계,건설기계,1,0,1,0,0,37.48400465,127.56909935
이천시,2015   ,2015-10-03 17시,주간,토요일,차대차,측면충돌,운전자법규위반,안전운전 의무 불이행,단일로,기타단일로,승용차,중형,승용차,소형,1,0,5,0,4,37.3149703,127.39630701
남양주시,2015   ,2015-10-02 15시,주간,금요일,차대차,진행중 추돌,운전자법규위반,신호위반,교차로,교차로내,화물차,소형,화물차,소형,1,1,3,0,1,37.69444994,127.17551219
양평군,2015   ,2015-10-02 00시,야간,금요일,차대사람,기타,운전자법규위반,안전운전 의무 불이행,단일로,기타단일로,화물차,중형,보행자,보행자,1,0,1,0,0,37.50485779,127.46026446
의정부시,2015   ,2015-09-30 09시,주간,수요일,차대사람,기타,운전자법규위반,안전운전 의무 불이행,기타/불명,기타/불명,승용차,대형,보행자,보행자,1,0,1,0,0,37.72556239,127.05612409
수원시,2015   ,2015-09-29 20시,야간,화요일,차대차,기타,운전자법규위반,과속,교차로,교차로내,승용차,중형,자전거,자전거,1,0,1,0,0,37.3011508,126.98323403
용인시,2015   ,2015-09-29 15시,주간,화요일,차량단독,공작물충돌,운전자법규위반,안전운전 의무 불이행,단일로,기타단일로,원동기장치자전거,원동기장치자전거,없음,없음,1,0,1,0,0,37.33007681,127.24229615
용인시,2015   ,2015-09-28 22시,야간,월요일,차대사람,기타,운전자법규위반,안전운전 의무 불이행,교차로,교차로부근,승용차,소형,보행자,보행자,1,0,1,0,0,37.27918537,127.10535766
수원시,2015   ,2015-09-27 06시,주간,일요일,차대차,기타,운전자법규위반,안전운전 의무 불이행,단일로,기타단일로,승용차,중형,승용차,중형,1,0,1,0,0,37.29265445,126.95787327
수원시,2015   ,2015-09-27 05시,야간,일요일,차대사람,횡단중,운전자법규위반,안전운전 의무 불이행,단일로,기타단일로,승합차,대형,보행자,보행자,1,0,1,0,0,37.26767382,127.00017765
양평군,2015   ,2015-09-26 11시,주간,토요일,차대차,기타,운전자법규위반,안전운전 의무 불이행,교차로,교차로내,농기계,농기계,승용차,중형,1,0,1,0,0,37.49707632,127.60359355
안산시,2015   ,2015-09-25 09시,주간,금요일,차대사람,기타,운전자법규위반,안전운전 의무 불이행,교차로,교차로내,승용차,중형,보행자,보행자,1,0,1,0,0,37.29178569,126.86643829
안성시,2015   ,2015-09-24 06시,주간,목요일,차대차,진행중 추돌,운전자법규위반,안전운전 의무 불이행,단일로,기타단일로,화물차,소형,화물차,대형,1,1,2,0,0,37.10928577,127.21834129
이천시,2015   ,2015-09-23 19시,야간,수요일,차대차,측면충돌,운전자법규위반,신호위반,교차로,교차로내,이륜차,소형,화물차,중형,1,0,1,0,0,37.2638664,127.46936877
양주시,2015   ,2015-09-23 14시,주간,수요일,차량단독,공작물충돌,운전자법규위반,안전운전 의무 불이행,단일로,기타단일로,자전거,자전거,없음,없음,1,0,1,0,0,37.7830267,126.95236943
오산시,2015   ,2015-09-22 22시,야간,화요일,차대차,기타,운전자법규위반,안전운전 의무 불이행,단일로,기타단일로,승용차,경형,승용차,중형,1,0,1,0,0,37.17710758,126.99742921
고양시,2015   ,2015-09-22 12시,주간,화요일,차대차,측면충돌,운전자법규위반,안전운전 의무 불이행,단일로,기타단일로,승용차,중형,자전거,자전거,1,0,1,0,0,37.67335583,126.74116059
양평군,2015   ,2015-09-22 10시,주간,화요일,차대차,측면충돌,운전자법규위반,안전운전 의무 불이행,교차로,교차로내,이륜차,사발이,승용차,소형,1,0,2,0,1,37.52939567,127.55529938
고양시,2015   ,2015-09-22 09시,주간,화요일,차대차,진행중 추돌,운전자법규위반,안전운전 의무 불이행,단일로,기타단일로,승용차,중형,승용차,소형,1,1,2,0,0,37.62898706,126.78499379
화성시,2015   ,2015-09-21 05시,야간,월요일,차량단독,공작물충돌,운전자법규위반,안전운전 의무 불이행,단일로,기타단일로,화물차,중형,없음,없음,1,0,1,0,0,37.13104438,127.00142669
고양시,2015   ,2015-09-21 01시,야간,월요일,차량단독,공작물충돌,운전자법규위반,안전운전 의무 불이행,교차로,교차로내,승용차,중형,없음,없음,1,0,1,0,0,37.6988973,126.78113536
하남시,2015   ,2015-09-21 00시,야간,월요일,차대차,측면충돌,운전자법규위반,신호위반,교차로,교차로내,원동기장치자전거,원동기장치자전거,승합차,소형,1,0,1,0,0,37.5146833,127.15569763
이천시,2015   ,2015-09-20 10시,주간,일요일,차대사람,기타,운전자법규위반,안전운전 의무 불이행,단일로,기타단일로,승용차,중형,보행자,보행자,1,0,1,0,0,37.11474459,127.61819833
평택시,2015   ,2015-09-19 20시,야간,토요일,차대사람,횡단중,운전자법규위반,안전운전 의무 불이행,단일로,기타단일로,승용차,소형,보행자,보행자,1,0,1,0,0,37.01474035,127.04807344
양평군,2015   ,2015-09-19 17시,주간,토요일,차대사람,기타,운전자법규위반,안전운전 의무 불이행,단일로,기타단일로,화물차,대형,보행자,보행자,1,1,2,0,0,37.46778067,127.63189253
가평군,2015   ,2015-09-19 16시,주간,토요일,차대사람,기타,운전자법규위반,안전운전 의무 불이행,단일로,기타단일로,건설기계,건설기계,보행자,보행자,1,0,1,0,0,37.60393019,127.524709
광명시,2015   ,2015-09-19 13시,주간,토요일,차대차,주정차중 추돌,운전자법규위반,중앙선 침범,단일로,기타단일로,승용차,중형,이륜차,중형,1,0,1,0,0,37.45873847,126.87335446
파주시,2015   ,2015-09-19 03시,야간,토요일,차대차,주정차중 추돌,운전자법규위반,안전운전 의무 불이행,교차로,교차로부근,승용차,중형,화물차,대형,1,0,3,0,2,37.71677367,126.75981346
고양시,2015   ,2015-09-18 19시,야간,금요일,차대사람,횡단중,운전자법규위반,기타(운전자법규위반),단일로,횡단보도상,승합차,대형,보행자,보행자,1,0,1,0,0,37.60610797,126.86644419
부천시,2015   ,2015-09-18 04시,야간,금요일,차대차,측면충돌,운전자법규위반,안전운전 의무 불이행,교차로,교차로부근,화물차,소형,자전거,자전거,1,0,1,0,0,37.50179493,126.74378282
고양시,2015   ,2015-09-16 10시,주간,수요일,차대차,기타,운전자법규위반,신호위반,교차로,교차로내,이륜차,사발이,승용차,중형,1,0,1,0,0,37.68070022,126.78865974
광주시,2015   ,2015-09-16 01시,야간,수요일,차대차,진행중 추돌,운전자법규위반,안전운전 의무 불이행,단일로,기타단일로,화물차,소형,화물차,대형,1,1,2,0,0,37.45616472,127.25635952
고양시,2015   ,2015-09-15 19시,야간,화요일,차량단독,공작물충돌,운전자법규위반,안전운전 의무 불이행,단일로,기타단일로,승용차,소형,없음,없음,1,0,1,0,0,37.60409846,126.82585795
이천시,2015   ,2015-09-15 08시,주간,화요일,차대차,측면충돌,운전자법규위반,과속,교차로,교차로내,승용차,중형,농기계,농기계,1,1,2,0,0,37.21517258,127.42808093
고양시,2015   ,2015-09-15 07시,주간,화요일,차대차,기타,운전자법규위반,안전거리 미확보,단일로,기타단일로,승합차,경형,화물차,소형,1,0,1,0,0,37.65926469,126.71853864
파주시,2015   ,2015-09-15 02시,야간,화요일,차량단독,공작물충돌,운전자법규위반,안전운전 의무 불이행,교차로,교차로내,승용차,중형,없음,없음,1,2,3,0,0,37.77147523,126.83082458
평택시,2015   ,2015-09-14 13시,주간,월요일,차대사람,기타,운전자법규위반,안전운전 의무 불이행,교차로,교차로부근,승용차,중형,보행자,보행자,1,0,1,0,0,37.08336871,127.05353948
부천시,2015   ,2015-09-14 12시,주간,월요일,차대차,측면충돌,운전자법규위반,안전운전 의무 불이행,교차로,교차로내,승용차,중형,원동기장치자전거,원동기장치자전거,1,0,1,0,0,37.50083821,126.77668043
화성시,2015   ,2015-09-13 18시,야간,일요일,차대사람,횡단중,운전자법규위반,안전운전 의무 불이행,단일로,기타단일로,이륜차,소형,보행자,보행자,1,0,1,0,0,37.1310937,126.91188994
평택시,2015   ,2015-09-13 17시,주간,일요일,차대사람,기타,운전자법규위반,안전운전 의무 불이행,단일로,기타단일로,화물차,소형,보행자,보행자,1,0,1,0,0,36.92224959,126.9225471
안성시,2015   ,2015-09-13 15시,주간,일요일,차대차,측면충돌,운전자법규위반,중앙선 침범,단일로,기타단일로,원동기장치자전거,원동기장치자전거,승용차,중형,1,0,2,0,1,37.08565696,127.47163469
평택시,2015   ,2015-09-13 13시,주간,일요일,차대사람,차도통행중,운전자법규위반,안전운전 의무 불이행,단일로,기타단일로,화물차,소형,보행자,보행자,1,0,1,0,0,37.07292468,127.04968584
광주시,2015   ,2015-09-13 06시,주간,일요일,차대차,측면충돌,운전자법규위반,신호위반,교차로,교차로내,이륜차,중형,승합차,대형,1,0,1,0,0,37.39396371,127.24914983
가평군,2015   ,2015-09-13 02시,야간,일요일,차량단독,공작물충돌,운전자법규위반,안전운전 의무 불이행,단일로,기타단일로,이륜차,중형,없음,없음,2,0,2,0,0,37.75332969,127.42004823
동두천시,2015   ,2015-09-12 22시,야간,토요일,차대사람,횡단중,운전자법규위반,안전운전 의무 불이행,교차로,교차로부근,승용차,중형,보행자,보행자,1,0,1,0,0,37.91477259,127.05799298
안산시,2015   ,2015-09-12 12시,주간,토요일,차대차,기타,운전자법규위반,중앙선 침범,단일로,기타단일로,원동기장치자전거,원동기장치자전거,승용차,대형,1,0,1,0,0,37.25763257,126.57368411
시흥시,2015   ,2015-09-12 10시,주간,토요일,차대차,주정차중 추돌,운전자법규위반,안전운전 의무 불이행,단일로,기타단일로,승용차,중형,승용차,소형,1,1,2,0,0,37.39794425,126.7953856
용인시,2015   ,2015-09-11 22시,야간,금요일,차대차,기타,운전자법규위반,안전운전 의무 불이행,단일로,기타단일로,승용차,대형,승용차,대형,1,0,1,0,0,37.26712942,127.07798004
하남시,2015   ,2015-09-11 16시,주간,금요일,차대차,측면충돌,운전자법규위반,교차로 통행방법 위반,교차로,교차로내,원동기장치자전거,원동기장치자전거,화물차,소형,1,0,1,0,0,37.50824365,127.20414274
안성시,2015   ,2015-09-11 15시,주간,금요일,차대차,정면충돌,운전자법규위반,중앙선 침범,단일로,기타단일로,화물차,소형,화물차,소형,1,1,2,0,0,37.06093969,127.17503567
안성시,2015   ,2015-09-10 13시,주간,목요일,차대차,측면충돌,운전자법규위반,안전거리 미확보,단일로,기타단일로,자전거,자전거,승용차,대형,1,0,1,0,0,37.01262184,127.24890244
광주시,2015   ,2015-09-10 10시,주간,목요일,차대차,진행중 추돌,운전자법규위반,안전운전 의무 불이행,단일로,기타단일로,승용차,대형,자전거,자전거,1,0,1,0,0,37.47007222,127.27895491
화성시,2015   ,2015-09-10 08시,주간,목요일,차량단독,공작물충돌,운전자법규위반,안전운전 의무 불이행,교차로,교차로내,승용차,중형,없음,없음,1,0,1,0,0,37.22748862,126.70085511
김포시,2015   ,2015-09-09 22시,야간,수요일,차대사람,횡단중,운전자법규위반,안전운전 의무 불이행,단일로,기타단일로,승용차,중형,보행자,보행자,1,0,1,0,0,37.65327634,126.59216671
용인시,2015   ,2015-09-09 19시,야간,수요일,차대사람,횡단중,운전자법규위반,신호위반,교차로,교차로내,승용차,중형,보행자,보행자,1,0,1,0,0,37.29379421,127.15035483
화성시,2015   ,2015-09-09 18시,야간,수요일,차대차,진행중 추돌,운전자법규위반,안전운전 의무 불이행,교차로,교차로내,자전거,자전거,승용차,중형,1,0,1,0,0,37.1228192,126.89407794
김포시,2015   ,2015-09-09 10시,주간,수요일,차대차,진행중 추돌,운전자법규위반,안전운전 의무 불이행,단일로,기타단일로,원동기장치자전거,원동기장치자전거,화물차,대형,1,0,1,0,0,37.65725685,126.62027923
부천시,2015   ,2015-09-08 06시,주간,화요일,차대사람,차도통행중,운전자법규위반,안전운전 의무 불이행,교차로,교차로부근,승용차,소형,보행자,보행자,2,0,3,0,1,37.48835635,126.75664373
안양시,2015   ,2015-09-08 05시,야간,화요일,차대차,측면충돌,운전자법규위반,신호위반,교차로,교차로내,원동기장치자전거,원동기장치자전거,화물차,소형,1,0,1,0,0,37.39882924,126.94455716
용인시,2015   ,2015-09-07 13시,주간,월요일,차대차,기타,운전자법규위반,안전거리 미확보,단일로,기타단일로,화물차,소형,승용차,소형,1,1,4,0,2,37.04960125,127.13643072
포천시,2015   ,2015-09-07 12시,주간,월요일,차대차,기타,운전자법규위반,서행 및 일시정지위반,교차로,교차로내,화물차,소형,원동기장치자전거,원동기장치자전거,1,0,1,0,0,37.88459789,127.27917727
양주시,2015   ,2015-09-06 21시,야간,일요일,차대차,측면충돌,운전자법규위반,부당한 회전,단일로,기타단일로,승용차,중형,이륜차,중형,1,0,2,0,1,37.84958656,127.05456322
평택시,2015   ,2015-09-06 16시,주간,일요일,차량단독,공작물충돌,운전자법규위반,기타(운전자법규위반),단일로,기타단일로,원동기장치자전거,원동기장치자전거,없음,없음,1,0,1,0,0,37.05604741,127.05859211
수원시,2015   ,2015-09-04 20시,야간,금요일,차대차,측면충돌,운전자법규위반,차로위반(진로변경 위반),단일로,기타단일로,승용차,중형,원동기장치자전거,원동기장치자전거,1,0,1,0,0,37.26841282,126.99377778
포천시,2015   ,2015-09-04 20시,야간,금요일,차대사람,횡단중,운전자법규위반,안전운전 의무 불이행,교차로,교차로내,승용차,중형,보행자,보행자,1,0,1,0,0,37.76739731,127.22638917
부천시,2015   ,2015-09-04 18시,야간,금요일,차대사람,기타,운전자법규위반,안전운전 의무 불이행,교차로,교차로내,화물차,소형,보행자,보행자,1,0,1,0,0,37.51068817,126.79880779
안성시,2015   ,2015-09-04 16시,주간,금요일,차대차,측면충돌,운전자법규위반,안전거리 미확보,단일로,기타단일로,특수차,소형,승합차,소형,1,0,3,0,2,37.03951485,127.13840167
연천군,2015   ,2015-09-04 16시,주간,금요일,차대차,진행중 추돌,운전자법규위반,안전운전 의무 불이행,단일로,기타단일로,화물차,소형,원동기장치자전거,원동기장치자전거,1,0,1,0,0,38.01150052,127.06812086
평택시,2015   ,2015-09-03 00시,야간,목요일,차량단독,공작물충돌,운전자법규위반,안전운전 의무 불이행,단일로,기타단일로,화물차,경형,없음,없음,1,0,1,0,0,36.96688999,127.05708529
광주시,2015   ,2015-08-31 23시,야간,월요일,차량단독,공작물충돌,운전자법규위반,안전운전 의무 불이행,단일로,기타단일로,승용차,소형,없음,없음,1,0,1,0,0,37.38941809,127.23551842
화성시,2015   ,2015-08-31 13시,주간,월요일,차대사람,횡단중,운전자법규위반,안전운전 의무 불이행,교차로,교차로내,건설기계,건설기계,보행자,보행자,1,0,1,0,0,37.22156371,127.07546121
남양주시,2015   ,2015-08-31 11시,주간,월요일,차대차,진행중 추돌,운전자법규위반,안전거리 미확보,단일로,터널안,승용차,경형,건설기계,건설기계,2,0,3,0,1,37.64456358,127.32010764
파주시,2015   ,2015-08-31 03시,야간,월요일,차량단독,공작물충돌,운전자법규위반,안전운전 의무 불이행,단일로,기타단일로,승용차,대형,없음,없음,1,0,1,0,0,37.77813359,126.76682159
광주시,2015   ,2015-08-30 10시,주간,일요일,차대차,주정차중 추돌,운전자법규위반,안전운전 의무 불이행,단일로,기타단일로,이륜차,대형,화물차,소형,1,1,2,0,0,37.46737368,127.27239259
남양주시,2015   ,2015-08-30 08시,주간,일요일,차대차,진행중 추돌,운전자법규위반,중앙선 침범,단일로,기타단일로,승용차,중형,승합차,중형,1,1,5,0,3,37.66176924,127.14783118
안산시,2015   ,2015-08-30 05시,야간,일요일,차대차,기타,운전자법규위반,신호위반,단일로,횡단보도상,특수차,중형,자전거,자전거,1,0,1,0,0,37.32756588,126.80923829
평택시,2015   ,2015-08-30 01시,야간,일요일,차량단독,공작물충돌,운전자법규위반,안전운전 의무 불이행,교차로,교차로내,승용차,중형,없음,없음,1,0,1,0,0,36.97907898,127.05508209
양평군,2015   ,2015-08-28 18시,야간,금요일,차량단독,공작물충돌,운전자법규위반,안전운전 의무 불이행,단일로,기타단일로,화물차,소형,없음,없음,1,0,1,0,0,37.45281875,127.48781173
용인시,2015   ,2015-08-28 17시,주간,금요일,차량단독,공작물충돌,운전자법규위반,안전운전 의무 불이행,단일로,기타단일로,승용차,대형,없음,없음,1,0,1,0,0,37.22721523,127.0907489
평택시,2015   ,2015-08-28 15시,주간,금요일,차대사람,횡단중,운전자법규위반,안전운전 의무 불이행,단일로,횡단보도부근,승용차,중형,보행자,보행자,1,0,1,0,0,37.057497,127.057255
안성시,2015   ,2015-08-28 12시,주간,금요일,차대사람,차도통행중,운전자법규위반,안전운전 의무 불이행,교차로,교차로내,승용차,중형,보행자,보행자,1,0,1,0,0,37.00826524,127.19751553
김포시,2015   ,2015-08-28 11시,주간,금요일,차대차,진행중 추돌,운전자법규위반,안전거리 미확보,단일로,지하차도(도로)내,화물차,소형,화물차,소형,1,2,3,0,0,37.64993562,126.69966009
파주시,2015   ,2015-08-28 10시,주간,금요일,차대차,측면충돌,운전자법규위반,안전운전 의무 불이행,단일로,횡단보도부근,자전거,자전거,화물차,소형,1,0,1,0,0,37.84671749,126.78952294
안양시,2015   ,2015-08-28 00시,야간,금요일,차대사람,횡단중,운전자법규위반,안전운전 의무 불이행,단일로,기타단일로,원동기장치자전거,원동기장치자전거,보행자,보행자,1,0,1,0,0,37.40261102,126.91204554
김포시,2015   ,2015-08-27 11시,주간,목요일,차대차,진행중 추돌,운전자법규위반,안전거리 미확보,단일로,기타단일로,승용차,중형,승용차,소형,1,1,5,2,1,37.6368324,126.71742492
수원시,2015   ,2015-08-27 10시,주간,목요일,차대차,진행중 추돌,운전자법규위반,안전운전 의무 불이행,교차로,교차로내,승용차,소형,자전거,자전거,1,0,1,0,0,37.30403915,127.01175137
의왕시,2015   ,2015-08-27 01시,야간,목요일,차대차,측면충돌,운전자법규위반,안전운전 의무 불이행,단일로,기타단일로,승용차,소형,화물차,소형,1,0,1,0,0,37.32486376,126.95848849
가평군,2015   ,2015-08-26 22시,야간,수요일,차대사람,횡단중,운전자법규위반,보행자 보호의무 위반,단일로,기타단일로,승용차,중형,보행자,보행자,1,0,1,0,0,37.83717941,127.50831902
파주시,2015   ,2015-08-26 10시,주간,수요일,차량단독,공작물충돌,운전자법규위반,안전운전 의무 불이행,단일로,기타단일로,건설기계,건설기계,없음,없음,1,0,1,0,0,37.8504648,126.90455149
의정부시,2015   ,2015-08-24 19시,야간,월요일,차대사람,횡단중,운전자법규위반,신호위반,교차로,교차로부근,이륜차,소형,보행자,보행자,1,0,1,0,0,37.73836422,127.04276866
남양주시,2015   ,2015-08-23 07시,주간,일요일,차대차,정면충돌,운전자법규위반,신호위반,교차로,교차로내,승용차,중형,이륜차,소형,1,0,1,0,0,37.72118153,127.19505996
남양주시,2015   ,2015-08-23 05시,야간,일요일,차량단독,공작물충돌,운전자법규위반,안전운전 의무 불이행,단일로,기타단일로,화물차,중형,없음,없음,1,2,3,0,0,37.59380124,127.1672501
평택시,2015   ,2015-08-23 04시,야간,일요일,차량단독,공작물충돌,운전자법규위반,안전운전 의무 불이행,단일로,기타단일로,승용차,소형,없음,없음,1,0,1,0,0,36.97566057,126.86278812
안산시,2015   ,2015-08-23 00시,야간,일요일,차대사람,횡단중,운전자법규위반,과속,교차로,교차로부근,승용차,중형,보행자,보행자,1,0,1,0,0,37.30970858,126.82943204