시군명,발생년도,발생일자,주야구분명,사고요일,사고유형_대분류,사고유형,법규위반대분류명,법규위반내용,도로형태_대분류,도로형태,가해자 당사자 종별,당사자1_차종,피해자 당사자 종별,당사자2_차종,사망자수,중상자수,부상자수,부상신고자수,경상자수,WGS84위도,WGS84경도
평택시,2015   ,2015-04-29 15시,주간,수요일,차대사람,기타,운전자법규위반,안전운전 의무 불이행,단일로,기타단일로,승용차,소형,보행자,보행자,1,0,1,0,0,37.01755412,127.02082997
남양주시,2015   ,2015-04-29 10시,주간,수요일,차량단독,공작물충돌,운전자법규위반,안전운전 의무 불이행,단일로,기타단일로,승용차,중형,없음,없음,1,0,1,0,0,37.65222617,127.12228981
파주시,2015   ,2015-04-28 20시,야간,화요일,차대사람,기타,운전자법규위반,안전운전 의무 불이행,단일로,기타단일로,승합차,대형,보행자,보행자,1,0,1,0,0,37.72337946,126.70167318
파주시,2015   ,2015-04-28 19시,야간,화요일,차대사람,횡단중,운전자법규위반,보행자 보호의무 위반,단일로,기타단일로,승용차,소형,보행자,보행자,1,0,1,0,0,37.72566765,126.7108741
화성시,2015   ,2015-04-28 15시,주간,화요일,차대사람,보도통행중,운전자법규위반,보행자 보호의무 위반,단일로,기타단일로,승합차,대형,보행자,보행자,1,0,1,0,0,37.21847913,127.07748478
안양시,2015   ,2015-04-27 05시,야간,월요일,차대사람,횡단중,운전자법규위반,안전운전 의무 불이행,단일로,기타단일로,승용차,중형,보행자,보행자,1,0,1,0,0,37.36595765,126.95848692
수원시,2015   ,2015-04-26 23시,야간,일요일,차대차,측면충돌,운전자법규위반,교차로 통행방법 위반,교차로,교차로내,이륜차,소형,화물차,소형,1,0,1,0,0,37.28188293,127.01833578
구리시,2015   ,2015-04-26 19시,야간,일요일,차대사람,보도통행중,운전자법규위반,기타(운전자법규위반),단일로,횡단보도상,화물차,소형,보행자,보행자,1,0,1,0,0,37.63244083,127.14223489
양평군,2015   ,2015-04-26 15시,주간,일요일,차량단독,기타,운전자법규위반,안전운전 의무 불이행,단일로,기타단일로,자전거,자전거,없음,없음,1,0,1,0,0,37.60403915,127.35269746
안산시,2015   ,2015-04-26 06시,주간,일요일,차대차,측면충돌,운전자법규위반,안전운전 의무 불이행,교차로,교차로내,원동기장치자전거,원동기장치자전거,승합차,대형,2,0,2,0,0,37.32128309,126.82798612
의정부시,2015   ,2015-04-23 19시,야간,목요일,차대사람,기타,운전자법규위반,안전운전 의무 불이행,교차로,교차로부근,승용차,중형,보행자,보행자,1,0,1,0,0,37.73137909,127.05696321
시흥시,2015   ,2015-04-23 19시,야간,목요일,차대사람,횡단중,운전자법규위반,안전운전 의무 불이행,단일로,기타단일로,화물차,중형,보행자,보행자,1,0,1,0,0,37.43888198,126.79201767
안성시,2015   ,2015-04-23 11시,주간,목요일,차대차,기타,운전자법규위반,안전거리 미확보,교차로,교차로부근,화물차,경형,화물차,중형,1,0,2,0,1,37.04390727,127.36236701
화성시,2015   ,2015-04-23 09시,주간,목요일,차대차,기타,운전자법규위반,안전운전 의무 불이행,단일로,기타단일로,원동기장치자전거,원동기장치자전거,건설기계,건설기계,1,0,1,0,0,37.04044398,126.80003005
안양시,2015   ,2015-04-23 00시,야간,목요일,차대사람,횡단중,운전자법규위반,신호위반,교차로,교차로부근,화물차,중형,보행자,보행자,1,1,2,0,0,37.38666437,126.94533599
화성시,2015   ,2015-04-22 23시,야간,수요일,차대사람,횡단중,운전자법규위반,안전운전 의무 불이행,단일로,기타단일로,승용차,중형,보행자,보행자,1,0,1,0,0,37.21166561,127.04375724
부천시,2015   ,2015-04-21 22시,야간,화요일,차대차,측면충돌,운전자법규위반,신호위반,교차로,교차로내,이륜차,소형,승용차,중형,1,0,1,0,0,37.50359257,126.77606554
광명시,2015   ,2015-04-21 14시,주간,화요일,차대차,진행중 추돌,운전자법규위반,안전운전 의무 불이행,단일로,기타단일로,화물차,경형,특수차,경형,1,1,2,0,0,37.44889054,126.8723965
수원시,2015   ,2015-04-20 21시,야간,월요일,차량단독,기타,운전자법규위반,안전운전 의무 불이행,단일로,기타단일로,자전거,자전거,없음,없음,1,0,1,0,0,37.28838161,127.00514
포천시,2015   ,2015-04-20 11시,주간,월요일,차량단독,공작물충돌,운전자법규위반,안전운전 의무 불이행,단일로,기타단일로,승용차,중형,없음,없음,1,0,1,0,0,38.00717603,127.35583582
구리시,2015   ,2015-04-19 23시,야간,일요일,차대사람,횡단중,운전자법규위반,안전운전 의무 불이행,단일로,기타단일로,승합차,중형,보행자,보행자,1,0,1,0,0,37.60284079,127.14525425
이천시,2015   ,2015-04-19 23시,야간,일요일,차량단독,전도전복,운전자법규위반,안전운전 의무 불이행,단일로,기타단일로,이륜차,사발이,없음,없음,1,0,1,0,0,37.10635293,127.58609823
파주시,2015   ,2015-04-19 20시,야간,일요일,차대차,주정차중 추돌,운전자법규위반,안전운전 의무 불이행,단일로,기타단일로,승용차,경형,화물차,중형,1,0,1,0,0,37.82427457,126.8106567
고양시,2015   ,2015-04-19 06시,주간,일요일,차대차,정면충돌,운전자법규위반,중앙선 침범,단일로,기타단일로,승용차,중형,승용차,중형,1,5,6,0,0,37.63155823,126.80960749
파주시,2015   ,2015-04-19 02시,야간,일요일,차대차,정면충돌,운전자법규위반,중앙선 침범,단일로,지하차도(도로)내,승용차,중형,승용차,중형,1,2,3,0,0,37.70850321,126.75895411
안성시,2015   ,2015-04-18 09시,주간,토요일,차량단독,전도전복,운전자법규위반,안전운전 의무 불이행,단일로,기타단일로,이륜차,대형,없음,없음,1,0,1,0,0,37.10184011,127.51443889
용인시,2015   ,2015-04-18 00시,야간,토요일,차대사람,기타,운전자법규위반,안전운전 의무 불이행,단일로,기타단일로,화물차,중형,보행자,보행자,1,1,2,0,0,37.26254989,127.10394453
부천시,2015   ,2015-04-17 21시,야간,금요일,차대사람,횡단중,운전자법규위반,보행자 보호의무 위반,단일로,횡단보도상,승용차,중형,보행자,보행자,1,0,1,0,0,37.51367705,126.78468093
양평군,2015   ,2015-04-17 01시,야간,금요일,차량단독,공작물충돌,운전자법규위반,안전운전 의무 불이행,단일로,기타단일로,승용차,중형,없음,없음,1,0,1,0,0,37.48459584,127.5751853
가평군,2015   ,2015-04-16 15시,주간,목요일,차대차,정면충돌,운전자법규위반,중앙선 침범,단일로,고가도로위,화물차,소형,승용차,대형,1,0,3,0,2,37.82180218,127.5158165
화성시,2015   ,2015-04-15 00시,야간,수요일,차대사람,차도통행중,운전자법규위반,안전운전 의무 불이행,단일로,기타단일로,화물차,중형,보행자,보행자,1,0,2,1,0,37.20211707,126.87867136
성남시,2015   ,2015-04-14 05시,야간,화요일,차량단독,공작물충돌,운전자법규위반,안전운전 의무 불이행,단일로,기타단일로,화물차,중형,없음,없음,1,0,1,0,0,37.36502792,127.10366628
광명시,2015   ,2015-04-14 04시,야간,화요일,차대차,주정차중 추돌,운전자법규위반,안전운전 의무 불이행,단일로,기타단일로,이륜차,중형,승용차,중형,1,0,1,0,0,37.47672743,126.87465193
고양시,2015   ,2015-04-14 00시,야간,화요일,차대사람,차도통행중,운전자법규위반,안전운전 의무 불이행,단일로,기타단일로,승용차,중형,보행자,보행자,1,0,1,0,0,37.67623924,126.74524762
평택시,2015   ,2015-04-13 16시,주간,월요일,차대차,기타,운전자법규위반,안전거리 미확보,교차로,교차로부근,화물차,대형,승용차,중형,1,1,9,0,7,36.95041702,126.91283266
성남시,2015   ,2015-04-13 14시,주간,월요일,차대사람,기타,운전자법규위반,안전운전 의무 불이행,단일로,기타단일로,승합차,대형,보행자,보행자,1,0,1,0,0,37.40333813,127.08831281
양평군,2015   ,2015-04-13 14시,주간,월요일,차대차,측면충돌,운전자법규위반,안전운전 의무 불이행,교차로,교차로내,화물차,소형,승용차,소형,1,0,3,0,2,37.54405378,127.32002115
남양주시,2015   ,2015-04-12 00시,야간,일요일,차대사람,횡단중,운전자법규위반,안전운전 의무 불이행,단일로,기타단일로,승용차,소형,보행자,보행자,1,0,1,0,0,37.65981614,127.3540839
파주시,2015   ,2015-04-11 23시,야간,토요일,차대사람,기타,운전자법규위반,안전운전 의무 불이행,단일로,기타단일로,승용차,중형,보행자,보행자,1,0,1,0,0,37.80160683,126.79391962
연천군,2015   ,2015-04-11 20시,야간,토요일,차대차,기타,운전자법규위반,안전운전 의무 불이행,단일로,기타단일로,승합차,소형,자전거,자전거,1,0,1,0,0,38.02038821,127.06596101
연천군,2015   ,2015-04-11 14시,주간,토요일,차대차,진행중 추돌,운전자법규위반,안전운전 의무 불이행,단일로,기타단일로,건설기계,건설기계,건설기계,건설기계,1,0,1,0,0,38.01956304,127.13621405
평택시,2015   ,2015-04-11 06시,주간,토요일,차대사람,횡단중,운전자법규위반,서행 및 일시정지위반,단일로,기타단일로,승용차,중형,보행자,보행자,1,0,1,0,0,36.9554089,127.04837934
연천군,2015   ,2015-04-10 16시,주간,금요일,차대차,기타,운전자법규위반,안전운전 의무 불이행,단일로,기타단일로,이륜차,사발이,이륜차,사발이,1,0,1,0,0,38.0234841,126.95842322
군포시,2015   ,2015-04-10 09시,주간,금요일,차대차,진행중 추돌,운전자법규위반,안전운전 의무 불이행,교차로,교차로부근,승합차,소형,승합차,대형,2,0,5,0,3,37.34702566,126.94230835
고양시,2015   ,2015-04-09 18시,야간,목요일,차량단독,공작물충돌,운전자법규위반,안전운전 의무 불이행,교차로,교차로부근,승용차,중형,없음,없음,1,3,4,0,0,37.58578271,126.87658363
여주시,2015   ,2015-04-09 06시,주간,목요일,차량단독,전도전복,운전자법규위반,안전운전 의무 불이행,단일로,기타단일로,화물차,대형,없음,없음,1,1,2,0,0,37.23115909,127.59148197
화성시,2015   ,2015-04-09 04시,야간,목요일,차대차,기타,운전자법규위반,안전운전 의무 불이행,단일로,기타단일로,승용차,경형,화물차,대형,1,0,1,0,0,37.12859603,126.90451289
포천시,2015   ,2015-04-08 20시,야간,수요일,차대차,측면충돌,운전자법규위반,신호위반,교차로,교차로내,원동기장치자전거,원동기장치자전거,승용차,중형,1,0,1,0,0,37.84834998,127.19207048
포천시,2015   ,2015-04-08 19시,야간,수요일,차대차,주정차중 추돌,운전자법규위반,안전운전 의무 불이행,단일로,기타단일로,승용차,경형,승용차,경형,1,0,3,0,2,37.80517406,127.13138387
남양주시,2015   ,2015-04-08 17시,주간,수요일,차량단독,공작물충돌,운전자법규위반,안전운전 의무 불이행,단일로,기타단일로,화물차,중형,없음,없음,1,0,1,0,0,37.60349081,127.19392095
포천시,2015   ,2015-04-08 17시,주간,수요일,차대차,기타,운전자법규위반,중앙선 침범,단일로,기타단일로,승용차,경형,승용차,중형,1,3,5,0,1,37.98133081,127.32536931
이천시,2015   ,2015-04-08 15시,주간,수요일,차대차,주정차중 추돌,운전자법규위반,중앙선 침범,교차로,교차로부근,승용차,대형,화물차,대형,1,1,3,0,1,37.13018682,127.6078648
시흥시,2015   ,2015-04-07 01시,야간,화요일,차대차,주정차중 추돌,운전자법규위반,안전운전 의무 불이행,단일로,기타단일로,승용차,중형,화물차,중형,2,0,2,0,0,37.35881933,126.78693247
평택시,2015   ,2015-04-06 21시,야간,월요일,차대차,측면충돌,운전자법규위반,중앙선 침범,단일로,기타단일로,승용차,소형,승용차,경형,1,3,4,0,0,37.02240862,127.07159165
동두천시,2015   ,2015-04-06 20시,야간,월요일,차대사람,기타,운전자법규위반,안전운전 의무 불이행,단일로,기타단일로,승합차,대형,보행자,보행자,1,0,1,0,0,37.92139179,127.05657667
하남시,2015   ,2015-04-05 02시,야간,일요일,차대사람,차도통행중,운전자법규위반,안전운전 의무 불이행,단일로,기타단일로,승용차,대형,보행자,보행자,1,0,1,0,0,37.49968447,127.23216588
양주시,2015   ,2015-04-04 22시,야간,토요일,차량단독,기타,운전자법규위반,안전운전 의무 불이행,교차로,교차로부근,이륜차,소형,없음,없음,1,0,1,0,0,37.80287251,126.99869427
부천시,2015   ,2015-04-03 19시,야간,금요일,차대사람,기타,운전자법규위반,안전운전 의무 불이행,단일로,기타단일로,승합차,중형,보행자,보행자,1,0,1,0,0,37.48835933,126.75711878
평택시,2015   ,2015-04-03 11시,주간,금요일,차대사람,기타,운전자법규위반,안전운전 의무 불이행,단일로,터널안,화물차,소형,보행자,보행자,1,0,1,0,0,37.00798218,126.98664167
시흥시,2015   ,2015-04-03 05시,야간,금요일,차량단독,공작물충돌,운전자법규위반,안전운전 의무 불이행,단일로,기타단일로,화물차,소형,없음,없음,1,0,1,0,0,37.35422085,126.7748265
고양시,2015   ,2015-04-02 05시,야간,목요일,차대차,진행중 추돌,운전자법규위반,안전운전 의무 불이행,단일로,기타단일로,승용차,중형,화물차,대형,1,0,1,0,0,37.66890296,126.84323296
부천시,2015   ,2015-04-02 00시,야간,목요일,차대사람,횡단중,운전자법규위반,안전운전 의무 불이행,단일로,횡단보도부근,승용차,소형,보행자,보행자,1,1,3,0,1,37.49224163,126.78445555
용인시,2015   ,2015-04-01 17시,주간,수요일,차대사람,길가장자리구역통행중,운전자법규위반,안전운전 의무 불이행,단일로,기타단일로,화물차,대형,보행자,보행자,1,0,1,0,0,37.18416464,127.33113089
하남시,2015   ,2015-03-31 05시,야간,화요일,차대차,측면충돌,운전자법규위반,안전운전 의무 불이행,단일로,기타단일로,화물차,중형,승용차,대형,2,1,4,0,1,37.53156622,127.20229632
파주시,2015   ,2015-03-31 02시,야간,화요일,차대차,진행중 추돌,운전자법규위반,안전운전 의무 불이행,교차로,교차로부근,승용차,중형,승용차,중형,1,1,2,0,0,37.73470673,126.73394115
포천시,2015   ,2015-03-31 01시,야간,화요일,차대차,정면충돌,운전자법규위반,신호위반,교차로,교차로내,승용차,대형,건설기계,건설기계,1,1,2,0,0,37.80551673,127.13143896
용인시,2015   ,2015-03-30 17시,주간,월요일,차대사람,기타,운전자법규위반,기타(운전자법규위반),교차로,교차로부근,승합차,경형,보행자,보행자,1,0,1,0,0,37.27719201,127.15086027
연천군,2015   ,2015-03-30 11시,주간,월요일,차대차,진행중 추돌,운전자법규위반,안전운전 의무 불이행,단일로,기타단일로,승용차,중형,자전거,자전거,1,0,1,0,0,38.04495701,127.06839167
의정부시,2015   ,2015-03-30 07시,주간,월요일,차대차,주정차중 추돌,운전자법규위반,안전운전 의무 불이행,교차로,교차로내,건설기계,건설기계,건설기계,건설기계,1,0,4,0,3,37.70484794,127.05321868
파주시,2015   ,2015-03-29 12시,주간,일요일,차량단독,공작물충돌,운전자법규위반,안전운전 의무 불이행,단일로,기타단일로,이륜차,대형,없음,없음,1,0,1,0,0,37.8527207,126.78366819
안산시,2015   ,2015-03-28 18시,야간,토요일,차량단독,공작물충돌,운전자법규위반,안전운전 의무 불이행,단일로,기타단일로,승용차,중형,없음,없음,1,1,2,0,0,37.29338599,126.90202052
광주시,2015   ,2015-03-28 18시,야간,토요일,차량단독,공작물충돌,운전자법규위반,안전운전 의무 불이행,교차로,교차로부근,원동기장치자전거,원동기장치자전거,없음,없음,1,0,1,0,0,37.28774396,127.33026792
안성시,2015   ,2015-03-28 11시,주간,토요일,차대사람,기타,운전자법규위반,안전운전 의무 불이행,기타/불명,기타/불명,승용차,대형,보행자,보행자,1,0,1,0,0,36.9837719,127.23470438
고양시,2015   ,2015-03-28 05시,야간,토요일,차대사람,횡단중,운전자법규위반,안전운전 의무 불이행,단일로,횡단보도상,승용차,대형,보행자,보행자,1,0,1,0,0,37.67020314,126.76134214
안산시,2015   ,2015-03-28 01시,야간,토요일,차량단독,공작물충돌,운전자법규위반,과속,단일로,기타단일로,승용차,중형,없음,없음,1,1,2,0,0,37.31225507,126.8628923
평택시,2015   ,2015-03-28 01시,야간,토요일,차량단독,공작물충돌,운전자법규위반,안전운전 의무 불이행,교차로,교차로내,화물차,소형,없음,없음,1,0,1,0,0,36.99009606,126.83228201
광주시,2015   ,2015-03-27 23시,야간,금요일,차량단독,공작물충돌,운전자법규위반,안전운전 의무 불이행,단일로,기타단일로,승용차,중형,없음,없음,1,0,1,0,0,37.45076068,127.26285541
고양시,2015   ,2015-03-27 22시,야간,금요일,차대차,정면충돌,운전자법규위반,중앙선 침범,단일로,기타단일로,승용차,중형,승용차,중형,1,2,3,0,0,37.62982943,126.88314032
안산시,2015   ,2015-03-27 16시,주간,금요일,차대차,측면충돌,운전자법규위반,신호위반,단일로,횡단보도상,자전거,자전거,화물차,소형,1,0,1,0,0,37.30475871,126.84367123
고양시,2015   ,2015-03-27 09시,주간,금요일,차대사람,횡단중,운전자법규위반,보행자 보호의무 위반,교차로,교차로내,승용차,중형,보행자,보행자,1,0,1,0,0,37.65973352,126.76917803
안산시,2015   ,2015-03-26 13시,주간,목요일,차량단독,기타,운전자법규위반,기타(운전자법규위반),기타/불명,기타/불명,승용차,대형,없음,없음,1,0,1,0,0,37.27668034,126.559058
화성시,2015   ,2015-03-26 10시,주간,목요일,차대차,주정차중 추돌,운전자법규위반,안전운전 의무 불이행,단일로,기타단일로,특수차,중형,승용차,중형,1,6,7,0,0,37.24167517,126.88826841
의왕시,2015   ,2015-03-26 02시,야간,목요일,차대차,기타,운전자법규위반,안전운전 의무 불이행,단일로,기타단일로,승용차,소형,승용차,중형,1,0,1,0,0,37.39231002,127.01141667
광주시,2015   ,2015-03-24 19시,야간,화요일,차대사람,횡단중,운전자법규위반,과속,단일로,기타단일로,승용차,대형,보행자,보행자,1,0,1,0,0,37.44830562,127.26120123
고양시,2015   ,2015-03-24 15시,주간,화요일,차대차,기타,운전자법규위반,안전운전 의무 불이행,단일로,기타단일로,승용차,중형,자전거,자전거,1,0,1,0,0,37.6114464,126.87197335
화성시,2015   ,2015-03-24 05시,야간,화요일,차대사람,길가장자리구역통행중,운전자법규위반,안전운전 의무 불이행,단일로,기타단일로,승용차,중형,보행자,보행자,4,0,5,0,1,37.19941495,127.00759191
안성시,2015   ,2015-03-24 05시,야간,화요일,차대사람,횡단중,운전자법규위반,안전운전 의무 불이행,단일로,기타단일로,승용차,중형,보행자,보행자,1,0,1,0,0,37.00056656,127.17355073
파주시,2015   ,2015-03-24 00시,야간,화요일,차대사람,기타,운전자법규위반,안전운전 의무 불이행,단일로,기타단일로,화물차,소형,보행자,보행자,1,0,1,0,0,37.83964137,126.7908637
광명시,2015   ,2015-03-23 07시,주간,월요일,차량단독,공작물충돌,운전자법규위반,안전운전 의무 불이행,단일로,횡단보도부근,이륜차,소형,없음,없음,1,0,1,0,0,37.47129199,126.8430434
하남시,2015   ,2015-03-22 02시,야간,일요일,차량단독,공작물충돌,운전자법규위반,안전운전 의무 불이행,교차로,교차로내,승용차,중형,없음,없음,1,1,3,1,0,37.5467195,127.19231931
의정부시,2015   ,2015-03-22 01시,야간,일요일,차량단독,공작물충돌,운전자법규위반,안전운전 의무 불이행,교차로,교차로부근,원동기장치자전거,원동기장치자전거,없음,없음,1,1,3,0,1,37.72863218,127.04802593
포천시,2015   ,2015-03-21 03시,야간,토요일,차량단독,공작물충돌,운전자법규위반,안전운전 의무 불이행,단일로,기타단일로,승용차,중형,없음,없음,1,0,1,0,0,37.80217807,127.13022874
의정부시,2015   ,2015-03-20 20시,야간,금요일,차대사람,차도통행중,운전자법규위반,안전운전 의무 불이행,단일로,기타단일로,승용차,대형,보행자,보행자,1,0,1,0,0,37.75820502,127.04114803
남양주시,2015   ,2015-03-20 09시,주간,금요일,차대차,정면충돌,운전자법규위반,안전운전 의무 불이행,단일로,기타단일로,이륜차,소형,화물차,경형,1,0,1,0,0,37.75537811,127.19865454
남양주시,2015   ,2015-03-20 03시,야간,금요일,차량단독,공작물충돌,운전자법규위반,안전운전 의무 불이행,단일로,기타단일로,승용차,경형,없음,없음,1,0,1,0,0,37.65583743,127.15977443
안산시,2015   ,2015-03-19 12시,주간,목요일,차대사람,차도통행중,운전자법규위반,안전운전 의무 불이행,교차로,교차로내,승용차,중형,보행자,보행자,1,0,1,0,0,37.30702088,126.84361771
부천시,2015   ,2015-03-19 12시,주간,목요일,차대사람,횡단중,운전자법규위반,보행자 보호의무 위반,단일로,횡단보도상,승합차,중형,보행자,보행자,1,0,1,0,0,37.52809248,126.80479031
양평군,2015   ,2015-03-19 10시,주간,목요일,차대차,정면충돌,운전자법규위반,중앙선 침범,단일로,기타단일로,승용차,대형,승용차,대형,1,5,6,0,0,37.55639999,127.35792015
화성시,2015   ,2015-03-19 08시,주간,목요일,차대사람,횡단중,운전자법규위반,안전운전 의무 불이행,교차로,교차로부근,화물차,소형,보행자,보행자,1,0,1,0,0,37.2189413,127.03945288
남양주시,2015   ,2015-03-18 17시,주간,수요일,차대사람,횡단중,운전자법규위반,안전운전 의무 불이행,단일로,기타단일로,승용차,중형,보행자,보행자,1,0,1,0,0,37.64674663,127.13977446
포천시,2015   ,2015-03-17 10시,주간,화요일,차량단독,공작물충돌,운전자법규위반,기타(운전자법규위반),단일로,기타단일로,승합차,중형,없음,없음,1,0,1,0,0,37.81063874,127.20969989
안성시,2015   ,2015-03-17 10시,주간,화요일,차대차,기타,운전자법규위반,교차로 통행방법 위반,교차로,교차로내,승용차,소형,이륜차,소형,1,0,1,0,0,37.07365976,127.43013851
안성시,2015   ,2015-03-17 10시,주간,화요일,차대차,주정차중 추돌,운전자법규위반,안전운전 의무 불이행,단일로,기타단일로,화물차,중형,화물차,중형,1,1,2,0,0,37.08631718,127.45074002
평택시,2015   ,2015-03-16 23시,야간,월요일,차대사람,기타,운전자법규위반,안전운전 의무 불이행,교차로,교차로부근,승용차,중형,보행자,보행자,1,0,1,0,0,36.99665689,126.93814567
평택시,2015   ,2015-03-16 13시,주간,월요일,차대차,기타,운전자법규위반,안전운전 의무 불이행,단일로,기타단일로,화물차,대형,승용차,소형,1,0,1,0,0,37.02364577,126.99639582
양평군,2015   ,2015-03-15 15시,주간,일요일,차량단독,공작물충돌,운전자법규위반,안전운전 의무 불이행,단일로,기타단일로,승용차,중형,없음,없음,1,0,2,0,1,37.47358199,127.73331491
김포시,2015   ,2015-03-15 08시,주간,일요일,차대차,주정차중 추돌,운전자법규위반,안전운전 의무 불이행,단일로,기타단일로,승용차,중형,승합차,대형,1,1,6,0,4,37.62532215,126.71195885
성남시,2015   ,2015-03-15 06시,주간,일요일,차대차,진행중 추돌,운전자법규위반,신호위반,교차로,교차로내,승용차,중형,승합차,대형,1,1,2,0,0,37.40669535,127.14220376
고양시,2015   ,2015-03-14 16시,주간,토요일,차대사람,차도통행중,운전자법규위반,안전운전 의무 불이행,단일로,기타단일로,승용차,소형,보행자,보행자,1,0,1,0,0,37.67436395,126.77533941
화성시,2015   ,2015-03-14 08시,주간,토요일,차대차,기타,운전자법규위반,중앙선 침범,단일로,기타단일로,화물차,소형,화물차,소형,1,1,2,0,0,37.10965915,126.87508309
의정부시,2015   ,2015-03-13 22시,야간,금요일,차대차,정면충돌,운전자법규위반,중앙선 침범,단일로,기타단일로,승합차,경형,원동기장치자전거,원동기장치자전거,1,1,2,0,0,37.72437476,127.04720075
안성시,2015   ,2015-03-13 21시,야간,금요일,차대사람,횡단중,운전자법규위반,안전운전 의무 불이행,단일로,기타단일로,승용차,소형,보행자,보행자,1,0,1,0,0,37.03163457,127.28646098
수원시,2015   ,2015-03-13 01시,야간,금요일,차대차,기타,운전자법규위반,안전운전 의무 불이행,단일로,기타단일로,화물차,대형,승용차,중형,1,0,1,0,0,37.31637579,126.99590533
김포시,2015   ,2015-03-12 22시,야간,목요일,차대차,측면충돌,운전자법규위반,신호위반,교차로,교차로부근,승용차,소형,승용차,중형,1,0,3,0,2,37.65891272,126.66710514
평택시,2015   ,2015-03-12 05시,야간,목요일,차대사람,횡단중,운전자법규위반,안전운전 의무 불이행,단일로,기타단일로,승용차,경형,보행자,보행자,1,0,1,0,0,37.05014793,126.97767571
고양시,2015   ,2015-03-11 04시,야간,수요일,차대차,기타,운전자법규위반,과속,단일로,기타단일로,승용차,중형,이륜차,소형,1,0,1,0,0,37.69576174,126.74664911
광주시,2015   ,2015-03-10 10시,주간,화요일,차대사람,길가장자리구역통행중,운전자법규위반,안전운전 의무 불이행,단일로,기타단일로,승합차,중형,보행자,보행자,1,0,1,0,0,37.415226,127.2952875
안산시,2015   ,2015-03-10 00시,야간,화요일,차대차,주정차중 추돌,운전자법규위반,안전운전 의무 불이행,단일로,기타단일로,승용차,중형,건설기계,건설기계,1,0,1,0,0,37.29042048,126.8441681
여주시,2015   ,2015-03-09 19시,야간,월요일,차대차,진행중 추돌,운전자법규위반,안전운전 의무 불이행,교차로,교차로내,화물차,소형,화물차,소형,1,2,3,0,0,37.1878746,127.56164043
수원시,2015   ,2015-03-09 09시,주간,월요일,차대차,측면충돌,운전자법규위반,신호위반,교차로,교차로내,이륜차,중형,화물차,소형,1,0,1,0,0,37.2624588,127.01414013
파주시,2015   ,2015-03-09 08시,주간,월요일,차대차,기타,운전자법규위반,신호위반,교차로,교차로부근,승합차,대형,자전거,자전거,1,0,1,0,0,37.7170535,126.75416029
가평군,2015   ,2015-03-08 00시,야간,일요일,차대사람,기타,운전자법규위반,안전운전 의무 불이행,단일로,교량위,화물차,소형,보행자,보행자,1,0,1,0,0,37.8220282,127.35398102
수원시,2015   ,2015-03-07 08시,주간,토요일,차대차,기타,운전자법규위반,중앙선 침범,단일로,기타단일로,화물차,소형,승용차,중형,1,0,1,0,0,37.28042785,126.96897065
안산시,2015   ,2015-03-07 06시,주간,토요일,차대차,주정차중 추돌,운전자법규위반,안전운전 의무 불이행,단일로,기타단일로,승용차,중형,화물차,대형,1,0,1,0,0,37.34751483,126.82670239
양평군,2015   ,2015-03-07 04시,야간,토요일,차대사람,기타,운전자법규위반,안전운전 의무 불이행,단일로,기타단일로,승용차,대형,보행자,보행자,1,0,1,0,0,37.4997088,127.4542145
고양시,2015   ,2015-03-06 19시,야간,금요일,차대차,진행중 추돌,운전자법규위반,안전운전 의무 불이행,단일로,기타단일로,화물차,소형,화물차,소형,1,0,3,0,2,37.65675511,126.82918002
수원시,2015   ,2015-03-06 13시,주간,금요일,차대사람,기타,운전자법규위반,안전운전 의무 불이행,단일로,기타단일로,승용차,중형,보행자,보행자,1,0,2,0,1,37.2307286,127.02275348
성남시,2015   ,2015-03-06 03시,야간,금요일,차대사람,차도통행중,운전자법규위반,안전운전 의무 불이행,단일로,기타단일로,화물차,소형,보행자,보행자,1,0,1,0,0,37.44364191,127.15406766
의왕시,2015   ,2015-03-06 00시,야간,금요일,차대사람,횡단중,운전자법규위반,안전운전 의무 불이행,단일로,횡단보도상,승용차,중형,보행자,보행자,1,0,1,0,0,37.3416453,126.97805701
안양시,2015   ,2015-03-05 22시,야간,목요일,차대사람,횡단중,운전자법규위반,안전운전 의무 불이행,단일로,기타단일로,승용차,중형,보행자,보행자,1,0,1,0,0,37.38731728,126.93098477
용인시,2015   ,2015-03-05 12시,주간,목요일,차대사람,횡단중,운전자법규위반,안전운전 의무 불이행,단일로,기타단일로,화물차,소형,보행자,보행자,1,0,1,0,0,37.33793388,127.24090332
하남시,2015   ,2015-03-04 11시,주간,수요일,차대사람,횡단중,운전자법규위반,안전운전 의무 불이행,단일로,기타단일로,승합차,대형,보행자,보행자,1,0,1,0,0,37.53806083,127.2042174
안성시,2015   ,2015-03-03 13시,주간,화요일,차대사람,차도통행중,운전자법규위반,안전운전 의무 불이행,교차로,교차로부근,승합차,대형,보행자,보행자,1,0,1,0,0,37.08339189,127.26128186
고양시,2015   ,2015-03-03 12시,주간,화요일,차대사람,차도통행중,운전자법규위반,안전운전 의무 불이행,단일로,기타단일로,화물차,소형,보행자,보행자,1,1,2,0,0,37.64377586,126.80578787
김포시,2015   ,2015-03-03 08시,주간,화요일,차대사람,횡단중,운전자법규위반,안전운전 의무 불이행,단일로,횡단보도부근,화물차,소형,보행자,보행자,1,0,1,0,0,37.67510674,126.61477288
부천시,2015   ,2015-03-02 12시,주간,월요일,차대사람,횡단중,운전자법규위반,신호위반,교차로,교차로내,승합차,대형,보행자,보행자,1,0,1,0,0,37.4882743,126.76513946
이천시,2015   ,2015-03-02 10시,주간,월요일,차대차,측면충돌,운전자법규위반,안전운전 의무 불이행,단일로,기타단일로,승용차,중형,화물차,대형,1,1,2,0,0,37.23449145,127.4309261
용인시,2015   ,2015-03-02 01시,야간,월요일,차대차,주정차중 추돌,운전자법규위반,안전운전 의무 불이행,단일로,기타단일로,승용차,중형,화물차,중형,1,0,1,0,0,37.22771018,127.2806563