시군명,발생년도,발생일자,주야구분명,사고요일,사고유형_대분류,사고유형,법규위반대분류명,법규위반내용,도로형태_대분류,도로형태,가해자 당사자 종별,당사자1_차종,피해자 당사자 종별,당사자2_차종,사망자수,중상자수,부상자수,부상신고자수,경상자수,WGS84위도,WGS84경도
고양시,2015   ,2015-03-01 03시,야간,일요일,차량단독,기타,운전자법규위반,안전운전 의무 불이행,단일로,기타단일로,특수차,소형,없음,없음,1,0,1,0,0,37.6314117,126.8107535
가평군,2015   ,2015-02-27 23시,야간,금요일,차대차,주정차중 추돌,운전자법규위반,안전운전 의무 불이행,단일로,기타단일로,승용차,대형,승용차,대형,1,2,3,0,0,37.82190737,127.34409594
부천시,2015   ,2015-02-27 05시,야간,금요일,차량단독,기타,운전자법규위반,안전운전 의무 불이행,단일로,기타단일로,이륜차,소형,없음,없음,1,0,1,0,0,37.48095504,126.7931591
수원시,2015   ,2015-02-26 13시,주간,목요일,차대차,진행중 추돌,운전자법규위반,안전거리 미확보,단일로,기타단일로,승용차,중형,원동기장치자전거,원동기장치자전거,1,0,1,0,0,37.2702295,127.00129993
용인시,2015   ,2015-02-26 06시,주간,목요일,차대차,기타,운전자법규위반,안전운전 의무 불이행,기타/불명,기타/불명,화물차,소형,승합차,소형,1,0,1,0,0,37.27788754,127.23079924
용인시,2015   ,2015-02-25 18시,야간,수요일,차대사람,횡단중,운전자법규위반,보행자 보호의무 위반,교차로,교차로부근,승용차,중형,보행자,보행자,1,0,1,0,0,37.14189474,127.19822286
고양시,2015   ,2015-02-25 11시,주간,수요일,차대차,기타,운전자법규위반,신호위반,교차로,교차로내,자전거,자전거,승용차,중형,1,0,1,0,0,37.67418899,126.75449885
평택시,2015   ,2015-02-24 10시,주간,화요일,차대사람,기타,운전자법규위반,안전운전 의무 불이행,기타/불명,기타/불명,승용차,중형,보행자,보행자,1,0,1,0,0,36.96354908,127.04136648
안양시,2015   ,2015-02-23 11시,주간,월요일,차대사람,횡단중,운전자법규위반,안전운전 의무 불이행,교차로,교차로내,승용차,중형,보행자,보행자,1,0,1,0,0,37.3752831,126.96757981
김포시,2015   ,2015-02-22 10시,주간,일요일,차대사람,횡단중,운전자법규위반,보행자 보호의무 위반,교차로,교차로부근,승합차,중형,보행자,보행자,1,0,1,0,0,37.62877045,126.7060181
시흥시,2015   ,2015-02-22 00시,야간,일요일,차대차,기타,운전자법규위반,안전거리 미확보,교차로,교차로부근,원동기장치자전거,원동기장치자전거,승용차,중형,1,2,3,0,0,37.44207744,126.78829098
광주시,2015   ,2015-02-18 22시,야간,수요일,차대차,정면충돌,운전자법규위반,중앙선 침범,단일로,기타단일로,승용차,중형,이륜차,소형,1,0,1,0,0,37.40487572,127.25599463
부천시,2015   ,2015-02-17 22시,야간,화요일,차대사람,기타,운전자법규위반,기타(운전자법규위반),단일로,기타단일로,승합차,중형,보행자,보행자,1,0,1,0,0,37.49723381,126.78573152
남양주시,2015   ,2015-02-16 20시,야간,월요일,차대차,진행중 추돌,운전자법규위반,안전운전 의무 불이행,단일로,터널안,승용차,중형,승용차,소형,1,0,2,0,1,37.63033125,127.23819164
하남시,2015   ,2015-02-16 18시,야간,월요일,차대사람,횡단중,운전자법규위반,안전운전 의무 불이행,단일로,횡단보도상,승용차,소형,보행자,보행자,1,0,1,0,0,37.54682427,127.19448109
의정부시,2015   ,2015-02-16 14시,주간,월요일,차대차,정면충돌,운전자법규위반,중앙선 침범,단일로,기타단일로,승합차,소형,화물차,소형,2,0,2,0,0,37.73879881,127.06961925
부천시,2015   ,2015-02-15 21시,야간,일요일,차대사람,횡단중,운전자법규위반,안전운전 의무 불이행,교차로,교차로부근,화물차,중형,보행자,보행자,1,0,1,0,0,37.50573185,126.75339403
연천군,2015   ,2015-02-15 18시,야간,일요일,차대차,진행중 추돌,운전자법규위반,안전운전 의무 불이행,단일로,기타단일로,화물차,경형,자전거,자전거,1,0,1,0,0,38.08403767,127.07621241
포천시,2015   ,2015-02-15 18시,야간,일요일,차대차,기타,운전자법규위반,안전운전 의무 불이행,교차로,교차로부근,화물차,대형,자전거,자전거,1,0,1,0,0,37.81109198,127.16325539
파주시,2015   ,2015-02-13 17시,주간,금요일,차대차,정면충돌,운전자법규위반,신호위반,교차로,교차로내,승합차,대형,자전거,자전거,1,0,1,0,0,37.72327884,126.74946824
안산시,2015   ,2015-02-13 10시,주간,금요일,차대차,기타,운전자법규위반,신호위반,단일로,기타단일로,자전거,자전거,승용차,경형,1,0,1,0,0,37.30271939,126.86139304
성남시,2015   ,2015-02-12 13시,주간,목요일,차대사람,횡단중,운전자법규위반,신호위반,교차로,교차로부근,화물차,중형,보행자,보행자,1,0,1,0,0,37.4376569,127.13317144
김포시,2015   ,2015-02-12 07시,주간,목요일,차량단독,공작물충돌,운전자법규위반,안전운전 의무 불이행,교차로,교차로내,승용차,경형,없음,없음,1,0,1,0,0,37.63633278,126.69276771
광주시,2015   ,2015-02-12 01시,야간,목요일,차대차,진행중 추돌,운전자법규위반,안전운전 의무 불이행,단일로,기타단일로,승용차,경형,화물차,소형,1,1,2,0,0,37.41945118,127.19060309
고양시,2015   ,2015-02-12 00시,야간,목요일,차대사람,기타,운전자법규위반,안전운전 의무 불이행,단일로,횡단보도상,승용차,중형,보행자,보행자,1,0,1,0,0,37.67449513,126.75160417
포천시,2015   ,2015-02-11 08시,주간,수요일,차대차,측면충돌,운전자법규위반,신호위반,교차로,교차로내,승용차,소형,승용차,중형,1,1,2,0,0,37.94151694,127.30039162
수원시,2015   ,2015-02-11 01시,야간,수요일,차대사람,기타,운전자법규위반,안전운전 의무 불이행,단일로,기타단일로,승용차,중형,보행자,보행자,1,0,1,0,0,37.28003916,127.00404402
부천시,2015   ,2015-02-10 07시,주간,화요일,차대사람,횡단중,운전자법규위반,안전운전 의무 불이행,교차로,교차로부근,승용차,중형,보행자,보행자,1,0,1,0,0,37.52672298,126.7822816
용인시,2015   ,2015-02-10 05시,야간,화요일,차대차,진행중 추돌,운전자법규위반,안전운전 의무 불이행,교차로,교차로내,화물차,소형,화물차,대형,1,0,1,0,0,37.25744958,127.10442231
성남시,2015   ,2015-02-09 16시,주간,월요일,차대차,진행중 추돌,운전자법규위반,안전운전 의무 불이행,단일로,터널안,승용차,중형,승용차,소형,1,3,4,0,0,37.42408764,127.09876658
화성시,2015   ,2015-02-09 12시,주간,월요일,차대차,정면충돌,운전자법규위반,중앙선 침범,단일로,기타단일로,승용차,소형,화물차,소형,1,0,3,0,2,37.19811604,126.7217064
성남시,2015   ,2015-02-08 12시,주간,일요일,차대차,진행중 추돌,운전자법규위반,안전운전 의무 불이행,단일로,기타단일로,승용차,소형,승용차,중형,1,0,3,0,2,37.37553609,127.10309144
군포시,2015   ,2015-02-07 07시,주간,토요일,차량단독,전도전복,운전자법규위반,안전운전 의무 불이행,단일로,기타단일로,이륜차,중형,없음,없음,1,0,1,0,0,37.35517101,126.92843851
용인시,2015   ,2015-02-06 18시,야간,금요일,차량단독,전도전복,운전자법규위반,안전운전 의무 불이행,단일로,기타단일로,원동기장치자전거,원동기장치자전거,없음,없음,1,0,1,0,0,37.2212931,127.22495888
하남시,2015   ,2015-02-06 09시,주간,금요일,차대사람,횡단중,운전자법규위반,안전운전 의무 불이행,단일로,기타단일로,화물차,소형,보행자,보행자,1,0,1,0,0,37.54035528,127.20622322
고양시,2015   ,2015-02-05 22시,야간,목요일,차대사람,기타,운전자법규위반,안전운전 의무 불이행,단일로,기타단일로,승용차,소형,보행자,보행자,1,0,1,0,0,37.73232796,126.91129795
용인시,2015   ,2015-02-05 15시,주간,목요일,차대사람,차도통행중,운전자법규위반,안전운전 의무 불이행,교차로,교차로내,건설기계,건설기계,보행자,보행자,1,0,1,0,0,37.26588406,127.13738979
안성시,2015   ,2015-02-04 22시,야간,수요일,차대사람,기타,운전자법규위반,안전운전 의무 불이행,교차로,교차로내,화물차,경형,보행자,보행자,1,0,1,0,0,37.06125845,127.29833459
부천시,2015   ,2015-02-04 10시,주간,수요일,차대사람,길가장자리구역통행중,운전자법규위반,안전운전 의무 불이행,단일로,기타단일로,자전거,자전거,보행자,보행자,1,0,1,0,0,37.53380256,126.76101448
용인시,2015   ,2015-02-04 09시,주간,수요일,차대차,기타,운전자법규위반,안전운전 의무 불이행,단일로,기타단일로,승용차,소형,건설기계,건설기계,1,0,1,0,0,37.13497893,127.20102001
안산시,2015   ,2015-02-03 19시,야간,화요일,차대사람,보도통행중,운전자법규위반,기타(운전자법규위반),교차로,교차로부근,자전거,자전거,보행자,보행자,1,0,1,0,0,37.34201486,126.81232348
남양주시,2015   ,2015-01-30 08시,주간,금요일,차대사람,기타,운전자법규위반,안전운전 의무 불이행,교차로,교차로부근,승용차,중형,보행자,보행자,1,0,1,0,0,37.74535111,127.20408678
광명시,2015   ,2015-01-30 03시,야간,금요일,차대사람,기타,운전자법규위반,안전운전 의무 불이행,단일로,기타단일로,승용차,중형,보행자,보행자,1,1,2,0,0,37.43580993,126.86194815
수원시,2015   ,2015-01-29 20시,야간,목요일,차대사람,횡단중,운전자법규위반,안전운전 의무 불이행,교차로,교차로내,승합차,소형,보행자,보행자,1,0,1,0,0,37.24879292,127.0576507
부천시,2015   ,2015-01-29 20시,야간,목요일,차대사람,횡단중,운전자법규위반,보행자 보호의무 위반,교차로,교차로내,승합차,대형,보행자,보행자,1,0,1,0,0,37.51511385,126.76328086
이천시,2015   ,2015-01-29 07시,주간,목요일,차대차,기타,운전자법규위반,신호위반,교차로,교차로내,승용차,소형,승용차,중형,1,0,2,0,1,37.22315706,127.42484955
화성시,2015   ,2015-01-28 20시,야간,수요일,차대사람,차도통행중,운전자법규위반,안전운전 의무 불이행,단일로,기타단일로,승합차,소형,보행자,보행자,1,0,1,0,0,37.07897545,126.83055833
용인시,2015   ,2015-01-26 14시,주간,월요일,차대차,측면충돌,운전자법규위반,안전운전 의무 불이행,교차로,교차로내,승용차,중형,승용차,중형,1,1,3,0,1,37.27414364,127.08861132
수원시,2015   ,2015-01-25 18시,야간,일요일,차대사람,횡단중,운전자법규위반,안전운전 의무 불이행,단일로,기타단일로,승용차,대형,보행자,보행자,1,2,3,0,0,37.28711475,127.01046185
파주시,2015   ,2015-01-24 04시,야간,토요일,차대사람,횡단중,운전자법규위반,안전운전 의무 불이행,교차로,교차로부근,승용차,중형,보행자,보행자,1,0,1,0,0,37.72545089,126.71080831
광주시,2015   ,2015-01-24 04시,야간,토요일,차량단독,공작물충돌,운전자법규위반,안전운전 의무 불이행,단일로,기타단일로,화물차,소형,없음,없음,1,0,1,0,0,37.41996502,127.19062358
의왕시,2015   ,2015-01-23 16시,주간,금요일,차대사람,길가장자리구역통행중,운전자법규위반,안전운전 의무 불이행,단일로,기타단일로,화물차,소형,보행자,보행자,1,0,1,0,0,37.3188129,126.95205366
수원시,2015   ,2015-01-23 06시,주간,금요일,차대차,측면충돌,운전자법규위반,신호위반,교차로,교차로내,승합차,대형,자전거,자전거,1,0,1,0,0,37.29860166,127.00710853
평택시,2015   ,2015-01-23 00시,야간,금요일,차대차,주정차중 추돌,운전자법규위반,안전운전 의무 불이행,교차로,교차로부근,승용차,소형,화물차,소형,1,0,1,0,0,36.96800239,126.86185212
광명시,2015   ,2015-01-22 22시,야간,목요일,차대사람,횡단중,운전자법규위반,안전운전 의무 불이행,단일로,기타단일로,이륜차,중형,보행자,보행자,2,0,2,0,0,37.48173492,126.85545013
동두천시,2015   ,2015-01-22 20시,야간,목요일,차대사람,횡단중,운전자법규위반,안전운전 의무 불이행,단일로,기타단일로,승용차,중형,보행자,보행자,1,0,1,0,0,37.90284935,127.05109155
평택시,2015   ,2015-01-22 19시,야간,목요일,차대사람,횡단중,운전자법규위반,안전운전 의무 불이행,단일로,기타단일로,승용차,소형,보행자,보행자,1,0,1,0,0,36.97266796,127.04041298
용인시,2015   ,2015-01-22 06시,주간,목요일,차대사람,횡단중,운전자법규위반,신호위반,교차로,교차로내,승용차,중형,보행자,보행자,1,0,1,0,0,37.32402414,127.24445007
안산시,2015   ,2015-01-22 00시,야간,목요일,차대차,진행중 추돌,운전자법규위반,안전운전 의무 불이행,교차로,교차로내,화물차,소형,원동기장치자전거,원동기장치자전거,1,0,1,0,0,37.28225694,126.83501141
남양주시,2015   ,2015-01-21 19시,야간,수요일,차대차,주정차중 추돌,운전자법규위반,안전운전 의무 불이행,단일로,기타단일로,화물차,중형,승용차,경형,1,1,2,0,0,37.56785515,127.22861545
연천군,2015   ,2015-01-21 06시,주간,수요일,차대사람,기타,운전자법규위반,안전운전 의무 불이행,단일로,기타단일로,승용차,대형,보행자,보행자,1,0,1,0,0,37.99025857,126.91970845
이천시,2015   ,2015-01-21 04시,야간,수요일,차량단독,전도전복,운전자법규위반,안전운전 의무 불이행,교차로,교차로내,승용차,소형,없음,없음,1,0,1,0,0,37.27504751,127.49252153
성남시,2015   ,2015-01-21 01시,야간,수요일,차량단독,전도전복,운전자법규위반,안전운전 의무 불이행,교차로,교차로부근,승용차,소형,없음,없음,1,0,1,0,0,37.42795664,127.10205759
평택시,2015   ,2015-01-20 07시,주간,화요일,차대차,정면충돌,운전자법규위반,중앙선 침범,단일로,기타단일로,승용차,중형,승용차,중형,1,2,4,0,1,37.11054086,127.08164183
고양시,2015   ,2015-01-20 00시,야간,화요일,차량단독,공작물충돌,운전자법규위반,안전운전 의무 불이행,단일로,기타단일로,승용차,중형,없음,없음,1,0,1,0,0,37.65002746,126.73942557
남양주시,2015   ,2015-01-19 22시,야간,월요일,차대사람,기타,운전자법규위반,안전운전 의무 불이행,단일로,기타단일로,승합차,중형,보행자,보행자,1,0,1,0,0,37.68063467,127.15716623
남양주시,2015   ,2015-01-19 20시,야간,월요일,차대사람,보도통행중,운전자법규위반,기타(운전자법규위반),단일로,기타단일로,승용차,중형,보행자,보행자,1,0,1,0,0,37.75362299,127.23334189
안산시,2015   ,2015-01-19 14시,주간,월요일,차대사람,차도통행중,운전자법규위반,안전운전 의무 불이행,단일로,기타단일로,화물차,대형,보행자,보행자,1,0,1,0,0,37.30045209,126.88777011
화성시,2015   ,2015-01-19 05시,야간,월요일,차대차,진행중 추돌,운전자법규위반,안전운전 의무 불이행,단일로,기타단일로,화물차,중형,화물차,중형,1,0,1,0,0,37.25270592,126.90911921
김포시,2015   ,2015-01-18 06시,주간,일요일,차량단독,공작물충돌,운전자법규위반,안전운전 의무 불이행,단일로,기타단일로,승용차,중형,없음,없음,1,0,1,0,0,37.67099138,126.61886981
수원시,2015   ,2015-01-17 06시,주간,토요일,차대사람,횡단중,운전자법규위반,안전운전 의무 불이행,교차로,교차로내,승용차,중형,보행자,보행자,1,0,1,0,0,37.27407385,126.96915064
의정부시,2015   ,2015-01-17 05시,야간,토요일,차대사람,기타,운전자법규위반,안전운전 의무 불이행,단일로,횡단보도상,화물차,소형,보행자,보행자,1,0,1,0,0,37.73543794,127.07488201
수원시,2015   ,2015-01-16 13시,주간,금요일,차량단독,전도전복,운전자법규위반,안전운전 의무 불이행,교차로,교차로내,이륜차,중형,없음,없음,1,0,1,0,0,37.30170355,127.00932921
안산시,2015   ,2015-01-16 04시,야간,금요일,차대차,측면충돌,운전자법규위반,신호위반,교차로,교차로내,승용차,중형,이륜차,소형,1,1,2,0,0,37.30900774,126.85249271
화성시,2015   ,2015-01-15 21시,야간,목요일,차대사람,기타,운전자법규위반,안전운전 의무 불이행,단일로,기타단일로,승용차,중형,보행자,보행자,1,0,1,0,0,37.16536746,126.89620508
의정부시,2015   ,2015-01-15 18시,야간,목요일,차대사람,기타,운전자법규위반,안전운전 의무 불이행,단일로,기타단일로,승용차,중형,보행자,보행자,1,0,2,0,1,37.76541075,127.03991137
양평군,2015   ,2015-01-15 18시,야간,목요일,차대차,정면충돌,운전자법규위반,중앙선 침범,단일로,기타단일로,승용차,소형,이륜차,소형,1,0,1,0,0,37.49889581,127.60503286
화성시,2015   ,2015-01-15 06시,주간,목요일,차대차,기타,운전자법규위반,안전운전 의무 불이행,단일로,기타단일로,화물차,중형,건설기계,건설기계,1,0,2,0,1,37.2770911,126.89711862
용인시,2015   ,2015-01-14 06시,주간,수요일,차대사람,횡단중,운전자법규위반,안전운전 의무 불이행,단일로,기타단일로,승용차,소형,보행자,보행자,1,0,2,0,1,37.23324519,127.19879484
양주시,2015   ,2015-01-13 23시,야간,화요일,차량단독,공작물충돌,운전자법규위반,안전운전 의무 불이행,단일로,기타단일로,승용차,중형,없음,없음,1,0,1,0,0,37.79968602,127.07544549
군포시,2015   ,2015-01-13 17시,주간,화요일,차대사람,횡단중,운전자법규위반,안전운전 의무 불이행,단일로,기타단일로,승합차,중형,보행자,보행자,1,0,1,0,0,37.37638598,126.94092768
평택시,2015   ,2015-01-13 05시,야간,화요일,차대사람,횡단중,운전자법규위반,안전운전 의무 불이행,교차로,교차로부근,승합차,소형,보행자,보행자,1,0,1,0,0,36.9519486,126.91448321
안양시,2015   ,2015-01-12 21시,야간,월요일,차대사람,횡단중,운전자법규위반,안전운전 의무 불이행,단일로,기타단일로,승용차,대형,보행자,보행자,1,0,1,0,0,37.41674501,126.91396921
남양주시,2015   ,2015-01-12 21시,야간,월요일,차대차,주정차중 추돌,운전자법규위반,안전운전 의무 불이행,단일로,기타단일로,화물차,경형,화물차,대형,1,0,1,0,0,37.67819717,127.13484813
안양시,2015   ,2015-01-11 19시,야간,일요일,차대사람,차도통행중,운전자법규위반,안전운전 의무 불이행,단일로,기타단일로,승합차,대형,보행자,보행자,1,0,1,0,0,37.38852159,126.9473444
이천시,2015   ,2015-01-11 05시,야간,일요일,차대사람,길가장자리구역통행중,운전자법규위반,안전운전 의무 불이행,단일로,기타단일로,승용차,중형,보행자,보행자,1,0,1,0,0,37.3027363,127.38435163
성남시,2015   ,2015-01-11 03시,야간,일요일,차대차,주정차중 추돌,운전자법규위반,안전운전 의무 불이행,단일로,기타단일로,승용차,중형,특수차,소형,1,1,5,0,3,37.42959577,127.07075144
용인시,2015   ,2015-01-11 01시,야간,일요일,차량단독,도로이탈 추락,운전자법규위반,안전운전 의무 불이행,단일로,기타단일로,승용차,중형,없음,없음,1,0,2,1,0,37.33436164,127.10330818
가평군,2015   ,2015-01-10 01시,야간,토요일,차량단독,공작물충돌,운전자법규위반,안전운전 의무 불이행,단일로,기타단일로,승합차,소형,없음,없음,1,0,1,0,0,37.71856053,127.4017154
고양시,2015   ,2015-01-09 18시,야간,금요일,차대차,진행중 추돌,운전자법규위반,안전운전 의무 불이행,교차로,교차로내,승합차,대형,이륜차,소형,1,0,1,0,0,37.71500798,126.90123502
안양시,2015   ,2015-01-08 09시,주간,목요일,차대사람,횡단중,운전자법규위반,안전운전 의무 불이행,교차로,교차로내,승용차,중형,보행자,보행자,1,0,2,1,0,37.393713,126.92456472
성남시,2015   ,2015-01-08 06시,주간,목요일,차대사람,횡단중,운전자법규위반,안전운전 의무 불이행,교차로,교차로부근,승합차,중형,보행자,보행자,1,0,1,0,0,37.43829503,127.16599554
양주시,2015   ,2015-01-07 23시,야간,수요일,차대차,진행중 추돌,운전자법규위반,안전운전 의무 불이행,교차로,교차로내,승합차,대형,승합차,소형,1,1,5,0,3,37.79042332,126.98773889
고양시,2015   ,2015-01-07 16시,주간,수요일,차대차,측면충돌,운전자법규위반,교차로 통행방법 위반,교차로,교차로내,화물차,대형,승용차,중형,1,7,8,0,0,37.62632316,126.85778466
수원시,2015   ,2015-01-06 23시,야간,화요일,차대차,측면충돌,운전자법규위반,중앙선 침범,단일로,기타단일로,승용차,중형,화물차,소형,1,0,3,1,1,37.29572844,127.04573223
안산시,2015   ,2015-01-06 19시,야간,화요일,차대사람,횡단중,운전자법규위반,안전운전 의무 불이행,단일로,기타단일로,승용차,경형,보행자,보행자,1,0,1,0,0,37.30274457,126.76044927
하남시,2015   ,2015-01-06 14시,주간,화요일,차량단독,전도전복,운전자법규위반,안전운전 의무 불이행,기타/불명,기타/불명,승용차,중형,없음,없음,1,0,1,0,0,37.48746933,127.21980071
광주시,2015   ,2015-01-06 13시,주간,화요일,차대사람,횡단중,운전자법규위반,안전운전 의무 불이행,단일로,기타단일로,승용차,중형,보행자,보행자,1,0,1,0,0,37.41083588,127.25264179
파주시,2015   ,2015-01-06 07시,주간,화요일,차대차,측면충돌,운전자법규위반,안전운전 의무 불이행,단일로,기타단일로,건설기계,건설기계,화물차,소형,1,1,2,0,0,37.86317052,126.76383124
안산시,2015   ,2015-01-06 07시,주간,화요일,차대차,기타,운전자법규위반,안전운전 의무 불이행,단일로,기타단일로,승용차,소형,자전거,자전거,1,0,1,0,0,37.33866917,126.80895599
시흥시,2015   ,2015-01-05 23시,야간,월요일,차대차,측면충돌,운전자법규위반,안전운전 의무 불이행,교차로,교차로내,승합차,대형,승용차,중형,1,0,1,0,0,37.36385778,126.73776126
고양시,2015   ,2015-01-05 19시,야간,월요일,차대사람,횡단중,운전자법규위반,안전운전 의무 불이행,단일로,횡단보도상,승합차,대형,보행자,보행자,1,0,1,0,0,37.62070796,126.83983844
수원시,2015   ,2015-01-05 06시,주간,월요일,차대차,기타,운전자법규위반,안전운전 의무 불이행,단일로,횡단보도상,승용차,중형,화물차,소형,1,0,1,0,0,37.27755915,127.02800774
평택시,2015   ,2015-01-04 23시,야간,일요일,차대사람,차도통행중,운전자법규위반,안전운전 의무 불이행,단일로,기타단일로,승용차,대형,보행자,보행자,1,0,1,0,0,37.07822291,127.06358253
성남시,2015   ,2015-01-04 22시,야간,일요일,차대사람,기타,운전자법규위반,안전운전 의무 불이행,교차로,교차로부근,승용차,경형,보행자,보행자,1,0,1,0,0,37.37685899,127.11058428
성남시,2015   ,2015-01-04 15시,주간,일요일,차대사람,기타,운전자법규위반,안전운전 의무 불이행,교차로,교차로부근,승합차,소형,보행자,보행자,1,0,1,0,0,37.4390601,127.16560779
광주시,2015   ,2015-01-04 07시,주간,일요일,차대차,진행중 추돌,운전자법규위반,안전운전 의무 불이행,단일로,기타단일로,승용차,소형,건설기계,건설기계,1,0,1,0,0,37.38960983,127.28570965
성남시,2015   ,2015-01-03 16시,주간,토요일,차량단독,전도전복,운전자법규위반,안전운전 의무 불이행,단일로,기타단일로,승용차,중형,없음,없음,1,0,2,0,1,37.36804763,127.14936681
성남시,2015   ,2015-01-03 15시,주간,토요일,차량단독,기타,운전자법규위반,안전운전 의무 불이행,기타/불명,기타/불명,승합차,대형,없음,없음,1,0,1,0,0,37.43783525,127.15964469
용인시,2015   ,2015-01-02 21시,야간,금요일,차대사람,차도통행중,운전자법규위반,안전운전 의무 불이행,단일로,기타단일로,승용차,대형,보행자,보행자,1,0,1,0,0,37.23295323,127.28385404
고양시,2015   ,2015-01-02 20시,야간,금요일,차대사람,기타,운전자법규위반,안전운전 의무 불이행,단일로,기타단일로,승용차,중형,보행자,보행자,1,0,1,0,0,37.6483652,126.85037402
수원시,2015   ,2015-01-02 17시,주간,금요일,차대사람,기타,운전자법규위반,과속,교차로,교차로내,승합차,중형,보행자,보행자,1,0,1,0,0,37.29850929,126.99145492
평택시,2015   ,2015-01-02 17시,주간,금요일,차대차,주정차중 추돌,운전자법규위반,안전운전 의무 불이행,단일로,기타단일로,화물차,대형,화물차,소형,1,0,7,0,6,36.93736222,126.91608836
광주시,2014   ,2014-12-31 22시,야간,수요일,차대차,주정차중 추돌,운전자법규위반,안전운전 의무 불이행,교차로,교차로부근,승용차,소형,승용차,중형,1,0,5,0,4,37.35830867,127.1603429
화성시,2014   ,2014-12-31 19시,야간,수요일,차대차,기타,운전자법규위반,안전거리 미확보,단일로,기타단일로,승용차,중형,승용차,소형,1,3,34,30,0,37.07766889,126.81330074
여주시,2014   ,2014-12-31 18시,야간,수요일,차대사람,길가장자리구역통행중,운전자법규위반,안전운전 의무 불이행,교차로,교차로부근,승용차,소형,보행자,보행자,1,0,1,0,0,37.37984045,127.67497716
광주시,2014   ,2014-12-30 23시,야간,화요일,차대사람,차도통행중,운전자법규위반,안전운전 의무 불이행,교차로,교차로부근,승용차,소형,보행자,보행자,1,0,1,0,0,37.427304,127.24415594
가평군,2014   ,2014-12-30 12시,주간,화요일,차량단독,기타,운전자법규위반,안전운전 의무 불이행,단일로,기타단일로,승용차,대형,없음,없음,1,0,1,0,0,37.72923721,127.50142988
안성시,2014   ,2014-12-30 10시,주간,화요일,차대차,기타,운전자법규위반,교차로 통행방법 위반,교차로,교차로내,화물차,소형,자전거,자전거,1,0,1,0,0,37.0071198,127.26491505
안성시,2014   ,2014-12-29 14시,주간,월요일,차대사람,기타,운전자법규위반,안전운전 의무 불이행,단일로,고가도로위,화물차,소형,보행자,보행자,1,0,1,0,0,37.01393099,127.2293388
군포시,2014   ,2014-12-29 05시,야간,월요일,차대사람,횡단중,운전자법규위반,안전운전 의무 불이행,단일로,기타단일로,승용차,중형,보행자,보행자,1,0,1,0,0,37.36037547,126.94816065
안성시,2014   ,2014-12-28 16시,주간,일요일,차량단독,공작물충돌,운전자법규위반,안전운전 의무 불이행,단일로,기타단일로,승용차,대형,없음,없음,3,5,8,0,0,36.98000469,127.23914444
광주시,2014   ,2014-12-28 05시,야간,일요일,차대차,측면충돌,운전자법규위반,안전운전 의무 불이행,단일로,기타단일로,승용차,소형,화물차,중형,1,1,3,0,1,37.34400156,127.35158115
여주시,2014   ,2014-12-27 17시,주간,토요일,차대사람,횡단중,운전자법규위반,보행자 보호의무 위반,단일로,횡단보도상,승용차,중형,보행자,보행자,1,0,1,0,0,37.17210239,127.65669924
하남시,2014   ,2014-12-27 16시,주간,토요일,차대차,측면충돌,운전자법규위반,부당한 회전,단일로,횡단보도상,자전거,자전거,승합차,대형,1,0,1,0,0,37.54691689,127.19544296
광주시,2014   ,2014-12-27 07시,주간,토요일,차대사람,횡단중,운전자법규위반,안전운전 의무 불이행,교차로,교차로내,승합차,중형,보행자,보행자,1,0,1,0,0,37.41849675,127.25658331
가평군,2014   ,2014-12-26 15시,주간,금요일,차대차,기타,운전자법규위반,안전운전 의무 불이행,단일로,기타단일로,승용차,중형,이륜차,소형,1,0,1,0,0,37.82827383,127.514352
파주시,2014   ,2014-12-26 07시,주간,금요일,차대차,기타,운전자법규위반,안전운전 의무 불이행,단일로,기타단일로,이륜차,소형,화물차,대형,1,0,1,0,0,37.79120974,126.69476544
군포시,2014   ,2014-12-26 04시,야간,금요일,차대사람,횡단중,운전자법규위반,안전운전 의무 불이행,단일로,횡단보도상,승용차,중형,보행자,보행자,1,0,1,0,0,37.37318392,126.94237452
평택시,2014   ,2014-12-25 18시,야간,목요일,차대사람,횡단중,운전자법규위반,안전운전 의무 불이행,교차로,교차로내,화물차,소형,보행자,보행자,2,0,2,0,0,36.9602533,126.85577238
용인시,2014   ,2014-12-24 18시,야간,수요일,차대사람,차도통행중,운전자법규위반,안전운전 의무 불이행,교차로,교차로내,건설기계,건설기계,보행자,보행자,1,0,1,0,0,37.22186754,127.10330069
의왕시,2014   ,2014-12-24 03시,야간,수요일,차대차,진행중 추돌,운전자법규위반,안전운전 의무 불이행,단일로,기타단일로,승용차,중형,화물차,대형,2,0,2,0,0,37.32360347,126.96082262
화성시,2014   ,2014-12-23 20시,야간,화요일,차대사람,기타,운전자법규위반,안전운전 의무 불이행,교차로,교차로부근,승용차,중형,보행자,보행자,1,0,1,0,0,37.21402009,126.98071824
평택시,2014   ,2014-12-23 09시,주간,화요일,차대차,측면충돌,운전자법규위반,신호위반,교차로,교차로부근,화물차,경형,승합차,소형,1,0,2,0,1,37.09263602,127.06340987
화성시,2014   ,2014-12-23 02시,야간,화요일,차대사람,기타,운전자법규위반,안전운전 의무 불이행,단일로,기타단일로,승용차,중형,보행자,보행자,1,0,1,0,0,37.22623052,126.87716599
양평군,2014   ,2014-12-22 18시,야간,월요일,차량단독,전도전복,운전자법규위반,안전운전 의무 불이행,단일로,기타단일로,승용차,대형,없음,없음,1,0,1,0,0,37.60410771,127.41258363
안산시,2014   ,2014-12-20 06시,주간,토요일,차대차,진행중 추돌,운전자법규위반,안전운전 의무 불이행,단일로,기타단일로,화물차,소형,자전거,자전거,1,0,1,0,0,37.3544837,126.87284463