시군명,발생년도,발생일자,주야구분명,사고요일,사고유형_대분류,사고유형,법규위반대분류명,법규위반내용,도로형태_대분류,도로형태,가해자 당사자 종별,당사자1_차종,피해자 당사자 종별,당사자2_차종,사망자수,중상자수,부상자수,부상신고자수,경상자수,WGS84위도,WGS84경도
의정부시,2014   ,2014-12-20 05시,야간,토요일,차대사람,횡단중,운전자법규위반,안전운전 의무 불이행,단일로,기타단일로,화물차,소형,보행자,보행자,1,0,1,0,0,37.74920651,127.04493815
고양시,2014   ,2014-12-20 03시,야간,토요일,차량단독,공작물충돌,운전자법규위반,안전운전 의무 불이행,단일로,터널안,화물차,소형,없음,없음,1,0,1,0,0,37.66526067,126.72023321
화성시,2014   ,2014-12-20 00시,야간,토요일,차량단독,전도전복,운전자법규위반,안전운전 의무 불이행,단일로,기타단일로,화물차,소형,없음,없음,1,1,2,0,0,37.22164704,126.96079404
수원시,2014   ,2014-12-19 22시,야간,금요일,차대차,주정차중 추돌,운전자법규위반,안전운전 의무 불이행,단일로,고가도로위,승용차,중형,승용차,소형,1,2,3,0,0,37.26922298,127.01285601
평택시,2014   ,2014-12-19 21시,야간,금요일,차대사람,기타,운전자법규위반,중앙선 침범,교차로,교차로부근,승용차,중형,보행자,보행자,1,0,1,0,0,37.13317741,127.0270146
남양주시,2014   ,2014-12-19 18시,야간,금요일,차대사람,횡단중,운전자법규위반,안전운전 의무 불이행,단일로,기타단일로,화물차,소형,보행자,보행자,1,0,1,0,0,37.57448453,127.22663222
시흥시,2014   ,2014-12-19 18시,야간,금요일,차대사람,횡단중,운전자법규위반,안전운전 의무 불이행,단일로,기타단일로,승합차,대형,보행자,보행자,1,0,1,0,0,37.39962737,126.79952757
수원시,2014   ,2014-12-19 09시,주간,금요일,차대사람,횡단중,운전자법규위반,안전운전 의무 불이행,단일로,기타단일로,화물차,소형,보행자,보행자,1,0,1,0,0,37.28047891,127.02556421
시흥시,2014   ,2014-12-19 08시,주간,금요일,차대차,진행중 추돌,운전자법규위반,안전운전 의무 불이행,단일로,기타단일로,화물차,중형,화물차,중형,1,2,3,0,0,37.38852242,126.78147745
광주시,2014   ,2014-12-19 07시,주간,금요일,차대차,기타,운전자법규위반,안전운전 의무 불이행,교차로,교차로부근,자전거,자전거,화물차,소형,1,0,1,0,0,37.3510324,127.33784864
부천시,2014   ,2014-12-19 07시,주간,금요일,차대사람,횡단중,운전자법규위반,안전운전 의무 불이행,교차로,교차로내,승용차,중형,보행자,보행자,1,0,1,0,0,37.50860687,126.78540819
수원시,2014   ,2014-12-17 22시,야간,수요일,차대차,측면충돌,운전자법규위반,중앙선 침범,단일로,기타단일로,자전거,자전거,승합차,대형,1,0,1,0,0,37.2883757,127.0124054
평택시,2014   ,2014-12-17 00시,야간,수요일,차대차,주정차중 추돌,운전자법규위반,안전운전 의무 불이행,단일로,기타단일로,화물차,대형,화물차,중형,1,0,2,0,1,36.99461555,126.86914804
안산시,2014   ,2014-12-15 19시,야간,월요일,차대사람,차도통행중,운전자법규위반,안전운전 의무 불이행,단일로,기타단일로,승용차,중형,보행자,보행자,1,0,1,0,0,37.23377914,126.62543825
하남시,2014   ,2014-12-15 12시,주간,월요일,차대사람,기타,운전자법규위반,안전운전 의무 불이행,기타/불명,기타/불명,화물차,중형,보행자,보행자,1,0,1,0,0,37.50579736,127.15312483
안성시,2014   ,2014-12-14 20시,야간,일요일,차대사람,횡단중,운전자법규위반,안전운전 의무 불이행,단일로,기타단일로,승용차,중형,보행자,보행자,1,0,1,0,0,37.00830161,127.19763903
파주시,2014   ,2014-12-14 16시,주간,일요일,차량단독,공작물충돌,운전자법규위반,안전운전 의무 불이행,단일로,기타단일로,승용차,소형,없음,없음,1,1,2,0,0,38.00268363,126.97252919
남양주시,2014   ,2014-12-13 15시,주간,토요일,차대차,진행중 추돌,운전자법규위반,안전운전 의무 불이행,단일로,기타단일로,승용차,소형,화물차,대형,1,0,1,0,0,37.65373485,127.31725133
수원시,2014   ,2014-12-13 03시,야간,토요일,차대사람,기타,운전자법규위반,안전운전 의무 불이행,교차로,교차로부근,화물차,중형,보행자,보행자,1,0,1,0,0,37.25661812,127.03672014
수원시,2014   ,2014-12-12 13시,주간,금요일,차대사람,횡단중,운전자법규위반,신호위반,교차로,교차로내,승합차,대형,보행자,보행자,1,0,4,0,3,37.26210726,127.00328197
안산시,2014   ,2014-12-12 07시,주간,금요일,차대차,기타,운전자법규위반,안전운전 의무 불이행,단일로,터널안,화물차,대형,화물차,소형,1,0,1,0,0,37.33267738,126.87587058
화성시,2014   ,2014-12-12 06시,주간,금요일,차대사람,횡단중,운전자법규위반,안전운전 의무 불이행,단일로,기타단일로,화물차,소형,보행자,보행자,1,0,1,0,0,37.20467193,126.94288424
화성시,2014   ,2014-12-11 19시,야간,목요일,차대사람,기타,운전자법규위반,안전운전 의무 불이행,교차로,교차로내,승용차,소형,보행자,보행자,1,0,1,0,0,37.16523625,126.9848817
파주시,2014   ,2014-12-11 17시,주간,목요일,차대사람,횡단중,운전자법규위반,안전운전 의무 불이행,단일로,기타단일로,승합차,소형,보행자,보행자,1,0,1,0,0,37.84536843,126.79000188
광명시,2014   ,2014-12-11 16시,주간,목요일,차대사람,차도통행중,운전자법규위반,안전운전 의무 불이행,단일로,기타단일로,승용차,중형,보행자,보행자,1,0,1,0,0,37.4585666,126.88525093
파주시,2014   ,2014-12-11 15시,주간,목요일,차대사람,기타,운전자법규위반,신호위반,교차로,교차로내,승용차,소형,보행자,보행자,1,0,1,0,0,37.81248969,126.75650721
포천시,2014   ,2014-12-11 00시,야간,목요일,차량단독,기타,운전자법규위반,안전운전 의무 불이행,단일로,기타단일로,승합차,중형,없음,없음,1,0,3,0,2,37.87157582,127.24443518
성남시,2014   ,2014-12-10 02시,야간,수요일,차대차,진행중 추돌,운전자법규위반,안전거리 미확보,단일로,기타단일로,승용차,대형,화물차,중형,1,0,2,1,0,37.42718914,127.07325172
김포시,2014   ,2014-12-09 19시,야간,화요일,차대사람,기타,운전자법규위반,안전운전 의무 불이행,단일로,기타단일로,승용차,중형,보행자,보행자,1,0,1,0,0,37.65380312,126.59386076
고양시,2014   ,2014-12-08 18시,야간,월요일,차량단독,공작물충돌,운전자법규위반,안전운전 의무 불이행,단일로,기타단일로,이륜차,중형,없음,없음,1,0,1,0,0,37.6441315,126.77794558
양주시,2014   ,2014-12-08 16시,주간,월요일,차대차,정면충돌,운전자법규위반,신호위반,교차로,교차로내,승용차,대형,승용차,소형,1,1,2,0,0,37.86945621,127.01475218
양평군,2014   ,2014-12-08 14시,주간,월요일,차대사람,보도통행중,운전자법규위반,신호위반,교차로,교차로내,건설기계,건설기계,보행자,보행자,1,0,1,0,0,37.4929664,127.50290729
광주시,2014   ,2014-12-08 14시,주간,월요일,차대차,측면충돌,운전자법규위반,중앙선 침범,단일로,기타단일로,화물차,소형,화물차,소형,1,1,2,0,0,37.47945793,127.35651643
성남시,2014   ,2014-12-08 14시,주간,월요일,차대사람,기타,운전자법규위반,안전운전 의무 불이행,단일로,기타단일로,승용차,중형,보행자,보행자,1,0,1,0,0,37.38295555,127.12270705
안성시,2014   ,2014-12-08 13시,주간,월요일,차대사람,횡단중,운전자법규위반,안전운전 의무 불이행,단일로,기타단일로,승용차,대형,보행자,보행자,1,0,1,0,0,37.00504493,127.26870922
김포시,2014   ,2014-12-08 13시,주간,월요일,차대사람,횡단중,운전자법규위반,신호위반,교차로,교차로내,화물차,소형,보행자,보행자,1,0,1,0,0,37.64408019,126.66883502
오산시,2014   ,2014-12-08 11시,주간,월요일,차대차,기타,운전자법규위반,안전운전 의무 불이행,단일로,기타단일로,승합차,대형,자전거,자전거,1,0,1,0,0,37.15678085,127.06833445
수원시,2014   ,2014-12-07 19시,야간,일요일,차대사람,기타,운전자법규위반,안전운전 의무 불이행,단일로,기타단일로,승용차,소형,보행자,보행자,1,0,3,0,2,37.2613852,127.0073692
평택시,2014   ,2014-12-07 18시,야간,일요일,차대사람,횡단중,운전자법규위반,안전운전 의무 불이행,단일로,기타단일로,승용차,중형,보행자,보행자,1,0,1,0,0,37.00832302,127.07768417
안산시,2014   ,2014-12-07 01시,야간,일요일,차대사람,횡단중,운전자법규위반,안전운전 의무 불이행,단일로,기타단일로,승용차,소형,보행자,보행자,1,0,1,0,0,37.3306531,126.78421879
부천시,2014   ,2014-12-06 21시,야간,토요일,차대사람,기타,운전자법규위반,안전운전 의무 불이행,단일로,기타단일로,승합차,대형,보행자,보행자,1,0,2,0,1,37.47870029,126.79293151
고양시,2014   ,2014-12-06 06시,주간,토요일,차대사람,횡단중,운전자법규위반,안전운전 의무 불이행,단일로,횡단보도상,승합차,대형,보행자,보행자,1,0,1,0,0,37.65290827,126.84230823
고양시,2014   ,2014-12-05 23시,야간,금요일,차대사람,횡단중,운전자법규위반,안전운전 의무 불이행,단일로,기타단일로,승용차,중형,보행자,보행자,1,0,1,0,0,37.70491107,126.90437924
포천시,2014   ,2014-12-05 14시,주간,금요일,차대차,진행중 추돌,운전자법규위반,안전운전 의무 불이행,교차로,교차로내,화물차,소형,이륜차,소형,1,0,1,0,0,37.84006497,127.14643962
이천시,2014   ,2014-12-05 13시,주간,금요일,차대차,측면충돌,운전자법규위반,안전운전 의무 불이행,교차로,교차로내,이륜차,중형,승합차,소형,1,0,1,0,0,37.30221776,127.43813097
용인시,2014   ,2014-12-05 03시,야간,금요일,차량단독,공작물충돌,운전자법규위반,안전운전 의무 불이행,교차로,교차로부근,승용차,중형,없음,없음,1,0,1,0,0,37.33865949,127.2388462
용인시,2014   ,2014-12-04 23시,야간,목요일,차대사람,기타,운전자법규위반,안전운전 의무 불이행,단일로,기타단일로,승합차,대형,보행자,보행자,1,0,1,0,0,37.3319039,127.15924269
부천시,2014   ,2014-12-04 22시,야간,목요일,차대차,진행중 추돌,운전자법규위반,신호위반,교차로,교차로내,화물차,소형,승용차,중형,1,2,3,0,0,37.50390369,126.78720667
고양시,2014   ,2014-12-04 19시,야간,목요일,차대차,주정차중 추돌,운전자법규위반,안전운전 의무 불이행,단일로,기타단일로,승용차,중형,승합차,대형,1,0,1,0,0,37.65735647,126.92054069
포천시,2014   ,2014-12-04 17시,주간,목요일,차대차,측면충돌,운전자법규위반,안전운전 의무 불이행,교차로,교차로내,승용차,중형,건설기계,건설기계,1,0,2,0,1,37.90583352,127.22794767
평택시,2014   ,2014-12-04 15시,주간,목요일,차대차,진행중 추돌,운전자법규위반,안전운전 의무 불이행,단일로,기타단일로,화물차,경형,화물차,경형,1,0,2,0,1,37.02819998,127.07525809
구리시,2014   ,2014-12-04 13시,주간,목요일,차대사람,횡단중,운전자법규위반,안전운전 의무 불이행,교차로,교차로내,건설기계,건설기계,보행자,보행자,1,0,1,0,0,37.61084174,127.11829571
남양주시,2014   ,2014-12-04 06시,주간,목요일,차대사람,횡단중,운전자법규위반,신호위반,교차로,교차로부근,화물차,소형,보행자,보행자,1,0,1,0,0,37.6445146,127.13497907
수원시,2014   ,2014-12-04 05시,야간,목요일,차대사람,횡단중,운전자법규위반,안전운전 의무 불이행,단일로,기타단일로,승용차,중형,보행자,보행자,1,0,1,0,0,37.26591638,127.03336993
화성시,2014   ,2014-12-03 19시,야간,수요일,차대사람,횡단중,운전자법규위반,보행자 보호의무 위반,교차로,교차로내,승합차,중형,보행자,보행자,1,0,1,0,0,37.21479612,126.96271372
양주시,2014   ,2014-12-03 17시,주간,수요일,차대사람,횡단중,운전자법규위반,안전운전 의무 불이행,단일로,기타단일로,화물차,중형,보행자,보행자,1,0,1,0,0,37.78464413,127.04669701
용인시,2014   ,2014-12-02 16시,주간,화요일,차대사람,횡단중,운전자법규위반,신호위반,단일로,기타단일로,승용차,소형,보행자,보행자,1,0,1,0,0,37.25454144,127.10814752
여주시,2014   ,2014-12-02 06시,주간,화요일,차대사람,횡단중,운전자법규위반,보행자 보호의무 위반,단일로,횡단보도상,승용차,경형,보행자,보행자,1,0,1,0,0,37.29647592,127.63692967
용인시,2014   ,2014-12-02 04시,야간,화요일,차량단독,기타,운전자법규위반,안전운전 의무 불이행,기타/불명,기타/불명,승용차,대형,없음,없음,1,0,1,0,0,37.25145528,127.2333628
양주시,2014   ,2014-12-01 19시,야간,월요일,차대차,측면충돌,운전자법규위반,신호위반,교차로,교차로내,승용차,중형,이륜차,중형,1,0,1,0,0,37.86942903,127.01471825
포천시,2014   ,2014-12-01 16시,주간,월요일,차대차,진행중 추돌,운전자법규위반,안전운전 의무 불이행,단일로,기타단일로,화물차,소형,건설기계,건설기계,1,0,1,0,0,37.81841197,127.21128283
안양시,2014   ,2014-12-01 01시,야간,월요일,차대사람,횡단중,운전자법규위반,안전운전 의무 불이행,단일로,기타단일로,승용차,중형,보행자,보행자,1,0,1,0,0,37.40914982,126.92197204
안성시,2014   ,2014-11-30 17시,주간,일요일,차량단독,공작물충돌,운전자법규위반,안전운전 의무 불이행,단일로,기타단일로,승용차,대형,없음,없음,1,0,1,0,0,36.93966553,127.23532902
광명시,2014   ,2014-11-30 12시,주간,일요일,차대사람,기타,운전자법규위반,안전운전 의무 불이행,교차로,교차로내,승용차,중형,보행자,보행자,1,0,1,0,0,37.46204646,126.88019056
김포시,2014   ,2014-11-30 06시,주간,일요일,차대사람,횡단중,운전자법규위반,안전운전 의무 불이행,교차로,교차로부근,승합차,대형,보행자,보행자,1,0,1,0,0,37.60224878,126.76949153
수원시,2014   ,2014-11-30 05시,야간,일요일,차량단독,기타,운전자법규위반,안전운전 의무 불이행,단일로,기타단일로,이륜차,소형,없음,없음,1,0,1,0,0,37.29907321,126.99685578
가평군,2014   ,2014-11-30 01시,야간,일요일,차량단독,공작물충돌,운전자법규위반,안전운전 의무 불이행,단일로,기타단일로,승용차,중형,없음,없음,1,0,1,0,0,37.67491371,127.4986392
평택시,2014   ,2014-11-30 00시,야간,일요일,차대차,주정차중 추돌,운전자법규위반,안전운전 의무 불이행,단일로,기타단일로,승용차,경형,화물차,중형,5,0,5,0,0,37.01284872,127.03905831
성남시,2014   ,2014-11-30 00시,야간,일요일,차대차,주정차중 추돌,운전자법규위반,안전운전 의무 불이행,교차로,교차로내,승용차,중형,승용차,중형,1,0,1,0,0,37.44416312,127.1268767
안양시,2014   ,2014-11-29 22시,야간,토요일,차대사람,횡단중,운전자법규위반,안전운전 의무 불이행,단일로,기타단일로,승용차,중형,보행자,보행자,1,0,1,0,0,37.41745923,126.91258494
양주시,2014   ,2014-11-29 17시,주간,토요일,차량단독,공작물충돌,운전자법규위반,안전운전 의무 불이행,교차로,교차로부근,특수차,소형,없음,없음,1,0,1,0,0,37.80192005,127.07510328
김포시,2014   ,2014-11-29 15시,주간,토요일,차대차,기타,운전자법규위반,중앙선 침범,단일로,기타단일로,승용차,중형,자전거,자전거,1,1,2,0,0,37.63187659,126.71222963
화성시,2014   ,2014-11-29 15시,주간,토요일,차대사람,횡단중,운전자법규위반,교차로 통행방법 위반,교차로,교차로내,승용차,대형,보행자,보행자,1,0,1,0,0,37.21017896,127.03466005
안양시,2014   ,2014-11-29 12시,주간,토요일,차대차,기타,운전자법규위반,안전운전 의무 불이행,단일로,기타단일로,원동기장치자전거,원동기장치자전거,승용차,중형,1,0,1,0,0,37.39475297,126.9479652
안산시,2014   ,2014-11-29 07시,주간,토요일,차대사람,횡단중,운전자법규위반,안전운전 의무 불이행,교차로,교차로내,화물차,소형,보행자,보행자,1,0,1,0,0,37.33655761,126.84336077
광주시,2014   ,2014-11-28 08시,주간,금요일,차량단독,공작물충돌,운전자법규위반,안전운전 의무 불이행,단일로,기타단일로,승용차,소형,없음,없음,1,0,1,0,0,37.28900347,127.32245808
수원시,2014   ,2014-11-27 17시,주간,목요일,차대사람,횡단중,운전자법규위반,안전운전 의무 불이행,단일로,횡단보도부근,승합차,대형,보행자,보행자,1,1,6,0,4,37.28754049,127.01096675
안산시,2014   ,2014-11-27 14시,주간,목요일,차대사람,횡단중,운전자법규위반,안전운전 의무 불이행,단일로,횡단보도상,승용차,중형,보행자,보행자,1,0,1,0,0,37.34184774,126.81303624
시흥시,2014   ,2014-11-27 10시,주간,목요일,차대차,기타,운전자법규위반,신호위반,교차로,교차로내,화물차,중형,화물차,중형,1,1,2,0,0,37.32630485,126.73467563
가평군,2014   ,2014-11-27 10시,주간,목요일,차량단독,전도전복,운전자법규위반,안전운전 의무 불이행,교차로,교차로부근,원동기장치자전거,원동기장치자전거,없음,없음,1,1,2,0,0,37.74038808,127.42225269
이천시,2014   ,2014-11-27 10시,주간,목요일,차대차,진행중 추돌,운전자법규위반,안전운전 의무 불이행,단일로,터널안,승용차,중형,건설기계,건설기계,1,0,2,0,1,37.25474806,127.36923531
성남시,2014   ,2014-11-26 23시,야간,수요일,차대사람,횡단중,운전자법규위반,안전운전 의무 불이행,단일로,기타단일로,승용차,중형,보행자,보행자,1,0,1,0,0,37.42723677,127.12447418
하남시,2014   ,2014-11-25 20시,야간,화요일,차대사람,횡단중,운전자법규위반,안전운전 의무 불이행,교차로,교차로부근,승용차,소형,보행자,보행자,1,0,1,0,0,37.51495249,127.22387349
성남시,2014   ,2014-11-25 20시,야간,화요일,차대사람,횡단중,운전자법규위반,안전운전 의무 불이행,단일로,횡단보도상,승합차,대형,보행자,보행자,1,1,2,0,0,37.41133274,127.12898321
평택시,2014   ,2014-11-25 18시,야간,화요일,차대차,기타,운전자법규위반,안전운전 의무 불이행,단일로,기타단일로,화물차,소형,승용차,중형,1,0,1,0,0,37.12136622,127.10509776
안성시,2014   ,2014-11-25 18시,야간,화요일,차대사람,차도통행중,운전자법규위반,안전운전 의무 불이행,단일로,기타단일로,승용차,대형,보행자,보행자,1,0,1,0,0,37.00249163,127.31355061
화성시,2014   ,2014-11-25 15시,주간,화요일,차대차,기타,운전자법규위반,안전운전 의무 불이행,단일로,기타단일로,화물차,소형,승용차,소형,1,0,2,0,1,37.13169211,126.91991245
시흥시,2014   ,2014-11-25 15시,주간,화요일,차대차,측면충돌,운전자법규위반,안전운전 의무 불이행,단일로,기타단일로,승용차,중형,화물차,대형,1,0,2,0,1,37.36398334,126.80649922
포천시,2014   ,2014-11-25 11시,주간,화요일,차대차,진행중 추돌,운전자법규위반,안전운전 의무 불이행,단일로,기타단일로,승합차,소형,이륜차,소형,1,0,1,0,0,37.9067604,127.21217789
여주시,2014   ,2014-11-24 19시,야간,월요일,차대사람,횡단중,운전자법규위반,안전운전 의무 불이행,교차로,교차로부근,화물차,소형,보행자,보행자,1,0,1,0,0,37.2231828,127.66524758
이천시,2014   ,2014-11-23 23시,야간,일요일,차대차,주정차중 추돌,운전자법규위반,안전운전 의무 불이행,단일로,기타단일로,승용차,중형,화물차,소형,1,0,1,0,0,37.11796117,127.61970043
가평군,2014   ,2014-11-23 17시,주간,일요일,차대사람,보도통행중,운전자법규위반,안전운전 의무 불이행,단일로,기타단일로,승용차,중형,보행자,보행자,1,0,1,0,0,37.84393519,127.53206299
가평군,2014   ,2014-11-23 07시,주간,일요일,차대차,주정차중 추돌,운전자법규위반,안전운전 의무 불이행,교차로,교차로부근,승용차,경형,승용차,중형,1,0,3,2,0,37.79650151,127.47999759
광주시,2014   ,2014-11-23 03시,야간,일요일,차량단독,공작물충돌,운전자법규위반,안전운전 의무 불이행,단일로,교량위,승용차,중형,없음,없음,1,0,1,0,0,37.383703,127.23536905
여주시,2014   ,2014-11-22 22시,야간,토요일,차대차,기타,운전자법규위반,안전운전 의무 불이행,단일로,기타단일로,승용차,중형,화물차,소형,1,0,3,0,2,37.3459937,127.61610984
수원시,2014   ,2014-11-22 20시,야간,토요일,차대사람,횡단중,운전자법규위반,신호위반,교차로,교차로내,승용차,중형,보행자,보행자,1,0,1,0,0,37.30887795,127.05236752
시흥시,2014   ,2014-11-22 06시,주간,토요일,차대사람,기타,운전자법규위반,안전운전 의무 불이행,교차로,교차로부근,승합차,대형,보행자,보행자,1,0,1,0,0,37.35829389,126.7262772
안산시,2014   ,2014-11-21 15시,주간,금요일,차대사람,횡단중,운전자법규위반,보행자 보호의무 위반,교차로,교차로내,승용차,중형,보행자,보행자,1,0,1,0,0,37.30914042,126.78324919
수원시,2014   ,2014-11-21 06시,주간,금요일,차대사람,횡단중,운전자법규위반,안전운전 의무 불이행,교차로,교차로내,승합차,대형,보행자,보행자,1,0,1,0,0,37.28581053,127.01552429
양주시,2014   ,2014-11-20 21시,야간,목요일,차대사람,횡단중,운전자법규위반,안전운전 의무 불이행,교차로,교차로부근,승용차,소형,보행자,보행자,1,0,1,0,0,37.80052167,127.08229024
구리시,2014   ,2014-11-19 01시,야간,수요일,차대사람,차도통행중,운전자법규위반,안전운전 의무 불이행,단일로,기타단일로,화물차,소형,보행자,보행자,1,0,1,0,0,37.61333108,127.13592469
시흥시,2014   ,2014-11-19 01시,야간,수요일,차대차,주정차중 추돌,운전자법규위반,안전운전 의무 불이행,교차로,교차로부근,화물차,경형,화물차,소형,1,2,4,0,1,37.42883448,126.77461598
시흥시,2014   ,2014-11-19 01시,야간,수요일,차대차,기타,운전자법규위반,안전운전 의무 불이행,교차로,교차로부근,화물차,소형,화물차,소형,1,2,4,0,1,37.42884017,126.7740734
포천시,2014   ,2014-11-18 20시,야간,화요일,차대사람,차도통행중,운전자법규위반,안전운전 의무 불이행,단일로,기타단일로,건설기계,건설기계,보행자,보행자,1,0,1,0,0,37.86375537,127.20699051
포천시,2014   ,2014-11-18 19시,야간,화요일,차대사람,횡단중,운전자법규위반,과속,단일로,기타단일로,승용차,중형,보행자,보행자,1,0,1,0,0,37.88628814,127.30215566
연천군,2014   ,2014-11-18 16시,주간,화요일,차대차,측면충돌,운전자법규위반,안전운전 의무 불이행,교차로,교차로부근,자전거,자전거,화물차,중형,1,0,1,0,0,38.03128895,127.06467747
고양시,2014   ,2014-11-18 02시,야간,화요일,차대사람,기타,운전자법규위반,안전운전 의무 불이행,교차로,교차로부근,승용차,중형,보행자,보행자,1,0,1,0,0,37.66910234,126.75114808
수원시,2014   ,2014-11-17 18시,야간,월요일,차대차,측면충돌,운전자법규위반,신호위반,교차로,교차로내,자전거,자전거,승용차,대형,1,0,1,0,0,37.26607092,126.95753382
부천시,2014   ,2014-11-17 06시,주간,월요일,차대사람,횡단중,운전자법규위반,안전운전 의무 불이행,교차로,교차로부근,승용차,대형,보행자,보행자,1,0,1,0,0,37.48926435,126.81749134
안산시,2014   ,2014-11-17 03시,야간,월요일,차대사람,기타,운전자법규위반,안전운전 의무 불이행,단일로,기타단일로,화물차,중형,보행자,보행자,1,1,2,0,0,37.36218648,126.87550205
시흥시,2014   ,2014-11-17 00시,야간,월요일,차량단독,공작물충돌,운전자법규위반,안전운전 의무 불이행,단일로,기타단일로,승용차,중형,없음,없음,1,1,2,0,0,37.35416781,126.7676796
수원시,2014   ,2014-11-15 01시,야간,토요일,차대사람,기타,운전자법규위반,안전운전 의무 불이행,단일로,기타단일로,승용차,소형,보행자,보행자,1,0,1,0,0,37.23343081,127.02003083
양주시,2014   ,2014-11-14 18시,야간,금요일,차대사람,길가장자리구역통행중,운전자법규위반,안전운전 의무 불이행,단일로,기타단일로,승용차,중형,보행자,보행자,1,0,1,0,0,37.71431739,126.95391936
김포시,2014   ,2014-11-14 06시,주간,금요일,차대차,측면충돌,운전자법규위반,중앙선 침범,단일로,기타단일로,화물차,소형,화물차,소형,1,1,4,0,2,37.65499101,126.6101937
고양시,2014   ,2014-11-13 21시,야간,목요일,차량단독,공작물충돌,운전자법규위반,안전운전 의무 불이행,단일로,기타단일로,화물차,소형,없음,없음,1,0,1,0,0,37.6534175,126.89361295
파주시,2014   ,2014-11-13 15시,주간,목요일,차대차,기타,운전자법규위반,신호위반,교차로,교차로내,승합차,대형,자전거,자전거,1,0,1,0,0,37.72971999,126.7603655
포천시,2014   ,2014-11-13 10시,주간,목요일,차대차,진행중 추돌,운전자법규위반,중앙선 침범,단일로,기타단일로,승용차,중형,화물차,소형,1,1,2,0,0,38.11563885,127.27689769
이천시,2014   ,2014-11-11 23시,야간,화요일,차량단독,공작물충돌,운전자법규위반,안전운전 의무 불이행,단일로,기타단일로,승합차,소형,없음,없음,1,0,1,0,0,37.18406833,127.49153909
시흥시,2014   ,2014-11-10 19시,야간,월요일,차대사람,기타,운전자법규위반,안전운전 의무 불이행,단일로,기타단일로,승용차,중형,보행자,보행자,1,0,1,0,0,37.42954873,126.78831919
안성시,2014   ,2014-11-10 14시,주간,월요일,차대차,기타,운전자법규위반,안전운전 의무 불이행,단일로,기타단일로,화물차,소형,건설기계,건설기계,1,0,2,0,1,36.99052634,127.22015077
용인시,2014   ,2014-11-10 12시,주간,월요일,차대차,진행중 추돌,운전자법규위반,안전운전 의무 불이행,단일로,기타단일로,화물차,소형,농기계,농기계,1,0,1,0,0,37.14137327,127.3919279
가평군,2014   ,2014-11-09 23시,야간,일요일,차량단독,공작물충돌,운전자법규위반,안전운전 의무 불이행,교차로,교차로부근,승합차,소형,없음,없음,1,0,1,0,0,37.75797252,127.43649323
시흥시,2014   ,2014-11-09 17시,주간,일요일,차대차,정면충돌,운전자법규위반,중앙선 침범,단일로,기타단일로,이륜차,소형,승용차,중형,1,0,1,0,0,37.37919028,126.7884339
평택시,2014   ,2014-11-08 21시,야간,토요일,차대사람,차도통행중,운전자법규위반,안전운전 의무 불이행,단일로,기타단일로,화물차,소형,보행자,보행자,1,1,2,0,0,37.00522728,126.86950994
평택시,2014   ,2014-11-07 22시,야간,금요일,차대사람,기타,운전자법규위반,안전운전 의무 불이행,단일로,기타단일로,승용차,경형,보행자,보행자,1,0,1,0,0,36.99101291,127.05478784
양평군,2014   ,2014-11-07 14시,주간,금요일,차대차,측면충돌,운전자법규위반,안전운전 의무 불이행,단일로,기타단일로,승용차,대형,승합차,소형,1,0,2,0,1,37.49878731,127.52152922
용인시,2014   ,2014-11-07 02시,야간,금요일,차대차,주정차중 추돌,운전자법규위반,안전운전 의무 불이행,단일로,기타단일로,이륜차,소형,화물차,중형,1,0,1,0,0,37.22925483,127.21079378
연천군,2014   ,2014-11-06 23시,야간,목요일,차량단독,공작물충돌,운전자법규위반,안전운전 의무 불이행,단일로,기타단일로,화물차,경형,없음,없음,2,1,4,0,1,38.02803046,127.06336364
수원시,2014   ,2014-11-06 17시,주간,목요일,차대차,측면충돌,운전자법규위반,신호위반,교차로,교차로내,자전거,자전거,자전거,자전거,1,0,1,0,0,37.2852545,127.00747311
성남시,2014   ,2014-11-06 10시,주간,목요일,차대사람,기타,운전자법규위반,안전운전 의무 불이행,단일로,횡단보도상,화물차,중형,보행자,보행자,1,0,1,0,0,37.44443841,127.11992273
포천시,2014   ,2014-11-06 07시,주간,목요일,차대차,진행중 추돌,운전자법규위반,중앙선 침범,단일로,기타단일로,승용차,중형,승용차,대형,1,2,3,0,0,37.94456433,127.29572842
양주시,2014   ,2014-11-06 06시,주간,목요일,차대차,기타,운전자법규위반,안전운전 의무 불이행,단일로,기타단일로,화물차,대형,자전거,자전거,1,0,1,0,0,37.805649,127.08707795
남양주시,2014   ,2014-11-05 18시,야간,수요일,차대사람,횡단중,운전자법규위반,안전운전 의무 불이행,단일로,기타단일로,화물차,소형,보행자,보행자,1,0,1,0,0,37.59838277,127.21662119
가평군,2014   ,2014-11-05 15시,주간,수요일,차량단독,도로이탈 추락,운전자법규위반,안전운전 의무 불이행,기타/불명,기타/불명,이륜차,중형,없음,없음,1,0,1,0,0,37.63155876,127.50905539
동두천시,2014   ,2014-11-05 06시,주간,수요일,차대사람,횡단중,운전자법규위반,보행자 보호의무 위반,단일로,기타단일로,승용차,중형,보행자,보행자,1,0,1,0,0,37.89436024,127.08072556
안성시,2014   ,2014-11-05 06시,주간,수요일,차대사람,횡단중,운전자법규위반,안전운전 의무 불이행,단일로,기타단일로,화물차,소형,보행자,보행자,1,0,1,0,0,37.01327082,127.25317185
가평군,2014   ,2014-11-05 01시,야간,수요일,차량단독,기타,운전자법규위반,안전운전 의무 불이행,단일로,기타단일로,승용차,소형,없음,없음,1,0,1,0,0,37.71827116,127.44077076
안양시,2014   ,2014-11-04 20시,야간,화요일,차대사람,횡단중,운전자법규위반,안전운전 의무 불이행,단일로,횡단보도상,승합차,대형,보행자,보행자,1,0,1,0,0,37.4063491,126.90253628