시군명,발생년도,발생일자,주야구분명,사고요일,사고유형_대분류,사고유형,법규위반대분류명,법규위반내용,도로형태_대분류,도로형태,가해자 당사자 종별,당사자1_차종,피해자 당사자 종별,당사자2_차종,사망자수,중상자수,부상자수,부상신고자수,경상자수,WGS84위도,WGS84경도
안양시,2014   ,2014-05-11 19시,야간,일요일,차대사람,횡단중,운전자법규위반,안전운전 의무 불이행,단일로,기타단일로,승용차,중형,보행자,보행자,1,0,1,0,0,37.38820978,126.90896112
화성시,2014   ,2014-05-11 07시,주간,일요일,차대차,정면충돌,운전자법규위반,중앙선 침범,단일로,기타단일로,승용차,대형,원동기장치자전거,원동기장치자전거,1,0,1,0,0,37.16210197,127.01763271
성남시,2014   ,2014-05-11 07시,주간,일요일,차량단독,기타,운전자법규위반,안전운전 의무 불이행,단일로,기타단일로,화물차,소형,없음,없음,1,0,1,0,0,37.44438033,127.12430938
구리시,2014   ,2014-05-11 03시,야간,일요일,차대차,기타,운전자법규위반,신호위반,교차로,교차로내,승용차,경형,승용차,경형,1,4,5,0,0,37.57272767,127.12799151
연천군,2014   ,2014-05-10 19시,야간,토요일,차대차,기타,운전자법규위반,안전운전 의무 불이행,단일로,기타단일로,승용차,소형,자전거,자전거,1,0,1,0,0,38.08081286,127.07420141
고양시,2014   ,2014-05-10 10시,주간,토요일,차대차,측면충돌,운전자법규위반,안전운전 의무 불이행,단일로,기타단일로,이륜차,중형,승용차,대형,1,0,1,0,0,37.69513181,126.73978173
부천시,2014   ,2014-05-09 19시,야간,금요일,차대차,측면충돌,운전자법규위반,안전운전 의무 불이행,교차로,교차로부근,특수차,대형,자전거,자전거,1,0,1,0,0,37.52573204,126.77793399
평택시,2014   ,2014-05-09 18시,야간,금요일,차대차,진행중 추돌,운전자법규위반,안전거리 미확보,단일로,기타단일로,화물차,중형,화물차,대형,1,1,2,0,0,37.05296915,126.89420637
화성시,2014   ,2014-05-08 15시,주간,목요일,차대사람,기타,운전자법규위반,안전운전 의무 불이행,교차로,교차로내,화물차,중형,보행자,보행자,1,0,1,0,0,37.24782175,126.8915901
고양시,2014   ,2014-05-08 13시,주간,목요일,차대차,측면충돌,운전자법규위반,신호위반,교차로,교차로내,특수차,소형,승용차,중형,1,3,4,0,0,37.62837696,126.82055032
포천시,2014   ,2014-05-08 08시,주간,목요일,차대차,기타,운전자법규위반,안전운전 의무 불이행,교차로,교차로내,화물차,소형,자전거,자전거,1,0,1,0,0,37.94647508,127.18536742
의왕시,2014   ,2014-05-07 22시,야간,수요일,차대사람,기타,운전자법규위반,안전운전 의무 불이행,단일로,기타단일로,승용차,중형,보행자,보행자,1,0,1,0,0,37.3163258,126.95415958
김포시,2014   ,2014-05-07 22시,야간,수요일,차대사람,횡단중,운전자법규위반,보행자 보호의무 위반,단일로,횡단보도상,화물차,소형,보행자,보행자,1,0,1,0,0,37.59776798,126.77075877
화성시,2014   ,2014-05-06 12시,주간,화요일,차대차,정면충돌,운전자법규위반,중앙선 침범,교차로,교차로부근,원동기장치자전거,원동기장치자전거,승용차,중형,1,0,2,0,1,37.24791938,126.90012489
부천시,2014   ,2014-05-05 01시,야간,월요일,차대사람,횡단중,운전자법규위반,안전운전 의무 불이행,교차로,교차로내,화물차,소형,보행자,보행자,1,0,1,0,0,37.48669256,126.78947413
화성시,2014   ,2014-05-04 01시,야간,일요일,차량단독,공작물충돌,운전자법규위반,안전운전 의무 불이행,단일로,기타단일로,승용차,중형,없음,없음,1,0,1,0,0,37.20619028,127.02445195
시흥시,2014   ,2014-05-04 00시,야간,일요일,차대사람,차도통행중,운전자법규위반,안전운전 의무 불이행,단일로,기타단일로,승용차,중형,보행자,보행자,1,0,1,0,0,37.44142908,126.78243012
고양시,2014   ,2014-05-03 18시,야간,토요일,차대사람,기타,운전자법규위반,안전운전 의무 불이행,단일로,기타단일로,승합차,대형,보행자,보행자,1,0,1,0,0,37.66269958,126.77074759
부천시,2014   ,2014-05-03 12시,주간,토요일,차대사람,횡단중,운전자법규위반,안전운전 의무 불이행,단일로,횡단보도상,승합차,대형,보행자,보행자,1,1,4,0,2,37.53215102,126.80063284
시흥시,2014   ,2014-05-03 04시,야간,토요일,차대사람,횡단중,운전자법규위반,안전운전 의무 불이행,교차로,교차로부근,승용차,중형,보행자,보행자,1,0,1,0,0,37.34734948,126.735704
부천시,2014   ,2014-05-03 02시,야간,토요일,차량단독,공작물충돌,운전자법규위반,안전운전 의무 불이행,교차로,교차로부근,이륜차,소형,없음,없음,1,1,2,0,0,37.47847692,126.81003437
이천시,2014   ,2014-05-03 01시,야간,토요일,차대사람,기타,운전자법규위반,안전운전 의무 불이행,단일로,기타단일로,화물차,경형,보행자,보행자,1,0,1,0,0,37.21395851,127.45136721
이천시,2014   ,2014-05-02 11시,주간,금요일,차대차,측면충돌,운전자법규위반,안전운전 의무 불이행,교차로,교차로부근,화물차,대형,자전거,자전거,1,0,1,0,0,37.25555742,127.35228485
안성시,2014   ,2014-05-02 11시,주간,금요일,차대사람,기타,운전자법규위반,안전운전 의무 불이행,단일로,기타단일로,화물차,소형,보행자,보행자,1,0,1,0,0,37.02327864,127.29175705
안양시,2014   ,2014-05-02 07시,주간,금요일,차량단독,전도전복,운전자법규위반,안전운전 의무 불이행,단일로,터널안,이륜차,대형,없음,없음,1,0,1,0,0,37.37320991,126.95765549
평택시,2014   ,2014-05-01 19시,야간,목요일,차대차,기타,운전자법규위반,안전운전 의무 불이행,단일로,기타단일로,승용차,중형,승용차,대형,2,2,7,2,1,37.06297393,127.06443477
수원시,2014   ,2014-05-01 09시,주간,목요일,차대차,기타,운전자법규위반,부당한 회전,교차로,교차로내,이륜차,소형,승합차,대형,1,0,1,0,0,37.28769526,127.01133804
안성시,2014   ,2014-04-30 19시,야간,수요일,차대사람,차도통행중,운전자법규위반,안전운전 의무 불이행,단일로,기타단일로,승용차,소형,보행자,보행자,1,0,1,0,0,36.96921929,127.2372714
남양주시,2014   ,2014-04-30 16시,주간,수요일,차대차,정면충돌,운전자법규위반,중앙선 침범,교차로,교차로부근,승용차,경형,승용차,경형,1,0,5,0,4,37.60945416,127.18233991
수원시,2014   ,2014-04-30 14시,주간,수요일,차대사람,보도통행중,운전자법규위반,안전운전 의무 불이행,단일로,기타단일로,승용차,중형,보행자,보행자,1,2,5,0,2,37.29968441,126.97163355
가평군,2014   ,2014-04-29 16시,주간,화요일,차량단독,기타,운전자법규위반,기타(운전자법규위반),기타/불명,기타/불명,자전거,자전거,없음,없음,1,0,1,0,0,37.80906491,127.47474566
이천시,2014   ,2014-04-28 13시,주간,월요일,차대사람,기타,운전자법규위반,안전운전 의무 불이행,단일로,기타단일로,화물차,소형,보행자,보행자,1,2,3,0,0,37.14713971,127.4386629
성남시,2014   ,2014-04-28 03시,야간,월요일,차대차,기타,운전자법규위반,신호위반,교차로,교차로내,승용차,경형,승합차,대형,1,2,7,0,4,37.36341965,127.1189653
평택시,2014   ,2014-04-27 22시,야간,일요일,차대차,기타,운전자법규위반,신호위반,교차로,교차로내,승용차,대형,승용차,중형,1,1,2,0,0,37.0110546,127.07271199
부천시,2014   ,2014-04-27 21시,야간,일요일,차대사람,횡단중,운전자법규위반,안전운전 의무 불이행,단일로,기타단일로,승용차,중형,보행자,보행자,1,0,1,0,0,37.49637796,126.76233369
여주시,2014   ,2014-04-27 18시,야간,일요일,차량단독,전도전복,운전자법규위반,안전운전 의무 불이행,단일로,기타단일로,승용차,중형,없음,없음,1,1,2,0,0,37.30782129,127.58190384
안양시,2014   ,2014-04-27 08시,주간,일요일,차대차,정면충돌,운전자법규위반,신호위반,교차로,교차로내,승합차,대형,승용차,중형,1,0,1,0,0,37.40314139,126.89566952
수원시,2014   ,2014-04-27 05시,야간,일요일,차대사람,횡단중,운전자법규위반,안전운전 의무 불이행,단일로,기타단일로,승용차,중형,보행자,보행자,1,0,1,0,0,37.26546121,127.00132009
안산시,2014   ,2014-04-27 04시,야간,일요일,차대사람,기타,운전자법규위반,안전운전 의무 불이행,단일로,기타단일로,승용차,중형,보행자,보행자,1,0,1,0,0,37.30644661,126.86895581
광명시,2014   ,2014-04-26 17시,주간,토요일,차대차,측면충돌,운전자법규위반,신호위반,교차로,교차로내,승합차,대형,원동기장치자전거,원동기장치자전거,1,0,1,0,0,37.41545599,126.8786536
의정부시,2014   ,2014-04-26 09시,주간,토요일,차량단독,공작물충돌,운전자법규위반,안전운전 의무 불이행,단일로,기타단일로,화물차,소형,없음,없음,1,0,1,0,0,37.72759663,127.03438067
수원시,2014   ,2014-04-26 08시,주간,토요일,차량단독,공작물충돌,운전자법규위반,안전운전 의무 불이행,단일로,기타단일로,이륜차,소형,없음,없음,1,0,2,1,0,37.25323441,127.03353837
광명시,2014   ,2014-04-26 05시,야간,토요일,차대차,진행중 추돌,운전자법규위반,안전운전 의무 불이행,교차로,교차로부근,화물차,소형,화물차,소형,1,0,2,0,1,37.45849181,126.87273463
고양시,2014   ,2014-04-25 22시,야간,금요일,차대사람,횡단중,운전자법규위반,신호위반,교차로,교차로부근,승합차,대형,보행자,보행자,1,0,1,0,0,37.67515797,126.74953367
여주시,2014   ,2014-04-25 15시,주간,금요일,차대차,기타,운전자법규위반,안전운전 의무 불이행,교차로,교차로내,원동기장치자전거,원동기장치자전거,승용차,중형,1,0,1,0,0,37.21115413,127.55099774
수원시,2014   ,2014-04-24 19시,야간,목요일,차대사람,기타,운전자법규위반,안전운전 의무 불이행,교차로,교차로부근,승합차,대형,보행자,보행자,1,0,1,0,0,37.23830217,127.04614471
평택시,2014   ,2014-04-24 14시,주간,목요일,차량단독,전도전복,운전자법규위반,안전운전 의무 불이행,단일로,기타단일로,이륜차,소형,없음,없음,1,0,1,0,0,37.00113522,127.00887354
양평군,2014   ,2014-04-23 21시,야간,수요일,차량단독,전도전복,운전자법규위반,안전운전 의무 불이행,단일로,기타단일로,승용차,소형,없음,없음,1,1,2,0,0,37.60684531,127.37060409
동두천시,2014   ,2014-04-23 20시,야간,수요일,차대차,기타,운전자법규위반,안전운전 의무 불이행,단일로,기타단일로,화물차,소형,자전거,자전거,1,0,1,0,0,37.96179022,127.06448471
파주시,2014   ,2014-04-23 15시,주간,수요일,차대차,진행중 추돌,운전자법규위반,안전운전 의무 불이행,단일로,기타단일로,승용차,중형,승용차,소형,1,1,3,0,1,37.8672148,126.7692141
평택시,2014   ,2014-04-22 22시,야간,화요일,차대사람,기타,운전자법규위반,안전운전 의무 불이행,단일로,기타단일로,승용차,경형,보행자,보행자,1,0,1,0,0,37.12220204,127.01901169
안양시,2014   ,2014-04-22 20시,야간,화요일,차대사람,횡단중,운전자법규위반,안전운전 의무 불이행,단일로,기타단일로,승용차,중형,보행자,보행자,1,0,1,0,0,37.38682274,126.93123702
남양주시,2014   ,2014-04-21 22시,야간,월요일,차량단독,전도전복,운전자법규위반,안전운전 의무 불이행,단일로,기타단일로,원동기장치자전거,원동기장치자전거,없음,없음,1,0,1,0,0,37.69271975,127.2102623
평택시,2014   ,2014-04-21 17시,주간,월요일,차대차,주정차중 추돌,운전자법규위반,안전운전 의무 불이행,교차로,교차로부근,화물차,소형,화물차,대형,1,0,2,0,1,36.98388501,126.85673052
광명시,2014   ,2014-04-21 06시,주간,월요일,차대차,진행중 추돌,운전자법규위반,안전거리 미확보,교차로,교차로부근,승합차,대형,승합차,대형,1,2,6,1,2,37.43883064,126.89472699
남양주시,2014   ,2014-04-20 19시,야간,일요일,차대사람,기타,운전자법규위반,안전운전 의무 불이행,교차로,교차로부근,승용차,중형,보행자,보행자,1,0,1,0,0,37.72037143,127.18858422
양평군,2014   ,2014-04-20 16시,주간,일요일,차량단독,전도전복,운전자법규위반,안전운전 의무 불이행,교차로,교차로내,이륜차,사발이,없음,없음,1,0,1,0,0,37.46989893,127.63186232
성남시,2014   ,2014-04-20 07시,주간,일요일,차대차,진행중 추돌,운전자법규위반,안전거리 미확보,기타/불명,기타/불명,승용차,소형,승용차,소형,1,1,3,0,1,37.41859068,127.11824521
안산시,2014   ,2014-04-19 05시,야간,토요일,차량단독,공작물충돌,운전자법규위반,안전운전 의무 불이행,단일로,기타단일로,승용차,중형,없음,없음,1,0,1,0,0,37.29832585,126.91469741
고양시,2014   ,2014-04-18 17시,주간,금요일,차대차,측면충돌,운전자법규위반,교차로 통행방법 위반,교차로,교차로내,화물차,소형,원동기장치자전거,원동기장치자전거,1,0,1,0,0,37.62893039,126.88185581
용인시,2014   ,2014-04-18 15시,주간,금요일,차대차,진행중 추돌,운전자법규위반,안전운전 의무 불이행,단일로,기타단일로,화물차,중형,승용차,중형,1,0,2,0,1,37.3310707,127.14563307
성남시,2014   ,2014-04-16 05시,야간,수요일,차대차,진행중 추돌,운전자법규위반,안전운전 의무 불이행,단일로,지하차도(도로)내,승용차,중형,승용차,경형,1,2,3,0,0,37.40837947,127.11866991
양평군,2014   ,2014-04-15 15시,주간,화요일,차량단독,도로이탈 추락,운전자법규위반,안전운전 의무 불이행,단일로,기타단일로,이륜차,사발이,없음,없음,1,0,1,0,0,37.44479164,127.74255222
화성시,2014   ,2014-04-12 11시,주간,토요일,차대사람,차도통행중,운전자법규위반,안전운전 의무 불이행,단일로,기타단일로,화물차,소형,보행자,보행자,1,0,1,0,0,37.11319001,126.8849139
구리시,2014   ,2014-04-12 06시,주간,토요일,차대차,진행중 추돌,운전자법규위반,신호위반,교차로,교차로내,건설기계,건설기계,승용차,소형,1,2,5,0,2,37.62947346,127.11305525
안산시,2014   ,2014-04-12 03시,야간,토요일,차대사람,기타,운전자법규위반,안전운전 의무 불이행,단일로,기타단일로,승용차,중형,보행자,보행자,1,0,1,0,0,37.34220343,126.81842941
오산시,2014   ,2014-04-12 00시,야간,토요일,차량단독,공작물충돌,운전자법규위반,안전운전 의무 불이행,교차로,교차로부근,승용차,소형,없음,없음,1,1,2,0,0,37.19396915,127.04326657
안산시,2014   ,2014-04-11 22시,야간,금요일,차대사람,횡단중,운전자법규위반,안전운전 의무 불이행,기타/불명,기타/불명,승합차,대형,보행자,보행자,1,1,2,0,0,37.32778619,126.84806495
시흥시,2014   ,2014-04-11 11시,주간,금요일,차대차,기타,운전자법규위반,직진 및 우회전차의 통행방해,교차로,교차로내,화물차,소형,이륜차,소형,1,0,1,0,0,37.34438176,126.70527415
안성시,2014   ,2014-04-11 03시,야간,금요일,차대차,기타,운전자법규위반,안전운전 의무 불이행,단일로,기타단일로,승용차,경형,화물차,대형,1,0,1,0,0,37.03481904,127.13274569
화성시,2014   ,2014-04-10 17시,주간,목요일,차대차,정면충돌,운전자법규위반,중앙선 침범,단일로,기타단일로,승용차,대형,승합차,대형,1,0,4,0,3,37.20344482,126.72469426
용인시,2014   ,2014-04-10 11시,주간,목요일,차량단독,기타,운전자법규위반,기타(운전자법규위반),단일로,기타단일로,화물차,소형,없음,없음,1,0,1,0,0,37.32811648,127.07768433
고양시,2014   ,2014-04-10 08시,주간,목요일,차대사람,기타,운전자법규위반,보행자 보호의무 위반,단일로,기타단일로,화물차,대형,보행자,보행자,1,0,1,0,0,37.72018274,126.90502856
화성시,2014   ,2014-04-10 03시,야간,목요일,차량단독,전도전복,운전자법규위반,안전운전 의무 불이행,단일로,기타단일로,승용차,중형,없음,없음,1,0,1,0,0,37.09852521,126.90277899
안산시,2014   ,2014-04-09 18시,야간,수요일,차량단독,공작물충돌,운전자법규위반,안전운전 의무 불이행,단일로,기타단일로,승용차,중형,없음,없음,1,0,1,0,0,37.34710895,126.85744953
안성시,2014   ,2014-04-07 14시,주간,월요일,차대차,주정차중 추돌,운전자법규위반,안전운전 의무 불이행,단일로,기타단일로,화물차,소형,화물차,대형,1,0,1,0,0,37.00134153,127.22310075
광명시,2014   ,2014-04-07 09시,주간,월요일,차대차,측면충돌,운전자법규위반,부당한 회전,교차로,교차로부근,자전거,자전거,화물차,소형,1,0,1,0,0,37.44155495,126.89515723
양주시,2014   ,2014-04-07 08시,주간,월요일,차대차,기타,운전자법규위반,안전운전 의무 불이행,교차로,교차로내,승용차,중형,자전거,자전거,1,0,1,0,0,37.8429194,127.06487782
화성시,2014   ,2014-04-06 02시,야간,일요일,차대사람,기타,운전자법규위반,안전운전 의무 불이행,단일로,횡단보도부근,승용차,중형,보행자,보행자,1,0,1,0,0,37.15768472,126.92836322
시흥시,2014   ,2014-04-05 21시,야간,토요일,차대차,진행중 추돌,운전자법규위반,안전운전 의무 불이행,단일로,기타단일로,화물차,경형,화물차,소형,1,0,1,0,0,37.35315188,126.77542392
광주시,2014   ,2014-04-05 05시,야간,토요일,차량단독,전도전복,운전자법규위반,안전운전 의무 불이행,단일로,기타단일로,승용차,대형,없음,없음,1,1,2,0,0,37.46804765,127.24911735
성남시,2014   ,2014-04-05 02시,야간,토요일,차대사람,횡단중,운전자법규위반,안전운전 의무 불이행,단일로,기타단일로,화물차,경형,보행자,보행자,1,0,1,0,0,37.45340799,127.10644534
안산시,2014   ,2014-04-05 01시,야간,토요일,차량단독,기타,운전자법규위반,안전운전 의무 불이행,단일로,기타단일로,이륜차,중형,없음,없음,1,0,1,0,0,37.33341997,126.75926816
안산시,2014   ,2014-04-04 21시,야간,금요일,차대차,기타,운전자법규위반,과속,단일로,기타단일로,승합차,대형,승용차,중형,1,16,24,0,7,37.30053175,126.89449435
화성시,2014   ,2014-04-04 14시,주간,금요일,차대사람,횡단중,운전자법규위반,보행자 보호의무 위반,단일로,횡단보도상,승합차,중형,보행자,보행자,1,0,1,0,0,37.20151717,127.05597725
이천시,2014   ,2014-04-04 07시,주간,금요일,차대차,주정차중 추돌,운전자법규위반,안전운전 의무 불이행,기타/불명,기타/불명,화물차,소형,화물차,대형,1,0,3,1,1,37.2938499,127.37678337
화성시,2014   ,2014-04-02 11시,주간,수요일,차대차,주정차중 추돌,운전자법규위반,안전운전 의무 불이행,단일로,기타단일로,화물차,대형,화물차,중형,1,1,3,0,1,37.1262147,126.81103869
부천시,2014   ,2014-04-02 00시,야간,수요일,차대사람,기타,운전자법규위반,안전운전 의무 불이행,단일로,기타단일로,승용차,중형,보행자,보행자,1,0,1,0,0,37.53069054,126.80516232
고양시,2014   ,2014-04-01 10시,주간,화요일,차대차,기타,운전자법규위반,안전운전 의무 불이행,단일로,기타단일로,화물차,중형,화물차,중형,1,0,2,0,1,37.5990091,126.81080331
고양시,2014   ,2014-04-01 04시,야간,화요일,차대사람,기타,운전자법규위반,안전거리 미확보,단일로,기타단일로,승용차,소형,보행자,보행자,1,0,1,0,0,37.64966614,126.7795017
안성시,2014   ,2014-04-01 00시,야간,화요일,차량단독,공작물충돌,운전자법규위반,안전운전 의무 불이행,교차로,교차로부근,이륜차,소형,없음,없음,1,0,1,0,0,37.00884461,127.21302476
성남시,2014   ,2014-04-01 00시,야간,화요일,차대차,정면충돌,운전자법규위반,중앙선 침범,단일로,기타단일로,승합차,경형,승용차,소형,1,2,4,0,1,37.47368454,127.17964698
고양시,2014   ,2014-03-31 23시,야간,월요일,차대차,진행중 추돌,운전자법규위반,신호위반,교차로,교차로내,이륜차,소형,승용차,중형,1,0,1,0,0,37.6301455,126.83672906
이천시,2014   ,2014-03-30 16시,주간,일요일,차대차,정면충돌,운전자법규위반,중앙선 침범,단일로,기타단일로,승합차,소형,화물차,대형,2,1,4,0,1,37.07587431,127.46383072
구리시,2014   ,2014-03-29 05시,야간,토요일,차대사람,횡단중,운전자법규위반,안전운전 의무 불이행,교차로,교차로내,승용차,대형,보행자,보행자,1,0,1,0,0,37.6040693,127.14018428
고양시,2014   ,2014-03-29 04시,야간,토요일,차대차,기타,운전자법규위반,안전운전 의무 불이행,단일로,기타단일로,이륜차,중형,승용차,중형,1,0,1,0,0,37.65025113,126.89836584
화성시,2014   ,2014-03-27 02시,야간,목요일,차량단독,전도전복,운전자법규위반,안전운전 의무 불이행,교차로,교차로부근,자전거,자전거,없음,없음,1,0,1,0,0,37.21310908,126.97648682
김포시,2014   ,2014-03-25 18시,야간,화요일,차대차,정면충돌,운전자법규위반,중앙선 침범,단일로,기타단일로,승용차,중형,승용차,대형,1,0,1,0,0,37.61632987,126.76986368
용인시,2014   ,2014-03-25 06시,주간,화요일,차대사람,횡단중,운전자법규위반,안전운전 의무 불이행,교차로,교차로부근,화물차,중형,보행자,보행자,1,0,1,0,0,37.23317343,127.2859841
시흥시,2014   ,2014-03-24 22시,야간,월요일,차량단독,공작물충돌,운전자법규위반,안전운전 의무 불이행,교차로,교차로부근,원동기장치자전거,원동기장치자전거,없음,없음,1,0,1,0,0,37.35175998,126.71006275
평택시,2014   ,2014-03-24 05시,야간,월요일,차대사람,횡단중,운전자법규위반,안전운전 의무 불이행,단일로,기타단일로,승합차,대형,보행자,보행자,1,0,1,0,0,36.99350646,127.09406112
평택시,2014   ,2014-03-23 19시,야간,일요일,차대사람,기타,운전자법규위반,안전운전 의무 불이행,교차로,교차로부근,승용차,중형,보행자,보행자,1,0,1,0,0,37.07752506,127.05770261
포천시,2014   ,2014-03-23 12시,주간,일요일,차대사람,기타,운전자법규위반,안전운전 의무 불이행,교차로,교차로내,승용차,중형,보행자,보행자,1,0,1,0,0,38.08997391,127.2739081
광주시,2014   ,2014-03-23 05시,야간,일요일,차대차,측면충돌,운전자법규위반,신호위반,교차로,교차로내,승용차,중형,화물차,중형,2,0,2,0,0,37.39405363,127.24904785
고양시,2014   ,2014-03-22 05시,야간,토요일,차대차,진행중 추돌,운전자법규위반,안전운전 의무 불이행,단일로,기타단일로,승용차,중형,화물차,대형,1,0,1,0,0,37.6228301,126.78932487
수원시,2014   ,2014-03-22 01시,야간,토요일,차대차,진행중 추돌,운전자법규위반,안전운전 의무 불이행,단일로,기타단일로,승용차,대형,화물차,소형,1,0,1,0,0,37.31649938,126.99529507
남양주시,2014   ,2014-03-21 22시,야간,금요일,차량단독,공작물충돌,운전자법규위반,안전운전 의무 불이행,교차로,교차로내,이륜차,중형,없음,없음,1,0,1,0,0,37.6573202,127.28406961
파주시,2014   ,2014-03-21 20시,야간,금요일,차대차,측면충돌,운전자법규위반,안전운전 의무 불이행,교차로,교차로내,승용차,중형,승용차,중형,1,1,2,0,0,37.71893353,126.71202345
화성시,2014   ,2014-03-21 19시,야간,금요일,차량단독,공작물충돌,운전자법규위반,안전운전 의무 불이행,단일로,기타단일로,이륜차,소형,없음,없음,1,0,1,0,0,37.19867149,127.040162
남양주시,2014   ,2014-03-21 07시,주간,금요일,차대차,진행중 추돌,운전자법규위반,안전운전 의무 불이행,단일로,기타단일로,이륜차,중형,건설기계,건설기계,1,0,1,0,0,37.63540592,127.21865677
화성시,2014   ,2014-03-20 07시,주간,목요일,차량단독,기타,운전자법규위반,중앙선 침범,단일로,기타단일로,이륜차,소형,없음,없음,1,0,1,0,0,37.18351905,126.71163811
수원시,2014   ,2014-03-19 20시,야간,수요일,차대차,측면충돌,운전자법규위반,신호위반,교차로,교차로내,승용차,중형,승용차,경형,3,2,6,0,1,37.24399385,126.97510066
양주시,2014   ,2014-03-19 14시,주간,수요일,차대차,진행중 추돌,운전자법규위반,진로양보 의무 불이행,교차로,교차로내,원동기장치자전거,원동기장치자전거,화물차,대형,1,0,1,0,0,37.8275139,126.99438004
수원시,2014   ,2014-03-18 21시,야간,화요일,차대사람,횡단중,운전자법규위반,안전운전 의무 불이행,단일로,기타단일로,승용차,중형,보행자,보행자,1,0,1,0,0,37.3020787,127.00850306
안산시,2014   ,2014-03-17 20시,야간,월요일,차대사람,기타,운전자법규위반,안전운전 의무 불이행,단일로,기타단일로,승용차,중형,보행자,보행자,1,0,1,0,0,37.3130302,126.90620977
수원시,2014   ,2014-03-16 21시,야간,일요일,차대사람,기타,운전자법규위반,안전운전 의무 불이행,단일로,기타단일로,승용차,중형,보행자,보행자,1,0,1,0,0,37.24791389,126.98513128
평택시,2014   ,2014-03-16 15시,주간,일요일,차대사람,기타,운전자법규위반,보행자 보호의무 위반,교차로,교차로내,승합차,중형,보행자,보행자,1,0,1,0,0,36.99058294,127.08799717
고양시,2014   ,2014-03-16 04시,야간,일요일,차대차,정면충돌,운전자법규위반,중앙선 침범,단일로,기타단일로,승용차,중형,화물차,중형,1,0,2,0,1,37.65317884,126.73058503
화성시,2014   ,2014-03-16 03시,야간,일요일,차대사람,기타,운전자법규위반,안전운전 의무 불이행,기타/불명,기타/불명,화물차,대형,보행자,보행자,1,0,1,0,0,37.10563052,126.89786131
화성시,2014   ,2014-03-15 09시,주간,토요일,차량단독,전도전복,운전자법규위반,안전운전 의무 불이행,단일로,기타단일로,건설기계,건설기계,없음,없음,1,0,1,0,0,37.1098887,126.82964478
화성시,2014   ,2014-03-15 05시,야간,토요일,차량단독,공작물충돌,운전자법규위반,안전운전 의무 불이행,단일로,기타단일로,승용차,소형,없음,없음,2,0,2,0,0,37.09366391,126.90944494
양주시,2014   ,2014-03-15 02시,야간,토요일,차대사람,차도통행중,운전자법규위반,안전운전 의무 불이행,단일로,기타단일로,화물차,중형,보행자,보행자,1,0,1,0,0,37.81837787,127.0460704
화성시,2014   ,2014-03-14 15시,주간,금요일,차량단독,공작물충돌,운전자법규위반,안전운전 의무 불이행,단일로,기타단일로,승용차,중형,없음,없음,1,0,1,0,0,37.20890463,126.96551658
오산시,2014   ,2014-03-14 11시,주간,금요일,차대차,측면충돌,운전자법규위반,안전운전 의무 불이행,단일로,기타단일로,이륜차,소형,승용차,중형,1,0,1,0,0,37.15120216,127.05882791
의왕시,2014   ,2014-03-14 02시,야간,금요일,차대차,진행중 추돌,운전자법규위반,안전운전 의무 불이행,단일로,기타단일로,승용차,중형,화물차,중형,1,1,2,0,0,37.38604354,126.99592502
여주시,2014   ,2014-03-13 21시,야간,목요일,차대사람,횡단중,운전자법규위반,안전운전 의무 불이행,교차로,교차로부근,승합차,소형,보행자,보행자,1,0,1,0,0,37.2937368,127.63595441
고양시,2014   ,2014-03-13 14시,주간,목요일,차대차,주정차중 추돌,운전자법규위반,안전운전 의무 불이행,단일로,횡단보도상,화물차,경형,이륜차,중형,1,0,1,0,0,37.67497931,126.76843885
의정부시,2014   ,2014-03-10 19시,야간,월요일,차대사람,보도통행중,운전자법규위반,안전운전 의무 불이행,교차로,교차로부근,화물차,경형,보행자,보행자,1,0,1,0,0,37.7497061,127.03438973
의정부시,2014   ,2014-03-10 19시,야간,월요일,차대차,측면충돌,운전자법규위반,신호위반,교차로,교차로내,건설기계,건설기계,이륜차,중형,1,0,1,0,0,37.73724744,127.0693218
성남시,2014   ,2014-03-10 12시,주간,월요일,차대차,측면충돌,운전자법규위반,안전운전 의무 불이행,단일로,기타단일로,승합차,대형,자전거,자전거,1,0,1,0,0,37.46005343,127.16575179
평택시,2014   ,2014-03-10 06시,주간,월요일,차대사람,기타,운전자법규위반,과속,단일로,교량위,승용차,중형,보행자,보행자,1,0,1,0,0,36.97656993,127.09187031
성남시,2014   ,2014-03-09 08시,주간,일요일,차량단독,공작물충돌,운전자법규위반,안전운전 의무 불이행,단일로,터널안,화물차,소형,없음,없음,1,0,1,0,0,37.38621395,127.11291942
성남시,2014   ,2014-03-08 14시,주간,토요일,차대사람,횡단중,운전자법규위반,안전운전 의무 불이행,단일로,기타단일로,승용차,중형,보행자,보행자,1,0,1,0,0,37.36525345,127.10372156
안산시,2014   ,2014-03-07 08시,주간,금요일,차대차,측면충돌,운전자법규위반,안전운전 의무 불이행,교차로,교차로내,승용차,소형,자전거,자전거,1,0,1,0,0,37.33465978,126.80463539
용인시,2014   ,2014-03-07 04시,야간,금요일,차대차,진행중 추돌,운전자법규위반,안전운전 의무 불이행,단일로,기타단일로,승용차,중형,화물차,대형,1,0,2,0,1,37.2867337,127.16187199
안산시,2014   ,2014-03-07 03시,야간,금요일,차대차,주정차중 추돌,운전자법규위반,안전운전 의무 불이행,단일로,기타단일로,화물차,소형,화물차,중형,1,0,1,0,0,37.32353311,126.79638573
이천시,2014   ,2014-03-06 19시,야간,목요일,차대차,측면충돌,운전자법규위반,안전운전 의무 불이행,단일로,기타단일로,승용차,중형,불명,불명,1,0,1,0,0,37.27594171,127.45803888
동두천시,2014   ,2014-03-05 11시,주간,수요일,차대사람,횡단중,운전자법규위반,안전운전 의무 불이행,단일로,기타단일로,승용차,소형,보행자,보행자,1,0,1,0,0,37.9100271,127.02219868