시군명,발생년도,발생일자,주야구분명,사고요일,사고유형_대분류,사고유형,법규위반대분류명,법규위반내용,도로형태_대분류,도로형태,가해자 당사자 종별,당사자1_차종,피해자 당사자 종별,당사자2_차종,사망자수,중상자수,부상자수,부상신고자수,경상자수,WGS84위도,WGS84경도
성남시,2014   ,2014-01-09 13시,주간,목요일,차대사람,횡단중,운전자법규위반,안전운전 의무 불이행,단일로,기타단일로,승용차,경형,보행자,보행자,1,0,1,0,0,37.43747046,127.15817682
평택시,2014   ,2014-01-09 02시,야간,목요일,차대사람,기타,운전자법규위반,안전운전 의무 불이행,단일로,기타단일로,승용차,중형,보행자,보행자,1,0,1,0,0,37.00765883,126.97454963
여주시,2014   ,2014-01-08 13시,주간,수요일,차량단독,공작물충돌,운전자법규위반,안전운전 의무 불이행,단일로,기타단일로,승용차,중형,없음,없음,1,0,1,0,0,37.2822731,127.66929112
남양주시,2014   ,2014-01-08 09시,주간,수요일,차대차,기타,운전자법규위반,안전운전 의무 불이행,교차로,교차로부근,화물차,대형,승용차,중형,1,1,3,0,1,37.72541015,127.19212628
양평군,2014   ,2014-01-08 09시,주간,수요일,차대차,진행중 추돌,운전자법규위반,앞지르기 금지위반,단일로,기타단일로,화물차,소형,원동기장치자전거,원동기장치자전거,1,0,1,0,0,37.5104706,127.49066507
성남시,2014   ,2014-01-08 04시,야간,수요일,차대사람,기타,운전자법규위반,안전운전 의무 불이행,단일로,기타단일로,승합차,대형,보행자,보행자,1,0,1,0,0,37.44877636,127.17185053
파주시,2014   ,2014-01-08 03시,야간,수요일,차량단독,공작물충돌,운전자법규위반,안전운전 의무 불이행,교차로,교차로부근,화물차,소형,없음,없음,1,2,3,0,0,37.77504395,126.78918747
여주시,2014   ,2014-01-07 13시,주간,화요일,차대차,기타,운전자법규위반,안전운전 의무 불이행,단일로,기타단일로,승합차,소형,화물차,대형,1,0,3,0,2,37.36037923,127.5288862
파주시,2014   ,2014-01-07 06시,주간,화요일,차대사람,보도통행중,운전자법규위반,안전운전 의무 불이행,단일로,기타단일로,승용차,중형,보행자,보행자,1,0,1,0,0,37.85489262,126.87036838
시흥시,2014   ,2014-01-07 01시,야간,화요일,차량단독,공작물충돌,운전자법규위반,안전운전 의무 불이행,교차로,교차로부근,승용차,소형,없음,없음,1,0,1,0,0,37.442529,126.77215505
하남시,2014   ,2014-01-06 05시,야간,월요일,차대사람,횡단중,운전자법규위반,안전운전 의무 불이행,교차로,교차로내,승용차,중형,보행자,보행자,1,0,1,0,0,37.55270424,127.19921208
안양시,2014   ,2014-01-04 18시,야간,토요일,차대사람,횡단중,운전자법규위반,안전운전 의무 불이행,단일로,기타단일로,화물차,소형,보행자,보행자,1,0,1,0,0,37.39944919,126.93087046
용인시,2014   ,2014-01-03 20시,야간,금요일,차대차,주정차중 추돌,운전자법규위반,안전운전 의무 불이행,단일로,기타단일로,화물차,소형,승용차,중형,1,1,4,0,2,37.23420656,127.27917191
화성시,2014   ,2014-01-03 06시,주간,금요일,차대차,측면충돌,운전자법규위반,안전운전 의무 불이행,단일로,기타단일로,원동기장치자전거,원동기장치자전거,건설기계,건설기계,1,0,1,0,0,37.2172542,127.08284536
성남시,2014   ,2014-01-02 20시,야간,목요일,차대사람,횡단중,운전자법규위반,안전운전 의무 불이행,교차로,교차로내,승합차,대형,보행자,보행자,1,0,1,0,0,37.44269887,127.14308374
수원시,2014   ,2014-01-02 18시,야간,목요일,차대사람,횡단중,운전자법규위반,신호위반,교차로,교차로내,승용차,중형,보행자,보행자,1,0,1,0,0,37.25688354,126.9957833
용인시,2014   ,2014-01-02 05시,야간,목요일,차대사람,길가장자리구역통행중,운전자법규위반,안전운전 의무 불이행,단일로,기타단일로,승용차,중형,보행자,보행자,1,0,1,0,0,37.22917001,127.24031773
이천시,2014   ,2014-01-01 21시,야간,수요일,차대차,진행중 추돌,운전자법규위반,안전운전 의무 불이행,단일로,기타단일로,승용차,중형,승용차,경형,1,0,1,0,0,37.27587854,127.45785844
광주시,2014   ,2014-01-01 18시,야간,수요일,차대사람,보도통행중,운전자법규위반,보행자 보호의무 위반,단일로,횡단보도상,승용차,중형,보행자,보행자,1,0,2,0,1,37.41394503,127.26111824
부천시,2014   ,2014-01-01 09시,주간,수요일,차대차,측면충돌,운전자법규위반,신호위반,교차로,교차로내,원동기장치자전거,원동기장치자전거,승용차,소형,1,0,1,0,0,37.50687159,126.80593417
부천시,2014   ,2014-01-01 02시,야간,수요일,차대사람,기타,운전자법규위반,안전운전 의무 불이행,교차로,교차로내,승용차,중형,보행자,보행자,1,0,1,0,0,37.49283783,126.78170101
시흥시,2013   ,2013-12-31 13시,주간,화요일,차대차,기타,운전자법규위반,안전운전 의무 불이행,단일로,기타단일로,승용차,중형,승용차,중형,1,1,2,0,0,37.32251443,126.64575368
양주시,2013   ,2013-12-31 00시,야간,화요일,차대사람,기타,운전자법규위반,안전운전 의무 불이행,단일로,기타단일로,승용차,중형,보행자,보행자,1,0,1,0,0,37.79677094,127.07940358
파주시,2013   ,2013-12-30 15시,주간,월요일,차량단독,전도전복,운전자법규위반,안전운전 의무 불이행,단일로,기타단일로,화물차,소형,없음,없음,1,0,1,0,0,37.97197896,126.90317278
가평군,2013   ,2013-12-29 23시,야간,일요일,차대사람,차도통행중,운전자법규위반,안전운전 의무 불이행,단일로,기타단일로,승용차,소형,보행자,보행자,1,0,1,0,0,37.776542,127.46262906
남양주시,2013   ,2013-12-29 22시,야간,일요일,차대사람,횡단중,운전자법규위반,안전운전 의무 불이행,단일로,횡단보도상,승용차,중형,보행자,보행자,1,0,1,0,0,37.60861353,127.16280422
포천시,2013   ,2013-12-29 22시,야간,일요일,차량단독,공작물충돌,운전자법규위반,안전운전 의무 불이행,단일로,기타단일로,승용차,소형,없음,없음,1,1,2,0,0,37.95180685,127.23904678
광주시,2013   ,2013-12-29 04시,야간,일요일,차대차,진행중 추돌,운전자법규위반,안전운전 의무 불이행,단일로,기타단일로,승용차,대형,화물차,소형,2,0,3,0,1,37.31944302,127.34107671
남양주시,2013   ,2013-12-29 01시,야간,일요일,차대차,기타,운전자법규위반,안전운전 의무 불이행,교차로,교차로부근,승용차,경형,특수차,대형,1,2,3,0,0,37.62163696,127.19822067
파주시,2013   ,2013-12-28 23시,야간,토요일,차대사람,차도통행중,운전자법규위반,안전운전 의무 불이행,단일로,기타단일로,승용차,소형,보행자,보행자,1,0,1,0,0,37.75624522,126.80271243
안양시,2013   ,2013-12-28 23시,야간,토요일,차대차,주정차중 추돌,운전자법규위반,안전운전 의무 불이행,교차로,교차로부근,이륜차,소형,화물차,대형,1,0,1,0,0,37.40632177,126.90426528
시흥시,2013   ,2013-12-28 20시,야간,토요일,차대사람,기타,운전자법규위반,안전운전 의무 불이행,단일로,기타단일로,승용차,경형,보행자,보행자,1,0,1,0,0,37.41463934,126.818768
화성시,2013   ,2013-12-28 19시,야간,토요일,차량단독,전도전복,운전자법규위반,안전운전 의무 불이행,단일로,기타단일로,이륜차,소형,없음,없음,1,0,1,0,0,37.03377308,126.84088355
고양시,2013   ,2013-12-28 08시,주간,토요일,차량단독,도로이탈 추락,운전자법규위반,안전운전 의무 불이행,단일로,교량위,승용차,중형,없음,없음,1,0,1,0,0,37.63911169,126.75770575
양주시,2013   ,2013-12-28 01시,야간,토요일,차량단독,공작물충돌,운전자법규위반,안전운전 의무 불이행,단일로,기타단일로,승용차,경형,없음,없음,1,0,1,0,0,37.80654939,126.96181765
수원시,2013   ,2013-12-27 07시,주간,금요일,차대사람,기타,운전자법규위반,신호위반,단일로,횡단보도상,건설기계,건설기계,보행자,보행자,1,0,1,0,0,37.24456307,127.03128042
안양시,2013   ,2013-12-27 00시,야간,금요일,차대사람,횡단중,운전자법규위반,안전운전 의무 불이행,단일로,기타단일로,승용차,중형,보행자,보행자,1,0,2,0,1,37.39378715,126.9419169
수원시,2013   ,2013-12-26 23시,야간,목요일,차대사람,기타,운전자법규위반,안전운전 의무 불이행,단일로,기타단일로,승용차,대형,보행자,보행자,1,0,1,0,0,37.27948713,127.01659133
화성시,2013   ,2013-12-26 20시,야간,목요일,차대사람,횡단중,운전자법규위반,안전운전 의무 불이행,단일로,기타단일로,화물차,경형,보행자,보행자,1,0,1,0,0,37.07971407,126.93811837
화성시,2013   ,2013-12-26 17시,주간,목요일,차대사람,횡단중,운전자법규위반,안전운전 의무 불이행,교차로,교차로내,화물차,소형,보행자,보행자,1,0,1,0,0,37.14225048,126.90234532
평택시,2013   ,2013-12-26 04시,야간,목요일,차량단독,공작물충돌,운전자법규위반,안전운전 의무 불이행,단일로,기타단일로,승용차,중형,없음,없음,1,0,1,0,0,37.02446144,127.08356462
화성시,2013   ,2013-12-25 21시,야간,수요일,차대사람,횡단중,운전자법규위반,안전운전 의무 불이행,교차로,교차로부근,승용차,중형,보행자,보행자,1,0,1,0,0,37.20331133,126.80025292
수원시,2013   ,2013-12-24 22시,야간,화요일,차대사람,횡단중,운전자법규위반,안전운전 의무 불이행,단일로,기타단일로,승용차,중형,보행자,보행자,1,0,1,0,0,37.26250306,127.01392117
화성시,2013   ,2013-12-24 09시,주간,화요일,차대사람,차도통행중,운전자법규위반,안전운전 의무 불이행,단일로,기타단일로,승용차,소형,보행자,보행자,1,0,1,0,0,37.194898,127.06986403
평택시,2013   ,2013-12-24 08시,주간,화요일,차대차,기타,운전자법규위반,중앙선 침범,단일로,기타단일로,승용차,중형,승용차,중형,1,1,3,0,1,37.00730097,127.04643745
성남시,2013   ,2013-12-24 05시,야간,화요일,차대사람,기타,운전자법규위반,안전운전 의무 불이행,교차로,교차로부근,화물차,소형,보행자,보행자,1,0,1,0,0,37.44384609,127.14994041
성남시,2013   ,2013-12-23 22시,야간,월요일,차대사람,차도통행중,운전자법규위반,안전운전 의무 불이행,교차로,교차로부근,승합차,대형,보행자,보행자,1,0,1,0,0,37.42959624,127.12951475
고양시,2013   ,2013-12-23 18시,야간,월요일,차대사람,기타,운전자법규위반,보행자 보호의무 위반,단일로,기타단일로,승용차,중형,보행자,보행자,1,0,1,0,0,37.63303264,126.83404004
김포시,2013   ,2013-12-22 23시,야간,일요일,차량단독,공작물충돌,운전자법규위반,안전운전 의무 불이행,단일로,기타단일로,승용차,경형,없음,없음,1,0,1,0,0,37.59798916,126.77714519
안산시,2013   ,2013-12-22 20시,야간,일요일,차대사람,차도통행중,운전자법규위반,안전운전 의무 불이행,교차로,교차로부근,승용차,중형,보행자,보행자,1,0,1,0,0,37.30928598,126.85227592
고양시,2013   ,2013-12-22 05시,야간,일요일,차대사람,횡단중,운전자법규위반,보행자 보호의무 위반,교차로,교차로부근,화물차,소형,보행자,보행자,1,0,1,0,0,37.64818997,126.781307
광주시,2013   ,2013-12-21 23시,야간,토요일,차량단독,공작물충돌,운전자법규위반,안전운전 의무 불이행,단일로,기타단일로,승용차,중형,없음,없음,1,0,2,1,0,37.47344329,127.24744814
화성시,2013   ,2013-12-20 20시,야간,금요일,차대사람,기타,운전자법규위반,안전운전 의무 불이행,교차로,교차로부근,승용차,중형,보행자,보행자,1,0,1,0,0,37.21695842,127.05844528
화성시,2013   ,2013-12-20 10시,주간,금요일,차대사람,기타,운전자법규위반,안전운전 의무 불이행,교차로,교차로내,건설기계,건설기계,보행자,보행자,1,0,1,0,0,37.20569076,126.80446579
안양시,2013   ,2013-12-19 17시,주간,목요일,차대사람,기타,운전자법규위반,안전운전 의무 불이행,단일로,기타단일로,승합차,중형,보행자,보행자,1,0,1,0,0,37.39949425,126.91974138
고양시,2013   ,2013-12-19 06시,주간,목요일,차대사람,차도통행중,운전자법규위반,안전운전 의무 불이행,단일로,기타단일로,승용차,중형,보행자,보행자,1,0,1,0,0,37.68416271,126.74820676
남양주시,2013   ,2013-12-19 00시,야간,목요일,차대차,주정차중 추돌,운전자법규위반,안전운전 의무 불이행,단일로,기타단일로,승용차,중형,화물차,대형,1,1,2,0,0,37.59550653,127.21250875
용인시,2013   ,2013-12-18 15시,주간,수요일,차대차,측면충돌,운전자법규위반,신호위반,교차로,교차로부근,원동기장치자전거,원동기장치자전거,화물차,중형,1,0,1,0,0,37.30035864,127.23447657
부천시,2013   ,2013-12-18 09시,주간,수요일,차대차,진행중 추돌,운전자법규위반,안전거리 미확보,단일로,기타단일로,승용차,대형,승용차,소형,1,0,3,0,2,37.53209185,126.78324878
시흥시,2013   ,2013-12-18 07시,주간,수요일,차대사람,기타,운전자법규위반,안전운전 의무 불이행,단일로,횡단보도부근,승용차,중형,보행자,보행자,1,0,2,0,1,37.34157593,126.74478276
성남시,2013   ,2013-12-17 21시,야간,화요일,차대사람,기타,운전자법규위반,안전운전 의무 불이행,교차로,교차로내,승용차,중형,보행자,보행자,1,0,1,0,0,37.36384678,127.10448378
동두천시,2013   ,2013-12-17 18시,야간,화요일,차대사람,횡단중,운전자법규위반,안전운전 의무 불이행,단일로,기타단일로,승합차,소형,보행자,보행자,1,0,1,0,0,37.91022332,127.01947857
평택시,2013   ,2013-12-17 09시,주간,화요일,차대사람,횡단중,운전자법규위반,안전운전 의무 불이행,교차로,교차로부근,화물차,대형,보행자,보행자,1,0,1,0,0,37.04026347,126.93340531
안산시,2013   ,2013-12-17 08시,주간,화요일,차대차,측면충돌,운전자법규위반,중앙선 침범,단일로,기타단일로,승용차,중형,승용차,중형,1,0,2,0,1,37.29159546,126.8920388
수원시,2013   ,2013-12-15 20시,야간,일요일,차대사람,기타,운전자법규위반,안전운전 의무 불이행,단일로,기타단일로,승합차,대형,보행자,보행자,1,0,1,0,0,37.26698723,127.0019529
고양시,2013   ,2013-12-15 06시,주간,일요일,차량단독,공작물충돌,운전자법규위반,안전운전 의무 불이행,단일로,기타단일로,승용차,대형,없음,없음,1,0,1,0,0,37.66838097,126.8498821
안산시,2013   ,2013-12-14 23시,야간,토요일,차량단독,전도전복,운전자법규위반,안전운전 의무 불이행,단일로,기타단일로,승용차,중형,없음,없음,1,2,4,0,1,37.30924687,126.85203093
의정부시,2013   ,2013-12-14 22시,야간,토요일,차대차,측면충돌,운전자법규위반,안전운전 의무 불이행,교차로,교차로부근,승용차,소형,승용차,중형,1,3,4,0,0,37.74361877,127.04975087
부천시,2013   ,2013-12-14 19시,야간,토요일,차대사람,기타,운전자법규위반,안전운전 의무 불이행,교차로,교차로부근,승합차,대형,보행자,보행자,1,0,1,0,0,37.5090469,126.74177486
평택시,2013   ,2013-12-13 12시,주간,금요일,차대사람,기타,운전자법규위반,부당한 회전,단일로,기타단일로,화물차,소형,보행자,보행자,1,0,1,0,0,36.965593,127.06223789
남양주시,2013   ,2013-12-12 19시,야간,목요일,차량단독,공작물충돌,운전자법규위반,안전운전 의무 불이행,단일로,기타단일로,승용차,소형,없음,없음,1,0,1,0,0,37.65132318,127.1226186
안양시,2013   ,2013-12-12 19시,야간,목요일,차대차,정면충돌,운전자법규위반,중앙선 침범,단일로,기타단일로,승용차,경형,승합차,중형,1,0,2,1,0,37.39066536,126.90973262
부천시,2013   ,2013-12-12 09시,주간,목요일,차량단독,기타,운전자법규위반,안전운전 의무 불이행,단일로,기타단일로,이륜차,소형,없음,없음,1,0,1,0,0,37.48285914,126.78603805
수원시,2013   ,2013-12-12 06시,주간,목요일,차대사람,기타,운전자법규위반,신호위반,교차로,교차로내,화물차,중형,보행자,보행자,1,0,1,0,0,37.28274011,126.97858648
군포시,2013   ,2013-12-12 02시,야간,목요일,차대차,진행중 추돌,운전자법규위반,안전운전 의무 불이행,단일로,기타단일로,승합차,소형,건설기계,건설기계,1,0,1,0,0,37.32324629,126.91231455
양주시,2013   ,2013-12-11 03시,야간,수요일,차량단독,공작물충돌,운전자법규위반,안전운전 의무 불이행,단일로,기타단일로,승용차,중형,없음,없음,1,0,1,0,0,37.80740934,127.046183
화성시,2013   ,2013-12-10 08시,주간,화요일,차대차,측면충돌,운전자법규위반,안전운전 의무 불이행,교차로,교차로부근,화물차,소형,화물차,소형,1,0,3,0,2,37.09171402,126.94429735
고양시,2013   ,2013-12-09 18시,야간,월요일,차대차,주정차중 추돌,운전자법규위반,안전운전 의무 불이행,교차로,교차로부근,화물차,소형,화물차,소형,1,0,4,0,3,37.62396556,126.89827802
용인시,2013   ,2013-12-09 16시,주간,월요일,차대사람,기타,운전자법규위반,안전운전 의무 불이행,단일로,기타단일로,화물차,대형,보행자,보행자,1,0,1,0,0,37.24833258,127.32266631
남양주시,2013   ,2013-12-08 18시,야간,일요일,차량단독,공작물충돌,운전자법규위반,안전운전 의무 불이행,기타/불명,기타/불명,승용차,중형,없음,없음,1,0,1,0,0,37.73684883,127.19507845
이천시,2013   ,2013-12-08 08시,주간,일요일,차대차,정면충돌,운전자법규위반,안전운전 의무 불이행,교차로,교차로내,승용차,소형,화물차,대형,1,0,2,0,1,37.25521128,127.39615025
가평군,2013   ,2013-12-07 23시,야간,토요일,차량단독,공작물충돌,운전자법규위반,안전운전 의무 불이행,단일로,기타단일로,화물차,소형,없음,없음,1,1,2,0,0,37.70135982,127.45612133
고양시,2013   ,2013-12-07 06시,주간,토요일,차대사람,횡단중,운전자법규위반,안전운전 의무 불이행,단일로,기타단일로,화물차,소형,보행자,보행자,1,0,1,0,0,37.62318405,126.8079285
여주시,2013   ,2013-12-06 19시,야간,금요일,차량단독,기타,운전자법규위반,안전운전 의무 불이행,단일로,기타단일로,화물차,소형,없음,없음,1,0,1,0,0,37.27531532,127.74144342
광명시,2013   ,2013-12-06 11시,주간,금요일,차대차,진행중 추돌,운전자법규위반,안전운전 의무 불이행,단일로,기타단일로,화물차,소형,자전거,자전거,1,0,1,0,0,37.442091,126.84520927
광주시,2013   ,2013-12-06 09시,주간,금요일,차대차,측면충돌,운전자법규위반,안전운전 의무 불이행,기타/불명,기타/불명,승합차,소형,화물차,중형,1,0,1,0,0,37.3486028,127.36247893
남양주시,2013   ,2013-12-04 13시,주간,수요일,차량단독,기타,운전자법규위반,안전운전 의무 불이행,단일로,기타단일로,이륜차,사발이,없음,없음,1,0,1,0,0,37.63743934,127.2247696
평택시,2013   ,2013-12-03 22시,야간,화요일,차대차,주정차중 추돌,운전자법규위반,안전운전 의무 불이행,단일로,기타단일로,특수차,대형,화물차,소형,1,0,1,0,0,37.02665575,126.97950054
양주시,2013   ,2013-12-03 18시,야간,화요일,차대사람,기타,운전자법규위반,안전운전 의무 불이행,교차로,교차로내,승용차,중형,보행자,보행자,1,0,1,0,0,37.83394451,126.97678987
광주시,2013   ,2013-12-03 15시,주간,화요일,차대차,측면충돌,운전자법규위반,중앙선 침범,단일로,기타단일로,화물차,소형,건설기계,건설기계,1,0,2,0,1,37.45446312,127.30613671
남양주시,2013   ,2013-12-03 08시,주간,화요일,차량단독,전도전복,운전자법규위반,안전운전 의무 불이행,단일로,기타단일로,승합차,소형,없음,없음,1,0,1,0,0,37.63290742,127.35118979
평택시,2013   ,2013-12-03 05시,야간,화요일,차대차,진행중 추돌,운전자법규위반,안전운전 의무 불이행,교차로,교차로부근,승용차,대형,화물차,소형,1,0,21,0,20,36.99676436,126.95344028
부천시,2013   ,2013-12-02 18시,야간,월요일,차대사람,횡단중,운전자법규위반,안전운전 의무 불이행,단일로,횡단보도상,승합차,대형,보행자,보행자,1,0,1,0,0,37.51797521,126.76249456
평택시,2013   ,2013-12-02 11시,주간,월요일,차대차,측면충돌,운전자법규위반,직진 및 우회전차의 통행방해,교차로,교차로내,이륜차,소형,화물차,소형,1,0,1,0,0,37.06680352,127.06158944
안양시,2013   ,2013-12-02 10시,주간,월요일,차대차,측면충돌,운전자법규위반,안전거리 미확보,단일로,횡단보도부근,화물차,소형,이륜차,대형,1,0,1,0,0,37.40249776,126.97614379
평택시,2013   ,2013-12-02 06시,주간,월요일,차대사람,차도통행중,운전자법규위반,안전운전 의무 불이행,단일로,기타단일로,화물차,소형,보행자,보행자,1,0,1,0,0,37.06765108,127.06409306
포천시,2013   ,2013-12-01 20시,야간,일요일,차대차,정면충돌,운전자법규위반,중앙선 침범,단일로,기타단일로,화물차,중형,원동기장치자전거,원동기장치자전거,1,0,1,0,0,37.96714049,127.25073329
안성시,2013   ,2013-12-01 18시,야간,일요일,차대사람,횡단중,운전자법규위반,안전운전 의무 불이행,단일로,기타단일로,승용차,중형,보행자,보행자,1,0,1,0,0,37.01328626,127.30505984
남양주시,2013   ,2013-12-01 05시,야간,일요일,차대차,진행중 추돌,운전자법규위반,안전거리 미확보,단일로,기타단일로,화물차,소형,승합차,대형,1,0,1,0,0,37.65352174,127.27244914
양주시,2013   ,2013-12-01 04시,야간,일요일,차량단독,전도전복,운전자법규위반,안전운전 의무 불이행,단일로,기타단일로,승용차,대형,없음,없음,1,0,1,0,0,37.80605337,126.92549235
안성시,2013   ,2013-12-01 03시,야간,일요일,차량단독,공작물충돌,운전자법규위반,안전운전 의무 불이행,단일로,기타단일로,승용차,중형,없음,없음,1,0,1,0,0,37.00006918,127.23435556
시흥시,2013   ,2013-11-30 13시,주간,토요일,차대사람,횡단중,운전자법규위반,신호위반,교차로,교차로내,승합차,대형,보행자,보행자,1,0,1,0,0,37.35335004,126.73391561
군포시,2013   ,2013-11-30 10시,주간,토요일,차대사람,횡단중,운전자법규위반,보행자 보호의무 위반,단일로,횡단보도상,승합차,대형,보행자,보행자,1,0,1,0,0,37.35066966,126.94474281
시흥시,2013   ,2013-11-30 08시,주간,토요일,차대차,측면충돌,운전자법규위반,신호위반,교차로,교차로내,화물차,중형,자전거,자전거,1,0,1,0,0,37.45111169,126.81156338
남양주시,2013   ,2013-11-29 23시,야간,금요일,차대차,측면충돌,운전자법규위반,교차로 통행방법 위반,교차로,교차로내,원동기장치자전거,원동기장치자전거,승용차,경형,1,0,1,0,0,37.70912897,127.11719085
화성시,2013   ,2013-11-29 08시,주간,금요일,차량단독,도로이탈 추락,운전자법규위반,안전운전 의무 불이행,단일로,기타단일로,승용차,중형,없음,없음,1,0,1,0,0,37.08582214,126.81563499
시흥시,2013   ,2013-11-29 04시,야간,금요일,차량단독,전도전복,운전자법규위반,안전운전 의무 불이행,단일로,기타단일로,이륜차,소형,없음,없음,1,0,1,0,0,37.41881393,126.79439904
안산시,2013   ,2013-11-28 08시,주간,목요일,차대사람,횡단중,운전자법규위반,신호위반,교차로,교차로내,승용차,대형,보행자,보행자,1,0,1,0,0,37.30411926,126.80738787
성남시,2013   ,2013-11-27 23시,야간,수요일,차대차,주정차중 추돌,운전자법규위반,안전운전 의무 불이행,교차로,교차로부근,화물차,소형,승합차,대형,1,0,1,0,0,37.3722863,127.14706565
과천시,2013   ,2013-11-27 23시,야간,수요일,차대사람,횡단중,운전자법규위반,안전운전 의무 불이행,교차로,교차로부근,승용차,중형,보행자,보행자,1,0,1,0,0,37.41886673,126.98809773
시흥시,2013   ,2013-11-27 18시,야간,수요일,차대사람,횡단중,운전자법규위반,안전운전 의무 불이행,단일로,기타단일로,화물차,소형,보행자,보행자,1,0,1,0,0,37.42339467,126.83674888
화성시,2013   ,2013-11-27 14시,주간,수요일,차대사람,기타,운전자법규위반,안전운전 의무 불이행,단일로,기타단일로,승합차,대형,보행자,보행자,1,0,1,0,0,37.1358901,126.91179776
부천시,2013   ,2013-11-26 09시,주간,화요일,차대사람,횡단중,운전자법규위반,보행자 보호의무 위반,단일로,횡단보도상,승합차,대형,보행자,보행자,1,0,1,0,0,37.52849948,126.82051797
의정부시,2013   ,2013-11-26 03시,야간,화요일,차대차,기타,운전자법규위반,안전운전 의무 불이행,단일로,기타단일로,승용차,중형,승합차,경형,1,0,1,0,0,37.69267604,127.04511371
용인시,2013   ,2013-11-26 00시,야간,화요일,차대차,주정차중 추돌,운전자법규위반,안전운전 의무 불이행,단일로,기타단일로,승용차,중형,건설기계,건설기계,1,0,1,0,0,37.32339805,127.07651433
안양시,2013   ,2013-11-25 23시,야간,월요일,차대사람,횡단중,운전자법규위반,안전운전 의무 불이행,단일로,기타단일로,승용차,중형,보행자,보행자,1,0,1,0,0,37.38299412,126.95227015
성남시,2013   ,2013-11-25 08시,주간,월요일,차대사람,횡단중,운전자법규위반,안전운전 의무 불이행,단일로,기타단일로,승합차,대형,보행자,보행자,1,1,2,0,0,37.44190786,127.13494813
남양주시,2013   ,2013-11-25 05시,야간,월요일,차대차,측면충돌,운전자법규위반,기타(운전자법규위반),교차로,교차로내,자전거,자전거,승용차,대형,1,0,2,0,1,37.71000287,127.18397048
안양시,2013   ,2013-11-25 01시,야간,월요일,차대사람,기타,운전자법규위반,안전운전 의무 불이행,단일로,기타단일로,승용차,대형,보행자,보행자,1,0,1,0,0,37.41610815,126.91096819
용인시,2013   ,2013-11-24 23시,야간,일요일,차대사람,기타,운전자법규위반,교차로 통행방법 위반,교차로,교차로내,승용차,중형,보행자,보행자,1,1,2,0,0,37.26880934,127.08219692
수원시,2013   ,2013-11-23 20시,야간,토요일,차대사람,횡단중,운전자법규위반,안전운전 의무 불이행,단일로,기타단일로,승용차,중형,보행자,보행자,1,0,1,0,0,37.24756328,127.02864592
수원시,2013   ,2013-11-23 17시,주간,토요일,차대차,정면충돌,운전자법규위반,신호위반,교차로,교차로내,승용차,중형,이륜차,중형,1,0,1,0,0,37.2704934,126.99508349
양평군,2013   ,2013-11-23 08시,주간,토요일,차량단독,도로이탈 추락,운전자법규위반,안전운전 의무 불이행,단일로,기타단일로,화물차,경형,없음,없음,1,0,2,0,1,37.55689253,127.71061327
성남시,2013   ,2013-11-23 03시,야간,토요일,차대차,주정차중 추돌,운전자법규위반,안전운전 의무 불이행,단일로,기타단일로,승용차,대형,건설기계,건설기계,1,0,2,0,1,37.40087444,127.11973611
시흥시,2013   ,2013-11-23 01시,야간,토요일,차대차,기타,운전자법규위반,안전운전 의무 불이행,단일로,기타단일로,불명,불명,승용차,중형,1,1,2,0,0,37.37082256,126.86283327
과천시,2013   ,2013-11-22 06시,주간,금요일,차대차,기타,운전자법규위반,안전운전 의무 불이행,단일로,기타단일로,특수차,소형,승용차,중형,2,0,5,0,3,37.44929504,126.99859867
성남시,2013   ,2013-11-22 03시,야간,금요일,차량단독,기타,운전자법규위반,안전운전 의무 불이행,단일로,기타단일로,이륜차,소형,없음,없음,1,0,1,0,0,37.38813183,127.10203434
고양시,2013   ,2013-11-21 09시,주간,목요일,차대차,진행중 추돌,운전자법규위반,안전거리 미확보,단일로,기타단일로,승용차,중형,승용차,중형,1,1,3,0,1,37.69503881,126.70785272
시흥시,2013   ,2013-11-21 06시,주간,목요일,차대차,측면충돌,운전자법규위반,안전운전 의무 불이행,단일로,기타단일로,화물차,중형,화물차,대형,1,1,2,0,0,37.36572422,126.86783858
이천시,2013   ,2013-11-20 23시,야간,수요일,차대차,진행중 추돌,운전자법규위반,차로위반(진로변경 위반),단일로,기타단일로,승용차,경형,이륜차,소형,2,0,2,0,0,37.26396144,127.46950327
용인시,2013   ,2013-11-19 17시,주간,화요일,차대차,측면충돌,운전자법규위반,안전운전 의무 불이행,단일로,기타단일로,이륜차,중형,화물차,소형,1,0,1,0,0,37.16200829,127.20657881
이천시,2013   ,2013-11-19 06시,주간,화요일,차대차,측면충돌,운전자법규위반,교차로 통행방법 위반,교차로,교차로내,화물차,대형,화물차,중형,1,0,2,0,1,37.16794585,127.57462266
고양시,2013   ,2013-11-18 09시,주간,월요일,차대사람,횡단중,운전자법규위반,보행자 보호의무 위반,교차로,교차로내,승합차,대형,보행자,보행자,1,0,1,0,0,37.61535929,126.83595396
파주시,2013   ,2013-11-14 19시,야간,목요일,차대사람,횡단중,운전자법규위반,안전운전 의무 불이행,단일로,기타단일로,승용차,중형,보행자,보행자,1,1,2,0,0,37.84298501,126.86172956
성남시,2013   ,2013-11-14 07시,주간,목요일,차대사람,횡단중,운전자법규위반,신호위반,단일로,횡단보도상,승용차,중형,보행자,보행자,1,0,1,0,0,37.44257536,127.15926147
양평군,2013   ,2013-11-14 00시,야간,목요일,차대사람,기타,운전자법규위반,안전운전 의무 불이행,단일로,기타단일로,승용차,중형,보행자,보행자,1,0,1,0,0,37.49102822,127.49200232
시흥시,2013   ,2013-11-13 23시,야간,수요일,차대사람,기타,운전자법규위반,안전운전 의무 불이행,단일로,기타단일로,승용차,중형,보행자,보행자,1,0,1,0,0,37.41982551,126.81622346