시군명,발생년도,발생일자,주야구분명,사고요일,사고유형_대분류,사고유형,법규위반대분류명,법규위반내용,도로형태_대분류,도로형태,가해자 당사자 종별,당사자1_차종,피해자 당사자 종별,당사자2_차종,사망자수,중상자수,부상자수,부상신고자수,경상자수,WGS84위도,WGS84경도
포천시,2013   ,2013-11-13 19시,야간,수요일,차대차,기타,운전자법규위반,안전운전 의무 불이행,단일로,기타단일로,승용차,중형,화물차,중형,1,0,1,0,0,38.09711645,127.27623551
여주시,2013   ,2013-11-13 16시,주간,수요일,차대차,정면충돌,운전자법규위반,중앙선 침범,단일로,기타단일로,화물차,소형,화물차,대형,1,0,1,0,0,37.26772921,127.60233113
고양시,2013   ,2013-11-13 14시,주간,수요일,차대사람,기타,운전자법규위반,안전운전 의무 불이행,단일로,기타단일로,승합차,대형,보행자,보행자,1,0,1,0,0,37.65288691,126.77697747
의왕시,2013   ,2013-11-13 12시,주간,수요일,차대사람,횡단중,운전자법규위반,안전운전 의무 불이행,교차로,교차로부근,화물차,소형,보행자,보행자,1,0,1,0,0,37.38963091,126.97721616
고양시,2013   ,2013-11-12 23시,야간,화요일,차량단독,공작물충돌,운전자법규위반,안전운전 의무 불이행,단일로,기타단일로,승용차,소형,없음,없음,1,1,2,0,0,37.59078456,126.83839247
양주시,2013   ,2013-11-12 22시,야간,화요일,차대사람,횡단중,운전자법규위반,신호위반,단일로,횡단보도부근,승용차,중형,보행자,보행자,1,0,1,0,0,37.78041086,127.04973867
양평군,2013   ,2013-11-11 08시,주간,월요일,차대차,정면충돌,운전자법규위반,안전운전 의무 불이행,단일로,기타단일로,건설기계,건설기계,이륜차,소형,1,1,2,0,0,37.63957663,127.4137889
구리시,2013   ,2013-11-11 06시,주간,월요일,차대사람,횡단중,운전자법규위반,안전운전 의무 불이행,단일로,기타단일로,승용차,중형,보행자,보행자,1,0,1,0,0,37.59349618,127.1313204
평택시,2013   ,2013-11-10 23시,야간,일요일,차량단독,도로이탈 추락,운전자법규위반,안전운전 의무 불이행,단일로,기타단일로,화물차,소형,없음,없음,1,2,3,0,0,37.04670303,126.89396378
고양시,2013   ,2013-11-10 10시,주간,일요일,차대사람,횡단중,운전자법규위반,보행자 보호의무 위반,교차로,교차로내,승용차,대형,보행자,보행자,1,0,1,0,0,37.68619679,126.77071039
가평군,2013   ,2013-11-10 10시,주간,일요일,차대차,정면충돌,운전자법규위반,중앙선 침범,단일로,기타단일로,승용차,소형,승용차,대형,1,4,5,0,0,37.87632642,127.5384333
이천시,2013   ,2013-11-10 04시,야간,일요일,차량단독,공작물충돌,운전자법규위반,안전운전 의무 불이행,교차로,교차로부근,승용차,소형,없음,없음,1,0,1,0,0,37.28193929,127.46858307
화성시,2013   ,2013-11-09 08시,주간,토요일,차대차,주정차중 추돌,운전자법규위반,안전운전 의무 불이행,단일로,기타단일로,승용차,소형,승용차,중형,1,1,2,0,0,37.22760421,126.85883353
이천시,2013   ,2013-11-07 19시,야간,목요일,차대사람,길가장자리구역통행중,운전자법규위반,안전운전 의무 불이행,단일로,기타단일로,승용차,소형,보행자,보행자,1,0,1,0,0,37.28005302,127.4393674
성남시,2013   ,2013-11-07 03시,야간,목요일,차대차,주정차중 추돌,운전자법규위반,안전운전 의무 불이행,단일로,기타단일로,화물차,소형,화물차,중형,2,0,2,0,0,37.38322529,127.10322035
김포시,2013   ,2013-11-05 17시,주간,화요일,차대차,정면충돌,운전자법규위반,중앙선 침범,단일로,기타단일로,화물차,소형,화물차,중형,1,0,2,0,1,37.71957273,126.64840819
용인시,2013   ,2013-11-04 18시,야간,월요일,차대차,주정차중 추돌,운전자법규위반,안전운전 의무 불이행,단일로,기타단일로,화물차,대형,화물차,대형,1,0,2,0,1,37.23376171,127.29237455
포천시,2013   ,2013-11-04 08시,주간,월요일,차량단독,공작물충돌,운전자법규위반,안전운전 의무 불이행,단일로,기타단일로,승용차,중형,없음,없음,1,0,1,0,0,38.11403713,127.25123562
광주시,2013   ,2013-11-04 07시,주간,월요일,차대차,측면충돌,운전자법규위반,신호위반,교차로,교차로내,승합차,중형,자전거,자전거,1,0,1,0,0,37.38538665,127.28920249
여주시,2013   ,2013-11-04 05시,야간,월요일,차대차,기타,운전자법규위반,안전거리 미확보,단일로,기타단일로,화물차,중형,화물차,대형,1,0,1,0,0,37.27795146,127.56310127
안양시,2013   ,2013-11-04 00시,야간,월요일,차대사람,기타,운전자법규위반,안전운전 의무 불이행,단일로,기타단일로,승용차,중형,보행자,보행자,1,0,1,0,0,37.42725596,126.90515056
시흥시,2013   ,2013-11-03 19시,야간,일요일,차대차,진행중 추돌,운전자법규위반,신호위반,교차로,교차로부근,승용차,중형,자전거,자전거,1,0,1,0,0,37.34502139,126.74372087
용인시,2013   ,2013-11-02 19시,야간,토요일,차대사람,기타,운전자법규위반,안전운전 의무 불이행,단일로,기타단일로,승용차,중형,보행자,보행자,1,0,1,0,0,37.30494054,127.23573557
수원시,2013   ,2013-11-02 14시,주간,토요일,차대사람,횡단중,운전자법규위반,보행자 보호의무 위반,교차로,교차로부근,승용차,중형,보행자,보행자,1,0,1,0,0,37.28900719,126.98693851
김포시,2013   ,2013-11-01 20시,야간,금요일,차대사람,횡단중,운전자법규위반,안전운전 의무 불이행,단일로,기타단일로,승용차,중형,보행자,보행자,1,0,1,0,0,37.64795119,126.5692431
포천시,2013   ,2013-11-01 10시,주간,금요일,차량단독,전도전복,운전자법규위반,안전운전 의무 불이행,단일로,기타단일로,화물차,중형,없음,없음,1,0,1,0,0,37.79479348,127.21333975
김포시,2013   ,2013-11-01 06시,주간,금요일,차대차,진행중 추돌,운전자법규위반,과속,단일로,기타단일로,승용차,중형,자전거,자전거,1,0,1,0,0,37.64521317,126.6321645
김포시,2013   ,2013-11-01 01시,야간,금요일,차대사람,기타,운전자법규위반,안전운전 의무 불이행,단일로,기타단일로,승용차,중형,보행자,보행자,1,0,1,0,0,37.63673735,126.58054682
부천시,2013   ,2013-11-01 01시,야간,금요일,차량단독,전도전복,운전자법규위반,안전운전 의무 불이행,단일로,기타단일로,승용차,소형,없음,없음,1,0,1,0,0,37.53235194,126.80260032
용인시,2013   ,2013-10-31 14시,주간,목요일,차대차,정면충돌,운전자법규위반,중앙선 침범,단일로,기타단일로,승용차,중형,승용차,중형,1,1,4,0,2,37.31144785,127.10315776
시흥시,2013   ,2013-10-30 13시,주간,수요일,차대사람,기타,운전자법규위반,신호위반,교차로,교차로내,화물차,소형,보행자,보행자,1,0,1,0,0,37.44427491,126.79702013
고양시,2013   ,2013-10-30 06시,주간,수요일,차대사람,횡단중,운전자법규위반,안전운전 의무 불이행,단일로,횡단보도부근,승합차,대형,보행자,보행자,1,0,1,0,0,37.64084914,126.7910688
양주시,2013   ,2013-10-30 01시,야간,수요일,차대사람,기타,운전자법규위반,안전운전 의무 불이행,교차로,교차로부근,화물차,소형,보행자,보행자,1,1,2,0,0,37.79849517,127.04613531
안산시,2013   ,2013-10-29 23시,야간,화요일,차량단독,공작물충돌,운전자법규위반,신호위반,교차로,교차로부근,이륜차,소형,없음,없음,1,0,1,0,0,37.3147808,126.84182357
시흥시,2013   ,2013-10-29 18시,야간,화요일,차량단독,기타,운전자법규위반,안전운전 의무 불이행,단일로,기타단일로,원동기장치자전거,원동기장치자전거,없음,없음,1,0,1,0,0,37.44551488,126.80092008
광주시,2013   ,2013-10-29 09시,주간,화요일,차대사람,횡단중,운전자법규위반,보행자 보호의무 위반,단일로,횡단보도상,화물차,대형,보행자,보행자,1,0,1,0,0,37.35599123,127.32600414
안산시,2013   ,2013-10-28 18시,야간,월요일,차대사람,횡단중,운전자법규위반,안전운전 의무 불이행,교차로,교차로부근,승용차,중형,보행자,보행자,1,0,1,0,0,37.29713484,126.78040703
양주시,2013   ,2013-10-28 17시,주간,월요일,차대차,정면충돌,운전자법규위반,중앙선 침범,단일로,기타단일로,화물차,소형,화물차,소형,2,0,4,0,2,37.83695547,127.07550473
수원시,2013   ,2013-10-28 08시,주간,월요일,차대사람,기타,운전자법규위반,보행자 보호의무 위반,단일로,횡단보도상,승용차,중형,보행자,보행자,1,0,1,0,0,37.26250306,127.01392117
안산시,2013   ,2013-10-28 04시,야간,월요일,차대차,주정차중 추돌,운전자법규위반,안전운전 의무 불이행,단일로,기타단일로,승용차,중형,화물차,대형,1,0,1,0,0,37.33600221,126.86211606
수원시,2013   ,2013-10-27 18시,야간,일요일,차대사람,횡단중,운전자법규위반,안전운전 의무 불이행,단일로,기타단일로,승용차,소형,보행자,보행자,1,0,1,0,0,37.27772701,127.028532
김포시,2013   ,2013-10-27 18시,야간,일요일,차량단독,전도전복,운전자법규위반,안전운전 의무 불이행,단일로,기타단일로,화물차,소형,없음,없음,1,0,1,0,0,37.69191743,126.54783551
포천시,2013   ,2013-10-27 13시,주간,일요일,차량단독,공작물충돌,운전자법규위반,안전운전 의무 불이행,단일로,기타단일로,원동기장치자전거,원동기장치자전거,없음,없음,1,0,1,0,0,37.76599139,127.22645112
안성시,2013   ,2013-10-27 07시,주간,일요일,차대사람,기타,운전자법규위반,안전운전 의무 불이행,단일로,기타단일로,승용차,중형,보행자,보행자,1,0,1,0,0,37.00146347,127.23708182
의정부시,2013   ,2013-10-26 18시,야간,토요일,차대사람,횡단중,운전자법규위반,안전운전 의무 불이행,교차로,교차로내,승용차,중형,보행자,보행자,1,0,1,0,0,37.71622635,127.04709149
파주시,2013   ,2013-10-26 18시,야간,토요일,차대사람,횡단중,운전자법규위반,과속,교차로,교차로부근,화물차,소형,보행자,보행자,1,0,1,0,0,37.87645659,126.78150538
용인시,2013   ,2013-10-26 16시,주간,토요일,차대차,측면충돌,운전자법규위반,중앙선 침범,단일로,기타단일로,승용차,경형,이륜차,소형,1,0,1,0,0,37.26933344,127.21545663
시흥시,2013   ,2013-10-26 03시,야간,토요일,차대사람,횡단중,운전자법규위반,안전운전 의무 불이행,교차로,교차로내,승용차,중형,보행자,보행자,1,0,1,0,0,37.34331508,126.74188647
광주시,2013   ,2013-10-25 21시,야간,금요일,차대사람,횡단중,운전자법규위반,안전운전 의무 불이행,교차로,교차로내,승용차,중형,보행자,보행자,1,0,1,0,0,37.37017423,127.30304231
양주시,2013   ,2013-10-25 18시,야간,금요일,차대사람,기타,운전자법규위반,안전운전 의무 불이행,단일로,기타단일로,승용차,대형,보행자,보행자,1,0,1,0,0,37.79322404,126.99135409
김포시,2013   ,2013-10-24 23시,야간,목요일,차대차,측면충돌,운전자법규위반,신호위반,교차로,교차로내,이륜차,중형,승용차,중형,1,1,2,0,0,37.61663527,126.72586287
양평군,2013   ,2013-10-24 18시,야간,목요일,차대차,진행중 추돌,운전자법규위반,안전운전 의무 불이행,단일로,기타단일로,화물차,대형,농기계,농기계,2,0,2,0,0,37.52430535,127.66747122
여주시,2013   ,2013-10-24 13시,주간,목요일,차량단독,공작물충돌,운전자법규위반,안전운전 의무 불이행,단일로,기타단일로,승용차,중형,없음,없음,1,4,5,0,0,37.20428882,127.61163265
이천시,2013   ,2013-10-24 12시,주간,목요일,차대사람,길가장자리구역통행중,운전자법규위반,안전운전 의무 불이행,단일로,기타단일로,화물차,중형,보행자,보행자,1,0,1,0,0,37.28747762,127.48998195
수원시,2013   ,2013-10-24 03시,야간,목요일,차대사람,횡단중,운전자법규위반,신호위반,교차로,교차로내,특수차,소형,보행자,보행자,1,0,1,0,0,37.24575581,127.05301176
이천시,2013   ,2013-10-23 20시,야간,수요일,차대사람,기타,운전자법규위반,안전운전 의무 불이행,교차로,교차로부근,승용차,중형,보행자,보행자,1,0,1,0,0,37.28522931,127.44394344
동두천시,2013   ,2013-10-23 16시,주간,수요일,차대차,기타,운전자법규위반,중앙선 침범,단일로,기타단일로,승용차,중형,승합차,대형,1,3,13,9,0,37.91969761,127.05664373
부천시,2013   ,2013-10-23 10시,주간,수요일,차대차,측면충돌,운전자법규위반,안전거리 미확보,단일로,기타단일로,자전거,자전거,승합차,대형,1,0,1,0,0,37.48135267,126.79528036
안산시,2013   ,2013-10-23 09시,주간,수요일,차대차,기타,운전자법규위반,안전운전 의무 불이행,교차로,교차로내,승용차,중형,자전거,자전거,1,0,1,0,0,37.32198124,126.81993125
화성시,2013   ,2013-10-23 04시,야간,수요일,차대차,진행중 추돌,운전자법규위반,안전운전 의무 불이행,단일로,기타단일로,승용차,중형,화물차,소형,1,1,3,0,1,37.15610151,127.08688789
고양시,2013   ,2013-10-23 01시,야간,수요일,차대사람,기타,운전자법규위반,안전운전 의무 불이행,단일로,기타단일로,승용차,중형,보행자,보행자,1,0,1,0,0,37.65662635,126.83190206
평택시,2013   ,2013-10-22 23시,야간,화요일,차대차,측면충돌,운전자법규위반,안전운전 의무 불이행,교차로,교차로내,승용차,중형,이륜차,소형,1,0,1,0,0,36.96360429,127.05348712
파주시,2013   ,2013-10-21 19시,야간,월요일,차대사람,기타,운전자법규위반,안전운전 의무 불이행,단일로,기타단일로,승용차,중형,보행자,보행자,1,0,1,0,0,37.76796829,126.7921164
안성시,2013   ,2013-10-20 22시,야간,일요일,차량단독,기타,운전자법규위반,안전운전 의무 불이행,단일로,기타단일로,이륜차,중형,없음,없음,1,0,1,0,0,37.11560255,127.25379683
성남시,2013   ,2013-10-20 01시,야간,일요일,차대사람,차도통행중,운전자법규위반,기타(운전자법규위반),단일로,기타단일로,승용차,중형,보행자,보행자,1,0,1,0,0,37.34787408,127.10892754
안성시,2013   ,2013-10-20 01시,야간,일요일,차량단독,공작물충돌,운전자법규위반,안전운전 의무 불이행,교차로,교차로내,승용차,중형,없음,없음,1,0,1,0,0,37.01380034,127.22999438
용인시,2013   ,2013-10-19 14시,주간,토요일,차량단독,기타,운전자법규위반,안전운전 의무 불이행,단일로,기타단일로,이륜차,중형,없음,없음,1,0,1,0,0,37.23368266,127.17668572
포천시,2013   ,2013-10-18 23시,야간,금요일,차대사람,횡단중,운전자법규위반,안전운전 의무 불이행,단일로,기타단일로,승용차,중형,보행자,보행자,1,0,1,0,0,37.82788405,127.1391116
여주시,2013   ,2013-10-18 19시,야간,금요일,차대사람,횡단중,운전자법규위반,안전운전 의무 불이행,단일로,기타단일로,화물차,소형,보행자,보행자,1,0,1,0,0,37.21592431,127.66678713
용인시,2013   ,2013-10-18 18시,야간,금요일,차대사람,횡단중,운전자법규위반,안전운전 의무 불이행,단일로,기타단일로,이륜차,소형,보행자,보행자,1,1,3,1,0,37.33161174,127.12289556
양평군,2013   ,2013-10-17 19시,야간,목요일,차대차,진행중 추돌,운전자법규위반,안전운전 의무 불이행,단일로,기타단일로,승용차,중형,농기계,농기계,1,1,2,0,0,37.51784139,127.6599416
포천시,2013   ,2013-10-17 18시,야간,목요일,차대사람,기타,운전자법규위반,안전운전 의무 불이행,단일로,기타단일로,원동기장치자전거,원동기장치자전거,보행자,보행자,1,0,1,0,0,37.96686391,127.19278295
용인시,2013   ,2013-10-16 21시,야간,수요일,차대차,주정차중 추돌,운전자법규위반,안전운전 의무 불이행,교차로,교차로내,이륜차,소형,특수차,대형,1,0,1,0,0,37.28725126,127.2339924
안산시,2013   ,2013-10-16 21시,야간,수요일,차대사람,횡단중,운전자법규위반,안전운전 의무 불이행,단일로,기타단일로,화물차,중형,보행자,보행자,1,0,1,0,0,37.30971845,126.86723575
가평군,2013   ,2013-10-15 19시,야간,화요일,차대사람,횡단중,운전자법규위반,안전운전 의무 불이행,교차로,교차로부근,승용차,경형,보행자,보행자,1,0,1,0,0,37.79268736,127.36673698
수원시,2013   ,2013-10-15 16시,주간,화요일,차대사람,기타,운전자법규위반,안전운전 의무 불이행,단일로,기타단일로,화물차,소형,보행자,보행자,1,0,1,0,0,37.26727422,126.94873929
이천시,2013   ,2013-10-15 08시,주간,화요일,차량단독,전도전복,운전자법규위반,안전운전 의무 불이행,단일로,기타단일로,농기계,농기계,없음,없음,1,0,1,0,0,37.33136129,127.46321192
오산시,2013   ,2013-10-15 07시,주간,화요일,차대차,주정차중 추돌,운전자법규위반,안전운전 의무 불이행,단일로,기타단일로,승합차,대형,화물차,대형,1,3,11,2,5,37.17944544,127.04273442
양주시,2013   ,2013-10-15 05시,야간,화요일,차대차,측면충돌,운전자법규위반,부당한 회전,단일로,기타단일로,승용차,중형,원동기장치자전거,원동기장치자전거,1,0,1,0,0,37.82055702,127.04788636
평택시,2013   ,2013-10-15 00시,야간,화요일,차대차,주정차중 추돌,운전자법규위반,안전운전 의무 불이행,단일로,기타단일로,승용차,중형,건설기계,건설기계,1,2,3,0,0,36.98594406,126.88291722
광주시,2013   ,2013-10-14 23시,야간,월요일,차량단독,도로이탈 추락,운전자법규위반,안전운전 의무 불이행,단일로,기타단일로,원동기장치자전거,원동기장치자전거,없음,없음,1,0,1,0,0,37.35789212,127.39357176
고양시,2013   ,2013-10-14 15시,주간,월요일,차대차,측면충돌,운전자법규위반,교차로 통행방법 위반,교차로,교차로내,원동기장치자전거,원동기장치자전거,승용차,중형,1,0,1,0,0,37.63531594,126.88264162
동두천시,2013   ,2013-10-14 11시,주간,월요일,차대사람,횡단중,운전자법규위반,안전운전 의무 불이행,단일로,횡단보도상,승용차,소형,보행자,보행자,1,0,1,0,0,37.90053805,127.05479091
용인시,2013   ,2013-10-13 19시,야간,일요일,차대사람,횡단중,운전자법규위반,안전운전 의무 불이행,기타/불명,기타/불명,승용차,중형,보행자,보행자,1,0,1,0,0,37.32903849,127.24150955
용인시,2013   ,2013-10-12 19시,야간,토요일,차대차,진행중 추돌,운전자법규위반,안전운전 의무 불이행,단일로,기타단일로,승합차,중형,승용차,중형,1,6,7,0,0,37.11945806,127.10758298
안성시,2013   ,2013-10-12 03시,야간,토요일,차대차,진행중 추돌,운전자법규위반,안전운전 의무 불이행,단일로,기타단일로,화물차,경형,화물차,경형,1,0,2,0,1,37.05703067,127.13578792
안산시,2013   ,2013-10-11 17시,주간,금요일,차대차,정면충돌,운전자법규위반,중앙선 침범,단일로,기타단일로,화물차,소형,승합차,소형,1,3,6,0,2,37.3465993,126.79790923
가평군,2013   ,2013-10-10 16시,주간,목요일,차량단독,공작물충돌,운전자법규위반,안전운전 의무 불이행,교차로,교차로내,승용차,중형,없음,없음,1,2,3,0,0,37.79674171,127.3653326
평택시,2013   ,2013-10-10 14시,주간,목요일,차대차,기타,운전자법규위반,안전운전 의무 불이행,단일로,기타단일로,이륜차,소형,승용차,중형,1,0,1,0,0,37.00725825,127.02269299
고양시,2013   ,2013-10-10 10시,주간,목요일,차대차,기타,운전자법규위반,신호위반,단일로,횡단보도상,이륜차,소형,자전거,자전거,1,1,2,0,0,37.64609933,126.77842529
시흥시,2013   ,2013-10-10 05시,야간,목요일,차대차,측면충돌,운전자법규위반,신호위반,교차로,교차로내,승용차,중형,승합차,대형,1,0,2,0,1,37.33971857,126.75607921
군포시,2013   ,2013-10-09 19시,야간,수요일,차대사람,횡단중,운전자법규위반,안전운전 의무 불이행,단일로,기타단일로,승용차,중형,보행자,보행자,1,0,1,0,0,37.36210342,126.94758337
동두천시,2013   ,2013-10-09 13시,주간,수요일,차대사람,횡단중,운전자법규위반,보행자 보호의무 위반,단일로,횡단보도상,건설기계,건설기계,보행자,보행자,1,0,1,0,0,37.89289034,127.05355179
안양시,2013   ,2013-10-09 07시,주간,수요일,차대사람,기타,운전자법규위반,안전운전 의무 불이행,단일로,기타단일로,승합차,소형,보행자,보행자,1,0,1,0,0,37.38136537,126.93603365
용인시,2013   ,2013-10-08 23시,야간,화요일,차대사람,횡단중,운전자법규위반,안전운전 의무 불이행,교차로,교차로내,승용차,소형,보행자,보행자,1,0,1,0,0,37.23294432,127.28391043
파주시,2013   ,2013-10-08 20시,야간,화요일,차대사람,횡단중,운전자법규위반,안전운전 의무 불이행,단일로,기타단일로,화물차,소형,보행자,보행자,1,0,1,0,0,37.72389159,126.73960134
김포시,2013   ,2013-10-08 13시,주간,화요일,차량단독,공작물충돌,운전자법규위반,안전운전 의무 불이행,단일로,기타단일로,승용차,중형,없음,없음,1,0,1,0,0,37.58508504,126.79579999
파주시,2013   ,2013-10-07 23시,야간,월요일,차대사람,차도통행중,운전자법규위반,안전운전 의무 불이행,단일로,교량위,화물차,중형,보행자,보행자,1,0,1,0,0,37.75872311,126.68765915
파주시,2013   ,2013-10-07 17시,주간,월요일,차대사람,횡단중,운전자법규위반,신호위반,단일로,횡단보도상,승용차,대형,보행자,보행자,1,1,5,0,3,37.86209657,126.77963261
파주시,2013   ,2013-10-07 05시,야간,월요일,차대차,진행중 추돌,운전자법규위반,안전운전 의무 불이행,단일로,기타단일로,승용차,중형,화물차,대형,1,3,4,0,0,37.72199316,126.68741369
김포시,2013   ,2013-10-06 16시,주간,일요일,차량단독,전도전복,운전자법규위반,안전운전 의무 불이행,단일로,기타단일로,이륜차,대형,없음,없음,1,0,1,0,0,37.62337603,126.73675091
고양시,2013   ,2013-10-05 19시,야간,토요일,차대차,기타,운전자법규위반,중앙선 침범,단일로,기타단일로,자전거,자전거,자전거,자전거,1,0,1,0,0,37.61907227,126.81226118
하남시,2013   ,2013-10-05 00시,야간,토요일,차대사람,횡단중,운전자법규위반,과속,교차로,교차로부근,승용차,중형,보행자,보행자,1,0,1,0,0,37.52238286,127.22137904
여주시,2013   ,2013-10-04 17시,주간,금요일,차량단독,기타,운전자법규위반,안전운전 의무 불이행,기타/불명,기타/불명,자전거,자전거,없음,없음,1,0,1,0,0,37.35254506,127.58657055
평택시,2013   ,2013-10-04 10시,주간,금요일,차대사람,기타,운전자법규위반,안전운전 의무 불이행,단일로,기타단일로,건설기계,건설기계,보행자,보행자,1,0,1,0,0,37.01399468,127.12657346
시흥시,2013   ,2013-10-03 20시,야간,목요일,차대사람,횡단중,운전자법규위반,안전운전 의무 불이행,단일로,기타단일로,승용차,경형,보행자,보행자,1,0,1,0,0,37.33729534,126.72719956
파주시,2013   ,2013-10-03 12시,주간,목요일,차대차,기타,운전자법규위반,중앙선 침범,단일로,기타단일로,원동기장치자전거,원동기장치자전거,화물차,소형,1,0,2,0,1,37.8554029,126.93170269
양평군,2013   ,2013-10-03 05시,야간,목요일,차대사람,횡단중,운전자법규위반,과속,단일로,기타단일로,승용차,대형,보행자,보행자,1,0,1,0,0,37.50358739,127.49459076
안산시,2013   ,2013-10-02 17시,주간,수요일,차대사람,기타,운전자법규위반,안전운전 의무 불이행,단일로,기타단일로,승용차,중형,보행자,보행자,1,1,2,0,0,37.3348664,126.79717938
용인시,2013   ,2013-10-01 22시,야간,화요일,차대사람,길가장자리구역통행중,운전자법규위반,안전운전 의무 불이행,단일로,기타단일로,승용차,중형,보행자,보행자,1,0,1,0,0,37.16774839,127.37918742
안성시,2013   ,2013-10-01 19시,야간,화요일,차대사람,기타,운전자법규위반,안전운전 의무 불이행,단일로,기타단일로,화물차,중형,보행자,보행자,1,0,1,0,0,36.99152503,127.26959299
이천시,2013   ,2013-10-01 17시,주간,화요일,차대차,측면충돌,운전자법규위반,신호위반,교차로,교차로내,자전거,자전거,승용차,대형,1,0,1,0,0,37.28092212,127.47446069
남양주시,2013   ,2013-10-01 15시,주간,화요일,차량단독,공작물충돌,운전자법규위반,안전운전 의무 불이행,단일로,기타단일로,승용차,경형,없음,없음,1,0,1,0,0,37.64209665,127.20144773
광주시,2013   ,2013-10-01 14시,주간,화요일,차대차,진행중 추돌,운전자법규위반,안전거리 미확보,단일로,기타단일로,화물차,대형,화물차,중형,1,0,3,0,2,37.41965201,127.30017572
동두천시,2013   ,2013-10-01 14시,주간,화요일,차대차,기타,운전자법규위반,중앙선 침범,교차로,교차로부근,화물차,소형,화물차,소형,1,1,3,0,1,37.97546714,127.06566776
평택시,2013   ,2013-10-01 05시,야간,화요일,차대사람,횡단중,운전자법규위반,신호위반,단일로,횡단보도상,승용차,중형,보행자,보행자,1,0,1,0,0,37.01472076,127.09245325
안성시,2013   ,2013-09-30 12시,주간,월요일,차대사람,횡단중,운전자법규위반,보행자 보호의무 위반,교차로,교차로부근,화물차,중형,보행자,보행자,1,0,1,0,0,37.00418478,127.26677862
부천시,2013   ,2013-09-30 09시,주간,월요일,차대차,측면충돌,운전자법규위반,안전운전 의무 불이행,교차로,교차로내,승용차,소형,이륜차,소형,1,0,1,0,0,37.51718686,126.80184753
과천시,2013   ,2013-09-29 11시,주간,일요일,차량단독,기타,운전자법규위반,안전운전 의무 불이행,단일로,기타단일로,승용차,대형,없음,없음,1,0,1,0,0,37.43300682,127.00274262
안양시,2013   ,2013-09-29 02시,야간,일요일,차대차,주정차중 추돌,운전자법규위반,안전운전 의무 불이행,단일로,터널안,승합차,중형,승용차,소형,1,2,3,0,0,37.37066695,126.89253066
군포시,2013   ,2013-09-29 01시,야간,일요일,차대사람,기타,운전자법규위반,안전운전 의무 불이행,기타/불명,기타/불명,승용차,대형,보행자,보행자,1,0,1,0,0,37.33323318,126.92648539
안성시,2013   ,2013-09-28 12시,주간,토요일,차대차,측면충돌,운전자법규위반,직진 및 우회전차의 통행방해,교차로,교차로내,승용차,중형,이륜차,중형,1,0,1,0,0,37.00412954,127.27081379
남양주시,2013   ,2013-09-28 12시,주간,토요일,차량단독,도로이탈 추락,운전자법규위반,안전운전 의무 불이행,단일로,기타단일로,승용차,소형,없음,없음,1,0,1,0,0,37.62598693,127.29268235
포천시,2013   ,2013-09-27 20시,야간,금요일,차대차,측면충돌,운전자법규위반,신호위반,교차로,교차로내,승용차,소형,승합차,대형,1,0,2,0,1,37.78047256,127.22652199
가평군,2013   ,2013-09-27 17시,주간,금요일,차량단독,공작물충돌,운전자법규위반,안전운전 의무 불이행,단일로,기타단일로,이륜차,대형,없음,없음,1,0,1,0,0,37.69609845,127.44102661
김포시,2013   ,2013-09-27 13시,주간,금요일,차대사람,횡단중,운전자법규위반,안전운전 의무 불이행,단일로,기타단일로,승용차,중형,보행자,보행자,1,0,1,0,0,37.64902989,126.70033862
이천시,2013   ,2013-09-26 19시,야간,목요일,차대사람,횡단중,운전자법규위반,안전운전 의무 불이행,단일로,기타단일로,승용차,중형,보행자,보행자,1,0,2,0,1,37.2200319,127.52700661
광주시,2013   ,2013-09-26 15시,주간,목요일,차대사람,횡단중,운전자법규위반,안전운전 의무 불이행,교차로,교차로내,화물차,소형,보행자,보행자,1,0,1,0,0,37.42028941,127.25605764
구리시,2013   ,2013-09-26 10시,주간,목요일,차대사람,기타,운전자법규위반,안전운전 의무 불이행,교차로,교차로부근,승용차,중형,보행자,보행자,1,0,1,0,0,37.60405901,127.13390797
광명시,2013   ,2013-09-26 00시,야간,목요일,차량단독,공작물충돌,운전자법규위반,안전운전 의무 불이행,교차로,교차로내,화물차,대형,없음,없음,1,0,1,0,0,37.45770589,126.87842689
김포시,2013   ,2013-09-25 21시,야간,수요일,차량단독,공작물충돌,운전자법규위반,안전운전 의무 불이행,교차로,교차로부근,이륜차,소형,없음,없음,1,0,1,0,0,37.6867875,126.60383586
부천시,2013   ,2013-09-25 19시,야간,수요일,차대사람,횡단중,운전자법규위반,보행자 보호의무 위반,교차로,교차로내,승용차,중형,보행자,보행자,1,0,1,0,0,37.52998874,126.79775568
양평군,2013   ,2013-09-24 11시,주간,화요일,차량단독,공작물충돌,운전자법규위반,안전운전 의무 불이행,단일로,기타단일로,승용차,중형,없음,없음,1,1,2,0,0,37.47312138,127.57523036
용인시,2013   ,2013-09-23 19시,야간,월요일,차대사람,횡단중,운전자법규위반,안전운전 의무 불이행,단일로,기타단일로,승용차,소형,보행자,보행자,1,0,1,0,0,37.30477784,127.23553303
포천시,2013   ,2013-09-23 18시,야간,월요일,차대차,정면충돌,운전자법규위반,중앙선 침범,단일로,기타단일로,원동기장치자전거,원동기장치자전거,승용차,중형,1,0,2,0,1,38.01648277,127.20809237
남양주시,2013   ,2013-09-23 14시,주간,월요일,차대사람,기타,운전자법규위반,안전운전 의무 불이행,교차로,교차로부근,승합차,대형,보행자,보행자,1,0,1,0,0,37.6575964,127.30282077
고양시,2013   ,2013-09-23 12시,주간,월요일,차대차,기타,운전자법규위반,안전운전 의무 불이행,단일로,기타단일로,화물차,중형,승용차,중형,1,0,1,0,0,37.64224095,126.80533743
여주시,2013   ,2013-09-23 05시,야간,월요일,차대사람,횡단중,운전자법규위반,중앙선 침범,교차로,교차로내,화물차,소형,보행자,보행자,1,0,1,0,0,37.33449069,127.58591767