시군명,발생년도,발생일자,주야구분명,사고요일,사고유형_대분류,사고유형,법규위반대분류명,법규위반내용,도로형태_대분류,도로형태,가해자 당사자 종별,당사자1_차종,피해자 당사자 종별,당사자2_차종,사망자수,중상자수,부상자수,부상신고자수,경상자수,WGS84위도,WGS84경도
여주시,2013   ,2013-09-23 05시,야간,월요일,차대차,정면충돌,운전자법규위반,신호위반,교차로,교차로내,화물차,소형,승용차,대형,1,3,4,0,0,37.28515607,127.61683521
포천시,2013   ,2013-09-22 21시,야간,일요일,차대사람,보도통행중,운전자법규위반,안전운전 의무 불이행,교차로,교차로내,승용차,소형,보행자,보행자,1,0,1,0,0,37.84979466,127.16337498
안산시,2013   ,2013-09-22 10시,주간,일요일,차대차,진행중 추돌,운전자법규위반,신호위반,교차로,교차로내,이륜차,중형,승용차,중형,1,0,2,0,1,37.31175569,126.72896626
오산시,2013   ,2013-09-21 22시,야간,토요일,차량단독,공작물충돌,운전자법규위반,안전운전 의무 불이행,단일로,기타단일로,이륜차,중형,없음,없음,1,0,1,0,0,37.15110521,127.07926758
화성시,2013   ,2013-09-21 15시,주간,토요일,차량단독,공작물충돌,운전자법규위반,안전운전 의무 불이행,단일로,기타단일로,승용차,중형,없음,없음,2,2,5,0,1,37.20935474,126.75941204
동두천시,2013   ,2013-09-19 09시,주간,목요일,차량단독,공작물충돌,운전자법규위반,안전운전 의무 불이행,단일로,기타단일로,승용차,경형,없음,없음,1,0,1,0,0,37.90818896,127.13571655
안양시,2013   ,2013-09-18 16시,주간,수요일,차대사람,횡단중,운전자법규위반,보행자 보호의무 위반,단일로,횡단보도상,승용차,중형,보행자,보행자,1,2,3,0,0,37.39959162,126.96127293
안양시,2013   ,2013-09-18 04시,야간,수요일,차대사람,횡단중,운전자법규위반,안전운전 의무 불이행,단일로,기타단일로,승용차,중형,보행자,보행자,1,0,1,0,0,37.36705532,126.95804989
용인시,2013   ,2013-09-17 17시,주간,화요일,차대차,정면충돌,운전자법규위반,신호위반,교차로,교차로내,승용차,중형,승합차,대형,1,0,2,0,1,37.17371094,127.34637269
여주시,2013   ,2013-09-17 08시,주간,화요일,차량단독,전도전복,운전자법규위반,안전운전 의무 불이행,단일로,기타단일로,원동기장치자전거,원동기장치자전거,없음,없음,1,0,1,0,0,37.29080362,127.58088128
시흥시,2013   ,2013-09-17 00시,야간,화요일,차대사람,기타,운전자법규위반,안전운전 의무 불이행,단일로,횡단보도상,승용차,중형,보행자,보행자,1,0,1,0,0,37.3534684,126.72647928
가평군,2013   ,2013-09-16 16시,주간,월요일,차량단독,전도전복,운전자법규위반,안전운전 의무 불이행,교차로,교차로부근,농기계,농기계,없음,없음,1,0,1,0,0,37.60145184,127.52286158
성남시,2013   ,2013-09-16 14시,주간,월요일,차대사람,횡단중,운전자법규위반,신호위반,교차로,교차로내,승용차,중형,보행자,보행자,1,0,1,0,0,37.39470853,127.12808228
성남시,2013   ,2013-09-16 12시,주간,월요일,차대차,기타,운전자법규위반,안전운전 의무 불이행,교차로,교차로부근,화물차,대형,이륜차,중형,1,0,1,0,0,37.46331271,127.14063769
시흥시,2013   ,2013-09-16 11시,주간,월요일,차대차,기타,운전자법규위반,과속,교차로,교차로부근,화물차,소형,자전거,자전거,1,0,1,0,0,37.35326965,126.73347269
수원시,2013   ,2013-09-16 03시,야간,월요일,차량단독,공작물충돌,운전자법규위반,안전운전 의무 불이행,단일로,기타단일로,이륜차,소형,없음,없음,1,0,1,0,0,37.26074274,127.0244024
양주시,2013   ,2013-09-16 01시,야간,월요일,차량단독,기타,운전자법규위반,안전운전 의무 불이행,교차로,교차로부근,승용차,중형,없음,없음,1,0,1,0,0,37.90996084,127.00614776
김포시,2013   ,2013-09-15 07시,주간,일요일,차량단독,공작물충돌,운전자법규위반,안전운전 의무 불이행,단일로,기타단일로,승용차,대형,없음,없음,1,0,1,0,0,37.62324917,126.7119694
성남시,2013   ,2013-09-15 07시,주간,일요일,차량단독,공작물충돌,운전자법규위반,안전운전 의무 불이행,교차로,교차로부근,승용차,중형,없음,없음,1,0,1,0,0,37.35984242,127.10424913
고양시,2013   ,2013-09-15 01시,야간,일요일,차대차,기타,운전자법규위반,안전운전 의무 불이행,단일로,횡단보도부근,원동기장치자전거,원동기장치자전거,승용차,중형,1,0,1,0,0,37.72017144,126.84834045
평택시,2013   ,2013-09-14 21시,야간,토요일,차대사람,기타,운전자법규위반,안전운전 의무 불이행,단일로,기타단일로,승용차,중형,보행자,보행자,1,0,1,0,0,37.10889618,127.06342684
양주시,2013   ,2013-09-14 20시,야간,토요일,차대사람,차도통행중,운전자법규위반,안전운전 의무 불이행,단일로,기타단일로,승용차,소형,보행자,보행자,1,0,1,0,0,37.84507068,126.96565227
가평군,2013   ,2013-09-14 19시,야간,토요일,차대사람,길가장자리구역통행중,운전자법규위반,안전운전 의무 불이행,단일로,기타단일로,승용차,중형,보행자,보행자,1,0,2,0,1,37.83505936,127.34545473
여주시,2013   ,2013-09-14 12시,주간,토요일,차량단독,공작물충돌,운전자법규위반,안전운전 의무 불이행,단일로,기타단일로,승용차,소형,없음,없음,1,0,1,0,0,37.17232534,127.67145611
김포시,2013   ,2013-09-13 17시,주간,금요일,차대사람,기타,운전자법규위반,안전운전 의무 불이행,단일로,기타단일로,화물차,소형,보행자,보행자,1,0,1,0,0,37.72127287,126.53014486
용인시,2013   ,2013-09-13 14시,주간,금요일,차대차,정면충돌,운전자법규위반,중앙선 침범,단일로,기타단일로,화물차,소형,화물차,중형,1,1,2,0,0,37.17085935,127.35834106
평택시,2013   ,2013-09-13 04시,야간,금요일,차대차,측면충돌,운전자법규위반,직진 및 우회전차의 통행방해,교차로,교차로내,승용차,중형,승용차,중형,1,0,2,0,1,36.99023057,127.0929885
용인시,2013   ,2013-09-12 22시,야간,목요일,차대사람,횡단중,운전자법규위반,안전운전 의무 불이행,교차로,교차로내,승합차,대형,보행자,보행자,1,0,1,0,0,37.23672862,127.1893229
의정부시,2013   ,2013-09-12 19시,야간,목요일,차대차,주정차중 추돌,운전자법규위반,안전운전 의무 불이행,단일로,기타단일로,승합차,대형,승용차,중형,2,3,25,16,4,37.70040047,127.04512323
양평군,2013   ,2013-09-12 18시,야간,목요일,차대사람,횡단중,운전자법규위반,안전운전 의무 불이행,단일로,기타단일로,승용차,소형,보행자,보행자,1,0,1,0,0,37.55163621,127.70630772
안산시,2013   ,2013-09-12 05시,야간,목요일,차대사람,횡단중,운전자법규위반,신호위반,단일로,기타단일로,승용차,대형,보행자,보행자,1,0,1,0,0,37.30789488,126.85590948
하남시,2013   ,2013-09-12 03시,야간,목요일,차대사람,기타,운전자법규위반,과속,단일로,기타단일로,특수차,소형,보행자,보행자,1,0,1,0,0,37.57813973,127.17842988
수원시,2013   ,2013-09-11 19시,야간,수요일,차대차,기타,운전자법규위반,신호위반,단일로,횡단보도상,이륜차,소형,승용차,경형,1,0,1,0,0,37.29232185,126.97001529
포천시,2013   ,2013-09-10 21시,야간,화요일,차대사람,횡단중,운전자법규위반,안전운전 의무 불이행,단일로,기타단일로,원동기장치자전거,원동기장치자전거,보행자,보행자,1,0,1,0,0,37.84988383,127.16338571
군포시,2013   ,2013-09-10 06시,주간,화요일,차대차,진행중 추돌,운전자법규위반,안전운전 의무 불이행,단일로,기타단일로,화물차,소형,화물차,대형,1,4,5,0,0,37.37693326,126.93772492
의왕시,2013   ,2013-09-10 00시,야간,화요일,차량단독,기타,운전자법규위반,기타(운전자법규위반),단일로,기타단일로,승용차,대형,없음,없음,1,0,1,0,0,37.34591934,126.97028234
고양시,2013   ,2013-09-09 21시,야간,월요일,차대사람,횡단중,운전자법규위반,안전운전 의무 불이행,단일로,기타단일로,승용차,중형,보행자,보행자,1,0,1,0,0,37.67024249,126.78083358
화성시,2013   ,2013-09-08 23시,야간,일요일,차량단독,공작물충돌,운전자법규위반,안전운전 의무 불이행,단일로,기타단일로,화물차,소형,없음,없음,1,0,1,0,0,37.20504011,126.72329185
화성시,2013   ,2013-09-08 20시,야간,일요일,차대차,진행중 추돌,운전자법규위반,안전운전 의무 불이행,단일로,기타단일로,승용차,중형,농기계,농기계,1,0,1,0,0,37.15574014,126.92754752
안산시,2013   ,2013-09-08 05시,야간,일요일,차대사람,기타,운전자법규위반,보행자 보호의무 위반,단일로,기타단일로,승용차,중형,보행자,보행자,1,0,1,0,0,37.33544781,126.80836463
고양시,2013   ,2013-09-07 09시,주간,토요일,차대사람,횡단중,운전자법규위반,신호위반,교차로,교차로내,화물차,소형,보행자,보행자,1,0,1,0,0,37.65698648,126.87627217
시흥시,2013   ,2013-09-07 06시,주간,토요일,차량단독,전도전복,운전자법규위반,안전운전 의무 불이행,단일로,기타단일로,승용차,중형,없음,없음,1,0,1,0,0,37.36858273,126.8726279
시흥시,2013   ,2013-09-06 21시,야간,금요일,차대차,정면충돌,운전자법규위반,중앙선 침범,단일로,기타단일로,승용차,소형,승용차,대형,1,0,4,0,3,37.31858061,126.71820874
포천시,2013   ,2013-09-06 21시,야간,금요일,차대차,측면충돌,운전자법규위반,신호위반,교차로,교차로내,원동기장치자전거,원동기장치자전거,승용차,중형,1,0,2,0,1,37.82197278,127.13954944
포천시,2013   ,2013-09-06 17시,주간,금요일,차대사람,기타,운전자법규위반,안전거리 미확보,단일로,기타단일로,특수차,대형,보행자,보행자,1,0,1,0,0,37.83886379,127.1280909
안산시,2013   ,2013-09-06 06시,주간,금요일,차대차,기타,운전자법규위반,중앙선 침범,교차로,교차로부근,원동기장치자전거,원동기장치자전거,승용차,중형,1,0,1,0,0,37.30829002,126.77240161
고양시,2013   ,2013-09-05 20시,야간,목요일,차량단독,전도전복,운전자법규위반,안전운전 의무 불이행,교차로,교차로부근,승용차,대형,없음,없음,1,0,1,0,0,37.69751579,126.74609823
수원시,2013   ,2013-09-05 05시,야간,목요일,차대사람,횡단중,운전자법규위반,안전운전 의무 불이행,단일로,기타단일로,승합차,소형,보행자,보행자,1,0,1,0,0,37.28177114,127.0065144
성남시,2013   ,2013-09-03 20시,야간,화요일,차대차,정면충돌,운전자법규위반,중앙선 침범,단일로,기타단일로,이륜차,중형,승용차,중형,1,0,2,0,1,37.4442178,127.17928654
용인시,2013   ,2013-09-03 16시,주간,화요일,차대사람,횡단중,운전자법규위반,중앙선 침범,단일로,횡단보도상,승합차,중형,보행자,보행자,1,0,1,0,0,37.31471228,127.08774707
양주시,2013   ,2013-09-03 02시,야간,화요일,차량단독,공작물충돌,운전자법규위반,안전운전 의무 불이행,단일로,기타단일로,승용차,중형,없음,없음,1,0,1,0,0,37.78391431,127.03291463
성남시,2013   ,2013-09-02 20시,야간,월요일,차대사람,횡단중,운전자법규위반,안전운전 의무 불이행,교차로,교차로부근,승용차,중형,보행자,보행자,1,0,1,0,0,37.4463474,127.14540662
화성시,2013   ,2013-09-01 23시,야간,일요일,차량단독,공작물충돌,운전자법규위반,안전운전 의무 불이행,단일로,기타단일로,이륜차,중형,없음,없음,1,0,1,0,0,37.20149987,126.92607222
이천시,2013   ,2013-09-01 21시,야간,일요일,차대사람,횡단중,운전자법규위반,안전운전 의무 불이행,단일로,기타단일로,승용차,중형,보행자,보행자,1,0,1,0,0,37.23068744,127.52182128
양주시,2013   ,2013-09-01 18시,야간,일요일,차대차,측면충돌,운전자법규위반,안전운전 의무 불이행,단일로,기타단일로,농기계,농기계,승용차,소형,1,0,3,0,2,37.78727223,126.98854427
남양주시,2013   ,2013-09-01 15시,주간,일요일,차대사람,횡단중,운전자법규위반,안전운전 의무 불이행,단일로,기타단일로,화물차,소형,보행자,보행자,1,0,1,0,0,37.6582178,127.30143596
안산시,2013   ,2013-09-01 10시,주간,일요일,차대차,측면충돌,운전자법규위반,안전운전 의무 불이행,교차로,교차로내,자전거,자전거,승합차,대형,1,0,1,0,0,37.32399245,126.80547862
평택시,2013   ,2013-08-31 19시,야간,토요일,차대차,기타,운전자법규위반,안전운전 의무 불이행,단일로,기타단일로,승용차,중형,승용차,중형,1,0,1,0,0,36.94930845,127.05376151
이천시,2013   ,2013-08-31 12시,주간,토요일,차대차,측면충돌,운전자법규위반,안전운전 의무 불이행,단일로,기타단일로,승용차,소형,원동기장치자전거,원동기장치자전거,1,0,1,0,0,37.25714716,127.4571697
부천시,2013   ,2013-08-31 12시,주간,토요일,차대차,측면충돌,운전자법규위반,차로위반(진로변경 위반),교차로,교차로부근,자전거,자전거,승용차,소형,1,0,1,0,0,37.51756889,126.76093697
화성시,2013   ,2013-08-30 22시,야간,금요일,차량단독,공작물충돌,운전자법규위반,안전운전 의무 불이행,기타/불명,기타/불명,승용차,소형,없음,없음,1,0,1,0,0,37.11914679,126.82975452
안양시,2013   ,2013-08-30 22시,야간,금요일,차대차,주정차중 추돌,운전자법규위반,안전운전 의무 불이행,단일로,기타단일로,승용차,중형,승합차,대형,1,0,2,1,0,37.40052734,126.94723365
고양시,2013   ,2013-08-30 07시,주간,금요일,차대차,진행중 추돌,운전자법규위반,안전운전 의무 불이행,단일로,기타단일로,화물차,중형,화물차,중형,1,1,2,0,0,37.6083979,126.83380657
수원시,2013   ,2013-08-29 21시,야간,목요일,차대차,측면충돌,운전자법규위반,신호위반,교차로,교차로내,이륜차,중형,승용차,대형,1,2,3,0,0,37.28061738,127.06883524
연천군,2013   ,2013-08-29 19시,야간,목요일,차대사람,횡단중,운전자법규위반,안전운전 의무 불이행,교차로,교차로내,화물차,소형,보행자,보행자,1,0,1,0,0,38.03120545,127.11023368
양주시,2013   ,2013-08-29 08시,주간,목요일,차대차,진행중 추돌,운전자법규위반,중앙선 침범,단일로,기타단일로,승용차,대형,승용차,대형,1,2,3,0,0,37.77403797,127.04730681
여주시,2013   ,2013-08-28 16시,주간,수요일,차대차,기타,운전자법규위반,중앙선 침범,단일로,기타단일로,원동기장치자전거,원동기장치자전거,승용차,중형,1,0,1,0,0,37.22133947,127.55233466
구리시,2013   ,2013-08-28 13시,주간,수요일,차대차,주정차중 추돌,운전자법규위반,안전운전 의무 불이행,단일로,기타단일로,화물차,소형,화물차,소형,1,3,5,0,1,37.60032622,127.15443104
양평군,2013   ,2013-08-28 06시,주간,수요일,차량단독,공작물충돌,운전자법규위반,안전운전 의무 불이행,단일로,교량위,이륜차,중형,없음,없음,1,0,1,0,0,37.53628715,127.35501539
성남시,2013   ,2013-08-28 06시,주간,수요일,차량단독,공작물충돌,운전자법규위반,안전운전 의무 불이행,단일로,기타단일로,화물차,소형,없음,없음,1,0,1,0,0,37.41895489,127.15153676
안산시,2013   ,2013-08-27 11시,주간,화요일,차대차,정면충돌,운전자법규위반,중앙선 침범,단일로,기타단일로,승용차,중형,승용차,중형,1,5,7,0,1,37.27002063,126.57064504
안산시,2013   ,2013-08-27 11시,주간,화요일,차대사람,횡단중,운전자법규위반,신호위반,단일로,횡단보도상,승합차,대형,보행자,보행자,1,0,1,0,0,37.32127407,126.8279862
시흥시,2013   ,2013-08-27 07시,주간,화요일,차대차,기타,운전자법규위반,안전운전 의무 불이행,단일로,기타단일로,승용차,중형,특수차,대형,1,1,2,0,0,37.37466221,126.76724322
김포시,2013   ,2013-08-26 23시,야간,월요일,차대사람,기타,운전자법규위반,안전운전 의무 불이행,교차로,교차로부근,승용차,중형,보행자,보행자,1,0,1,0,0,37.65876282,126.61196264
이천시,2013   ,2013-08-26 22시,야간,월요일,차대사람,횡단중,운전자법규위반,안전운전 의무 불이행,교차로,교차로부근,승용차,중형,보행자,보행자,1,0,2,0,1,37.22039252,127.52677003
부천시,2013   ,2013-08-24 14시,주간,토요일,차대차,측면충돌,운전자법규위반,안전거리 미확보,단일로,기타단일로,자전거,자전거,승용차,중형,1,0,1,0,0,37.49479752,126.77494001
고양시,2013   ,2013-08-24 14시,주간,토요일,차대차,진행중 추돌,운전자법규위반,안전운전 의무 불이행,단일로,기타단일로,승용차,중형,화물차,중형,1,0,3,2,0,37.60394678,126.83887635
평택시,2013   ,2013-08-24 06시,주간,토요일,차량단독,공작물충돌,운전자법규위반,안전운전 의무 불이행,단일로,기타단일로,화물차,중형,없음,없음,1,0,1,0,0,37.03038489,127.01944515
여주시,2013   ,2013-08-24 00시,야간,토요일,차대사람,기타,운전자법규위반,안전운전 의무 불이행,단일로,기타단일로,승용차,소형,보행자,보행자,1,0,1,0,0,37.38281385,127.64223741
고양시,2013   ,2013-08-23 11시,주간,금요일,차대사람,기타,운전자법규위반,안전운전 의무 불이행,단일로,기타단일로,화물차,중형,보행자,보행자,1,0,1,0,0,37.69325405,126.73931317
안성시,2013   ,2013-08-23 07시,주간,금요일,차량단독,공작물충돌,운전자법규위반,안전운전 의무 불이행,단일로,기타단일로,승용차,소형,없음,없음,1,0,1,0,0,36.97469536,127.37104177
의정부시,2013   ,2013-08-23 05시,야간,금요일,차대차,주정차중 추돌,운전자법규위반,안전운전 의무 불이행,단일로,기타단일로,이륜차,소형,화물차,대형,1,0,1,0,0,37.71377498,127.05187166
파주시,2013   ,2013-08-23 03시,야간,금요일,차대사람,기타,운전자법규위반,안전운전 의무 불이행,교차로,교차로부근,승용차,중형,보행자,보행자,1,0,1,0,0,37.86052864,126.79758682
안성시,2013   ,2013-08-23 00시,야간,금요일,차량단독,전도전복,운전자법규위반,안전운전 의무 불이행,단일로,기타단일로,승용차,소형,없음,없음,1,0,1,0,0,37.00270937,127.30876211
안산시,2013   ,2013-08-22 14시,주간,목요일,차대사람,횡단중,운전자법규위반,안전운전 의무 불이행,단일로,기타단일로,화물차,대형,보행자,보행자,1,0,1,0,0,37.30674981,126.7595073
부천시,2013   ,2013-08-22 12시,주간,목요일,차대사람,길가장자리구역통행중,운전자법규위반,안전운전 의무 불이행,단일로,기타단일로,화물차,소형,보행자,보행자,1,0,1,0,0,37.52180366,126.80830022
양평군,2013   ,2013-08-22 09시,주간,목요일,차대차,측면충돌,운전자법규위반,안전운전 의무 불이행,교차로,교차로내,자전거,자전거,승용차,대형,1,0,1,0,0,37.46872889,127.3971241
용인시,2013   ,2013-08-21 10시,주간,수요일,차대차,측면충돌,운전자법규위반,안전운전 의무 불이행,단일로,기타단일로,건설기계,건설기계,승용차,대형,1,0,1,0,0,37.25410242,127.10496316
수원시,2013   ,2013-08-21 08시,주간,수요일,차대사람,기타,운전자법규위반,안전운전 의무 불이행,단일로,기타단일로,승용차,중형,보행자,보행자,1,0,1,0,0,37.2969768,127.02037879
시흥시,2013   ,2013-08-21 05시,야간,수요일,차대차,진행중 추돌,운전자법규위반,중앙선 침범,단일로,기타단일로,원동기장치자전거,원동기장치자전거,승용차,소형,1,1,4,0,2,37.39253977,126.80209018
평택시,2013   ,2013-08-20 22시,야간,화요일,차대사람,기타,운전자법규위반,안전운전 의무 불이행,교차로,교차로내,승용차,중형,보행자,보행자,1,0,1,0,0,37.02816876,127.01315178
시흥시,2013   ,2013-08-20 07시,주간,화요일,차대차,기타,운전자법규위반,안전운전 의무 불이행,단일로,기타단일로,이륜차,대형,건설기계,건설기계,1,0,1,0,0,37.33440428,126.68942889
화성시,2013   ,2013-08-19 10시,주간,월요일,차대차,정면충돌,운전자법규위반,중앙선 침범,단일로,기타단일로,승용차,소형,승용차,중형,1,0,2,0,1,37.09526047,126.93937645
안산시,2013   ,2013-08-19 03시,야간,월요일,차량단독,공작물충돌,운전자법규위반,안전운전 의무 불이행,단일로,기타단일로,승용차,대형,없음,없음,1,0,1,0,0,37.33474177,126.76399519
김포시,2013   ,2013-08-18 20시,야간,일요일,차대사람,횡단중,운전자법규위반,안전운전 의무 불이행,단일로,기타단일로,승합차,대형,보행자,보행자,1,0,1,0,0,37.62397299,126.63798579
시흥시,2013   ,2013-08-18 20시,야간,일요일,차대차,측면충돌,운전자법규위반,기타(운전자법규위반),교차로,교차로부근,이륜차,소형,승용차,중형,1,0,1,0,0,37.45938853,126.80274708
양주시,2013   ,2013-08-17 22시,야간,토요일,차대사람,기타,운전자법규위반,안전운전 의무 불이행,단일로,기타단일로,승용차,중형,보행자,보행자,1,0,1,0,0,37.80530707,126.96809727
고양시,2013   ,2013-08-17 07시,주간,토요일,차대사람,기타,운전자법규위반,보행자 보호의무 위반,단일로,기타단일로,건설기계,건설기계,보행자,보행자,1,0,1,0,0,37.71700751,126.90095796
고양시,2013   ,2013-08-16 22시,야간,금요일,차대사람,기타,운전자법규위반,안전운전 의무 불이행,기타/불명,기타/불명,승용차,중형,보행자,보행자,1,0,1,0,0,37.65364423,126.79194478
동두천시,2013   ,2013-08-16 12시,주간,금요일,차대차,진행중 추돌,운전자법규위반,안전운전 의무 불이행,단일로,기타단일로,화물차,소형,원동기장치자전거,원동기장치자전거,1,0,1,0,0,37.90802511,127.03543005
시흥시,2013   ,2013-08-16 05시,야간,금요일,차대사람,기타,운전자법규위반,안전운전 의무 불이행,교차로,교차로내,승용차,중형,보행자,보행자,1,0,1,0,0,37.37710939,126.78864558
안성시,2013   ,2013-08-16 01시,야간,금요일,차대차,진행중 추돌,운전자법규위반,안전운전 의무 불이행,단일로,기타단일로,화물차,중형,화물차,중형,1,2,3,0,0,37.18729852,126.9693784
광주시,2013   ,2013-08-15 07시,주간,목요일,차대사람,기타,운전자법규위반,안전운전 의무 불이행,단일로,기타단일로,승용차,소형,보행자,보행자,1,0,1,0,0,37.44946641,127.29887994
남양주시,2013   ,2013-08-14 22시,야간,수요일,차대차,정면충돌,운전자법규위반,신호위반,교차로,교차로내,승합차,소형,이륜차,소형,1,0,1,0,0,37.72151944,127.19520223
화성시,2013   ,2013-08-14 17시,주간,수요일,차대차,진행중 추돌,운전자법규위반,신호위반,교차로,교차로내,이륜차,소형,승용차,소형,1,0,1,0,0,37.2015982,126.8250258
이천시,2013   ,2013-08-14 15시,주간,수요일,차대차,진행중 추돌,운전자법규위반,안전운전 의무 불이행,단일로,기타단일로,승용차,중형,화물차,중형,1,0,2,0,1,37.24536743,127.35797486
고양시,2013   ,2013-08-14 11시,주간,수요일,차대차,기타,운전자법규위반,안전운전 의무 불이행,단일로,기타단일로,승용차,중형,자전거,자전거,1,0,1,0,0,37.68349673,126.71380478
용인시,2013   ,2013-08-14 00시,야간,수요일,차대차,기타,운전자법규위반,안전운전 의무 불이행,단일로,기타단일로,화물차,대형,불명,불명,1,0,1,0,0,37.29159917,127.11404776
파주시,2013   ,2013-08-12 21시,야간,월요일,차대사람,횡단중,운전자법규위반,보행자 보호의무 위반,단일로,기타단일로,화물차,소형,보행자,보행자,1,0,1,0,0,37.75904049,126.77647814
성남시,2013   ,2013-08-12 20시,야간,월요일,차대차,주정차중 추돌,운전자법규위반,안전운전 의무 불이행,단일로,기타단일로,화물차,중형,승용차,소형,3,1,5,0,1,37.42926589,127.08695017
가평군,2013   ,2013-08-12 10시,주간,월요일,차량단독,공작물충돌,운전자법규위반,안전운전 의무 불이행,단일로,기타단일로,농기계,농기계,없음,없음,1,0,1,0,0,37.68640433,127.51857777
고양시,2013   ,2013-08-12 05시,야간,월요일,차대사람,횡단중,운전자법규위반,신호위반,교차로,교차로내,화물차,소형,보행자,보행자,1,0,1,0,0,37.59479634,126.86479565
부천시,2013   ,2013-08-12 03시,야간,월요일,차대차,진행중 추돌,운전자법규위반,과속,단일로,기타단일로,승용차,중형,승용차,소형,1,1,2,0,0,37.52339779,126.7853803
광주시,2013   ,2013-08-12 00시,야간,월요일,차대사람,기타,운전자법규위반,안전운전 의무 불이행,기타/불명,기타/불명,승용차,중형,보행자,보행자,1,0,3,1,1,37.34780538,127.19251188
성남시,2013   ,2013-08-11 20시,야간,일요일,차대차,측면충돌,운전자법규위반,안전운전 의무 불이행,교차로,교차로부근,승합차,소형,자전거,자전거,1,0,1,0,0,37.43372163,127.12859014
화성시,2013   ,2013-08-11 01시,야간,일요일,차량단독,공작물충돌,운전자법규위반,안전운전 의무 불이행,단일로,기타단일로,화물차,중형,없음,없음,1,0,1,0,0,37.24884037,126.90580052
평택시,2013   ,2013-08-10 23시,야간,토요일,차대사람,횡단중,운전자법규위반,안전운전 의무 불이행,단일로,기타단일로,승용차,중형,보행자,보행자,1,0,1,0,0,36.99228725,126.9143764
성남시,2013   ,2013-08-10 19시,야간,토요일,차대사람,기타,운전자법규위반,안전운전 의무 불이행,교차로,교차로부근,승용차,중형,보행자,보행자,1,0,1,0,0,37.43512987,127.1292614
안산시,2013   ,2013-08-09 20시,야간,금요일,차대차,주정차중 추돌,운전자법규위반,안전운전 의무 불이행,단일로,기타단일로,승용차,중형,화물차,대형,1,0,1,0,0,37.29699299,126.86010681
광명시,2013   ,2013-08-09 18시,야간,금요일,차대차,측면충돌,운전자법규위반,안전운전 의무 불이행,단일로,기타단일로,승용차,소형,승합차,대형,1,0,7,1,5,37.43902621,126.85336363
평택시,2013   ,2013-08-08 05시,야간,목요일,차대차,측면충돌,운전자법규위반,교차로 통행방법 위반,교차로,교차로내,승용차,중형,승용차,중형,1,1,2,0,0,36.97620624,126.85036858
김포시,2013   ,2013-08-08 05시,야간,목요일,차량단독,도로이탈 추락,운전자법규위반,안전운전 의무 불이행,단일로,기타단일로,승용차,중형,없음,없음,1,0,1,0,0,37.63156903,126.68682403
의정부시,2013   ,2013-08-07 23시,야간,수요일,차대차,기타,운전자법규위반,안전운전 의무 불이행,기타/불명,기타/불명,이륜차,중형,원동기장치자전거,원동기장치자전거,1,1,2,0,0,37.74212049,127.04685431
화성시,2013   ,2013-08-07 21시,야간,수요일,차대차,진행중 추돌,운전자법규위반,안전운전 의무 불이행,기타/불명,기타/불명,승용차,중형,화물차,대형,1,0,1,0,0,37.22005166,126.87293369
동두천시,2013   ,2013-08-06 19시,야간,화요일,차대사람,횡단중,운전자법규위반,안전운전 의무 불이행,단일로,횡단보도상,승합차,경형,보행자,보행자,1,0,1,0,0,37.89916948,127.05800942
연천군,2013   ,2013-08-06 14시,주간,화요일,철길건널목,직전진행,운전자법규위반,안전운전 의무 불이행,철길건널목,철길건널목,승용차,소형,열차,열차,2,1,3,0,0,38.08802236,127.06662193
수원시,2013   ,2013-08-05 19시,야간,월요일,차대차,측면충돌,운전자법규위반,신호위반,교차로,교차로부근,승합차,대형,자전거,자전거,1,0,1,0,0,37.27818891,127.01658203
성남시,2013   ,2013-08-05 17시,주간,월요일,차대사람,기타,운전자법규위반,기타(운전자법규위반),단일로,기타단일로,화물차,소형,보행자,보행자,1,0,4,0,3,37.42942017,127.15012288
시흥시,2013   ,2013-08-05 10시,주간,월요일,차대차,기타,운전자법규위반,안전거리 미확보,교차로,교차로부근,이륜차,소형,승용차,대형,1,0,1,0,0,37.43587859,126.77388109
고양시,2013   ,2013-08-05 05시,야간,월요일,차대차,기타,운전자법규위반,부당한 회전,단일로,횡단보도상,자전거,자전거,승용차,중형,1,0,1,0,0,37.67233268,126.75599154
시흥시,2013   ,2013-08-04 04시,야간,일요일,차량단독,전도전복,운전자법규위반,안전운전 의무 불이행,단일로,기타단일로,승용차,중형,없음,없음,1,0,1,0,0,37.36049215,126.73553685
파주시,2013   ,2013-08-03 18시,야간,토요일,차량단독,전도전복,운전자법규위반,안전운전 의무 불이행,기타/불명,기타/불명,승용차,중형,없음,없음,1,0,1,0,0,37.88380438,126.79229399
양평군,2013   ,2013-08-03 16시,주간,토요일,차량단독,전도전복,운전자법규위반,안전운전 의무 불이행,단일로,기타단일로,원동기장치자전거,원동기장치자전거,없음,없음,1,0,1,0,0,37.45674965,127.76901515
안산시,2013   ,2013-08-03 06시,주간,토요일,차대차,측면충돌,운전자법규위반,신호위반,교차로,교차로내,화물차,소형,승용차,중형,1,1,2,0,0,37.33296288,126.85021013
화성시,2013   ,2013-08-03 02시,야간,토요일,차량단독,공작물충돌,운전자법규위반,안전운전 의무 불이행,기타/불명,기타/불명,승용차,소형,없음,없음,2,0,2,0,0,37.13111071,126.69669107
수원시,2013   ,2013-08-03 01시,야간,토요일,차량단독,기타,운전자법규위반,안전운전 의무 불이행,단일로,고가도로위,이륜차,중형,없음,없음,1,1,2,0,0,37.27853509,127.03088937
광명시,2013   ,2013-08-02 05시,야간,금요일,차대차,측면충돌,운전자법규위반,안전운전 의무 불이행,교차로,교차로부근,화물차,소형,승합차,대형,1,0,1,0,0,37.47378784,126.85169243
화성시,2013   ,2013-08-01 11시,주간,목요일,차량단독,공작물충돌,운전자법규위반,안전운전 의무 불이행,단일로,기타단일로,승용차,중형,없음,없음,1,0,1,0,0,37.22965466,126.87353054