시군명,발생년도,발생일자,주야구분명,사고요일,사고유형_대분류,사고유형,법규위반대분류명,법규위반내용,도로형태_대분류,도로형태,가해자 당사자 종별,당사자1_차종,피해자 당사자 종별,당사자2_차종,사망자수,중상자수,부상자수,부상신고자수,경상자수,WGS84위도,WGS84경도
부천시,2013   ,2013-07-31 22시,야간,수요일,차량단독,기타,운전자법규위반,안전운전 의무 불이행,단일로,기타단일로,승합차,대형,없음,없음,1,0,1,0,0,37.50047026,126.79332588
남양주시,2013   ,2013-07-30 20시,야간,화요일,차대차,측면충돌,운전자법규위반,신호위반,교차로,교차로부근,승용차,중형,승용차,중형,1,0,2,0,1,37.6573186,127.12507565
화성시,2013   ,2013-07-30 18시,야간,화요일,차대차,측면충돌,운전자법규위반,안전운전 의무 불이행,단일로,터널안,화물차,중형,농기계,농기계,1,0,1,0,0,37.19009086,126.681172
안양시,2013   ,2013-07-29 19시,야간,월요일,차대차,측면충돌,운전자법규위반,신호위반,교차로,교차로내,승용차,소형,원동기장치자전거,원동기장치자전거,1,1,4,0,2,37.37822862,126.95526998
평택시,2013   ,2013-07-27 16시,주간,토요일,차대차,측면충돌,운전자법규위반,신호위반,교차로,교차로내,원동기장치자전거,원동기장치자전거,승용차,중형,1,0,1,0,0,36.9639497,127.06889758
용인시,2013   ,2013-07-27 08시,주간,토요일,차대차,정면충돌,운전자법규위반,중앙선 침범,단일로,기타단일로,승용차,경형,승용차,소형,1,2,3,0,0,37.31907155,127.1052395
평택시,2013   ,2013-07-27 08시,주간,토요일,차대차,측면충돌,운전자법규위반,안전운전 의무 불이행,교차로,교차로내,승용차,중형,이륜차,소형,1,0,1,0,0,36.96766688,127.05032908
이천시,2013   ,2013-07-26 14시,주간,금요일,차대차,기타,운전자법규위반,안전운전 의무 불이행,단일로,기타단일로,건설기계,건설기계,화물차,대형,1,0,1,0,0,37.25561161,127.35237496
고양시,2013   ,2013-07-26 13시,주간,금요일,차대차,측면충돌,운전자법규위반,안전운전 의무 불이행,단일로,기타단일로,건설기계,건설기계,승합차,소형,1,0,1,0,0,37.65308053,126.84410921
남양주시,2013   ,2013-07-25 10시,주간,목요일,차대사람,기타,운전자법규위반,안전운전 의무 불이행,단일로,기타단일로,화물차,소형,보행자,보행자,1,0,1,0,0,37.71571352,127.17923178
평택시,2013   ,2013-07-25 08시,주간,목요일,차대차,기타,운전자법규위반,안전거리 미확보,교차로,교차로부근,자전거,자전거,승용차,소형,1,0,1,0,0,36.97683056,126.92417979
화성시,2013   ,2013-07-24 21시,야간,수요일,차대차,기타,운전자법규위반,안전운전 의무 불이행,단일로,기타단일로,승용차,경형,이륜차,사발이,1,0,1,0,0,37.15169521,126.92377994
평택시,2013   ,2013-07-24 03시,야간,수요일,차대차,기타,운전자법규위반,안전운전 의무 불이행,단일로,기타단일로,화물차,대형,화물차,대형,1,0,1,0,0,37.00136303,127.09668044
여주시,2013   ,2013-07-23 04시,야간,화요일,차대차,진행중 추돌,운전자법규위반,안전운전 의무 불이행,단일로,기타단일로,화물차,대형,화물차,대형,1,0,2,0,1,37.23418823,127.60200394
의정부시,2013   ,2013-07-22 20시,야간,월요일,차대차,기타,운전자법규위반,신호위반,교차로,교차로내,이륜차,중형,승용차,중형,1,0,1,0,0,37.74421508,127.06452558
화성시,2013   ,2013-07-22 20시,야간,월요일,차대사람,기타,운전자법규위반,안전운전 의무 불이행,기타/불명,기타/불명,승합차,중형,보행자,보행자,1,0,1,0,0,37.21402203,126.97910654
남양주시,2013   ,2013-07-22 10시,주간,월요일,차대차,측면충돌,운전자법규위반,안전운전 의무 불이행,단일로,기타단일로,승용차,중형,화물차,소형,1,0,2,0,1,37.61351057,127.20325031
화성시,2013   ,2013-07-22 09시,주간,월요일,차대차,기타,운전자법규위반,차로위반(진로변경 위반),단일로,기타단일로,자전거,자전거,화물차,중형,1,0,1,0,0,37.21017243,127.058868
가평군,2013   ,2013-07-21 23시,야간,일요일,차대차,기타,운전자법규위반,과속,단일로,기타단일로,승용차,중형,화물차,중형,2,2,4,0,0,37.82130759,127.32157704
용인시,2013   ,2013-07-21 05시,야간,일요일,차대사람,횡단중,운전자법규위반,안전운전 의무 불이행,교차로,교차로내,승용차,중형,보행자,보행자,1,0,1,0,0,37.26901429,127.13412367
안산시,2013   ,2013-07-20 01시,야간,토요일,차대차,진행중 추돌,운전자법규위반,과속,교차로,교차로부근,승용차,소형,화물차,소형,1,0,2,0,1,37.31679088,126.76235438
수원시,2013   ,2013-07-19 23시,야간,금요일,차량단독,기타,운전자법규위반,안전운전 의무 불이행,교차로,교차로내,원동기장치자전거,원동기장치자전거,없음,없음,1,0,1,0,0,37.24340281,126.95795566
여주시,2013   ,2013-07-19 22시,야간,금요일,차량단독,도로이탈 기타,운전자법규위반,안전운전 의무 불이행,단일로,기타단일로,화물차,소형,없음,없음,1,0,4,0,3,37.18934899,127.52137346
고양시,2013   ,2013-07-19 21시,야간,금요일,차대사람,횡단중,운전자법규위반,안전운전 의무 불이행,교차로,교차로부근,특수차,소형,보행자,보행자,1,0,1,0,0,37.65450775,126.83787565
여주시,2013   ,2013-07-19 21시,야간,금요일,차대사람,기타,운전자법규위반,안전운전 의무 불이행,교차로,교차로부근,승용차,중형,보행자,보행자,1,0,1,0,0,37.40954731,127.60984603
광명시,2013   ,2013-07-19 17시,주간,금요일,차대차,측면충돌,운전자법규위반,안전거리 미확보,단일로,기타단일로,자전거,자전거,승합차,대형,1,0,1,0,0,37.45953371,126.88230314
수원시,2013   ,2013-07-18 17시,주간,목요일,차대사람,횡단중,운전자법규위반,안전운전 의무 불이행,교차로,교차로부근,승합차,대형,보행자,보행자,1,0,1,0,0,37.27660561,127.03735861
의정부시,2013   ,2013-07-17 18시,야간,수요일,차대사람,기타,운전자법규위반,안전운전 의무 불이행,단일로,기타단일로,승용차,중형,보행자,보행자,1,0,1,0,0,37.73285489,127.03987457
시흥시,2013   ,2013-07-17 01시,야간,수요일,차대사람,횡단중,운전자법규위반,안전운전 의무 불이행,단일로,기타단일로,승용차,중형,보행자,보행자,2,0,2,0,0,37.44072002,126.78429419
포천시,2013   ,2013-07-17 00시,야간,수요일,차대차,기타,운전자법규위반,안전운전 의무 불이행,교차로,교차로내,승용차,중형,화물차,중형,1,0,1,0,0,37.82742648,127.14874986
안산시,2013   ,2013-07-16 16시,주간,화요일,차대사람,기타,운전자법규위반,안전운전 의무 불이행,교차로,교차로내,승합차,중형,보행자,보행자,1,0,1,0,0,37.29521105,126.85477724
수원시,2013   ,2013-07-16 06시,주간,화요일,차대차,측면충돌,운전자법규위반,안전운전 의무 불이행,교차로,교차로부근,자전거,자전거,승합차,대형,1,0,1,0,0,37.25027351,127.018943
평택시,2013   ,2013-07-16 01시,야간,화요일,차량단독,공작물충돌,운전자법규위반,안전운전 의무 불이행,단일로,기타단일로,화물차,소형,없음,없음,1,0,1,0,0,36.98548158,126.83082787
안성시,2013   ,2013-07-15 21시,야간,월요일,차대차,정면충돌,운전자법규위반,중앙선 침범,단일로,기타단일로,승용차,소형,이륜차,소형,1,0,1,0,0,37.01522965,127.17235267
군포시,2013   ,2013-07-14 22시,야간,일요일,차대차,기타,운전자법규위반,부당한 회전,단일로,횡단보도상,자전거,자전거,승용차,중형,1,0,1,0,0,37.36935388,126.93736712
화성시,2013   ,2013-07-14 12시,주간,일요일,차량단독,기타,운전자법규위반,안전운전 의무 불이행,단일로,기타단일로,승용차,중형,없음,없음,2,0,2,0,0,37.1624086,127.08945417
평택시,2013   ,2013-07-14 10시,주간,일요일,차량단독,공작물충돌,운전자법규위반,안전운전 의무 불이행,단일로,기타단일로,화물차,중형,없음,없음,1,0,1,0,0,37.00166435,126.86907857
광주시,2013   ,2013-07-13 06시,주간,토요일,차대차,진행중 추돌,운전자법규위반,과속,단일로,기타단일로,특수차,중형,승합차,대형,1,0,2,0,1,37.47025359,127.27954244
용인시,2013   ,2013-07-13 02시,야간,토요일,차량단독,공작물충돌,운전자법규위반,안전운전 의무 불이행,교차로,교차로부근,승용차,중형,없음,없음,1,0,1,0,0,37.24393909,127.18958567
의정부시,2013   ,2013-07-12 23시,야간,금요일,차량단독,전도전복,운전자법규위반,중앙선 침범,단일로,기타단일로,승용차,중형,없음,없음,2,0,2,0,0,37.73620044,127.00469394
포천시,2013   ,2013-07-12 22시,야간,금요일,차대사람,기타,운전자법규위반,안전운전 의무 불이행,단일로,기타단일로,승용차,중형,보행자,보행자,1,0,1,0,0,37.89970437,127.18449744
하남시,2013   ,2013-07-12 20시,야간,금요일,차량단독,기타,운전자법규위반,안전운전 의무 불이행,단일로,기타단일로,자전거,자전거,없음,없음,1,0,1,0,0,37.50211414,127.19344148
광명시,2013   ,2013-07-12 04시,야간,금요일,차량단독,기타,운전자법규위반,안전운전 의무 불이행,단일로,기타단일로,화물차,소형,없음,없음,1,0,1,0,0,37.45351798,126.85462956
고양시,2013   ,2013-07-11 12시,주간,목요일,차대사람,기타,운전자법규위반,안전운전 의무 불이행,단일로,기타단일로,화물차,소형,보행자,보행자,1,0,2,0,1,37.63163169,126.80442085
남양주시,2013   ,2013-07-11 11시,주간,목요일,차량단독,공작물충돌,운전자법규위반,안전운전 의무 불이행,단일로,기타단일로,승용차,경형,없음,없음,1,0,1,0,0,37.68792935,127.34049787
여주시,2013   ,2013-07-11 10시,주간,목요일,차대차,측면충돌,운전자법규위반,교차로 통행방법 위반,교차로,교차로내,원동기장치자전거,원동기장치자전거,화물차,소형,1,0,2,0,1,37.37414753,127.57910708
의정부시,2013   ,2013-07-11 01시,야간,목요일,차량단독,공작물충돌,운전자법규위반,안전운전 의무 불이행,기타/불명,기타/불명,이륜차,중형,없음,없음,1,0,1,0,0,37.69893322,127.04561997
의정부시,2013   ,2013-07-10 23시,야간,수요일,차대차,측면충돌,운전자법규위반,안전운전 의무 불이행,교차로,교차로내,승합차,대형,이륜차,소형,1,0,1,0,0,37.74078514,127.0470789
포천시,2013   ,2013-07-10 20시,야간,수요일,차대차,측면충돌,운전자법규위반,신호위반,교차로,교차로내,화물차,중형,승용차,중형,1,1,4,0,2,37.89025469,127.20019825
광주시,2013   ,2013-07-09 23시,야간,화요일,차대차,정면충돌,운전자법규위반,중앙선 침범,단일로,기타단일로,승합차,대형,승용차,소형,1,1,2,0,0,37.34652011,127.17370736
안산시,2013   ,2013-07-08 16시,주간,월요일,차대차,기타,운전자법규위반,중앙선 침범,단일로,기타단일로,화물차,대형,화물차,소형,1,0,1,0,0,37.34988836,126.8007916
가평군,2013   ,2013-07-08 11시,주간,월요일,차량단독,도로이탈 추락,운전자법규위반,안전운전 의무 불이행,단일로,기타단일로,승용차,중형,없음,없음,1,3,5,0,1,37.68424701,127.53286741
의정부시,2013   ,2013-07-07 08시,주간,일요일,차대차,정면충돌,운전자법규위반,신호위반,교차로,교차로내,승용차,중형,승용차,중형,1,0,5,1,3,37.75145861,127.03328957
부천시,2013   ,2013-07-07 02시,야간,일요일,차량단독,주/정차차량 충돌,운전자법규위반,과속,단일로,기타단일로,승용차,중형,화물차,대형,1,1,2,0,0,37.53419138,126.8073143
여주시,2013   ,2013-07-06 19시,야간,토요일,차량단독,공작물충돌,운전자법규위반,안전운전 의무 불이행,단일로,기타단일로,승용차,대형,없음,없음,1,1,2,0,0,37.29893373,127.58161212
이천시,2013   ,2013-07-06 19시,야간,토요일,차량단독,공작물충돌,운전자법규위반,안전운전 의무 불이행,교차로,교차로부근,승용차,소형,없음,없음,1,0,1,0,0,37.28079603,127.4749458
용인시,2013   ,2013-07-06 17시,주간,토요일,차량단독,전도전복,운전자법규위반,안전운전 의무 불이행,단일로,기타단일로,이륜차,사발이,없음,없음,1,0,1,0,0,37.34078157,127.25322171
안성시,2013   ,2013-07-06 15시,주간,토요일,차량단독,공작물충돌,운전자법규위반,안전운전 의무 불이행,단일로,기타단일로,화물차,중형,없음,없음,1,0,1,0,0,36.99192235,127.15495777
성남시,2013   ,2013-07-06 09시,주간,토요일,차대차,진행중 추돌,운전자법규위반,안전운전 의무 불이행,단일로,기타단일로,이륜차,중형,승합차,대형,1,0,1,0,0,37.38705119,127.12623824
용인시,2013   ,2013-07-06 02시,야간,토요일,차대차,측면충돌,운전자법규위반,안전운전 의무 불이행,단일로,기타단일로,승용차,중형,승용차,중형,1,0,1,0,0,37.11148964,127.11393836
파주시,2013   ,2013-07-06 00시,야간,토요일,차대차,측면충돌,운전자법규위반,신호위반,교차로,교차로부근,승용차,소형,승합차,대형,1,1,4,0,2,37.84931589,126.78832386
시흥시,2013   ,2013-07-05 17시,주간,금요일,차대차,측면충돌,운전자법규위반,차로위반(진로변경 위반),단일로,기타단일로,원동기장치자전거,원동기장치자전거,승용차,소형,1,0,1,0,0,37.34120609,126.74898611
김포시,2013   ,2013-07-04 23시,야간,목요일,차대사람,차도통행중,운전자법규위반,안전운전 의무 불이행,단일로,기타단일로,승용차,중형,보행자,보행자,1,0,1,0,0,37.72520099,126.53655022
김포시,2013   ,2013-07-04 10시,주간,목요일,차대사람,기타,운전자법규위반,안전운전 의무 불이행,단일로,기타단일로,화물차,소형,보행자,보행자,1,0,1,0,0,37.64870065,126.57664271
평택시,2013   ,2013-07-04 07시,주간,목요일,차대차,기타,운전자법규위반,직진 및 우회전차의 통행방해,교차로,교차로내,승용차,중형,원동기장치자전거,원동기장치자전거,1,0,2,0,1,37.04009947,127.08821329
부천시,2013   ,2013-07-04 05시,야간,목요일,차대사람,횡단중,운전자법규위반,안전운전 의무 불이행,단일로,기타단일로,승용차,중형,보행자,보행자,1,0,1,0,0,37.52850687,126.80475251
김포시,2013   ,2013-07-03 17시,주간,수요일,차대차,측면충돌,운전자법규위반,과속,교차로,교차로내,승용차,중형,승용차,중형,1,1,2,0,0,37.64910616,126.5766904
화성시,2013   ,2013-07-03 04시,야간,수요일,차대사람,횡단중,운전자법규위반,안전운전 의무 불이행,단일로,기타단일로,승용차,중형,보행자,보행자,1,0,1,0,0,37.10348464,126.89598761
이천시,2013   ,2013-07-02 22시,야간,화요일,차대차,주정차중 추돌,운전자법규위반,안전운전 의무 불이행,교차로,교차로부근,승용차,대형,화물차,대형,1,0,1,0,0,37.24189411,127.50137552
성남시,2013   ,2013-07-02 11시,주간,화요일,차대차,정면충돌,운전자법규위반,중앙선 침범,단일로,고가도로위,화물차,소형,승합차,대형,1,2,3,0,0,37.44467171,127.15606732
고양시,2013   ,2013-07-02 00시,야간,화요일,차량단독,전도전복,운전자법규위반,안전운전 의무 불이행,단일로,기타단일로,이륜차,소형,없음,없음,1,0,1,0,0,37.67007622,126.95499209
이천시,2013   ,2013-07-01 20시,야간,월요일,차량단독,공작물충돌,운전자법규위반,안전운전 의무 불이행,단일로,기타단일로,화물차,소형,없음,없음,1,0,1,0,0,37.18817001,127.49610169
남양주시,2013   ,2013-07-01 11시,주간,월요일,차대사람,길가장자리구역통행중,운전자법규위반,안전운전 의무 불이행,단일로,기타단일로,화물차,소형,보행자,보행자,1,0,1,0,0,37.73680826,127.2886738
시흥시,2013   ,2013-06-30 21시,야간,일요일,차대사람,기타,운전자법규위반,안전운전 의무 불이행,교차로,교차로내,특수차,소형,보행자,보행자,1,0,1,0,0,37.44147401,126.78240708
용인시,2013   ,2013-06-30 13시,주간,일요일,차대차,측면충돌,운전자법규위반,신호위반,교차로,교차로내,원동기장치자전거,원동기장치자전거,화물차,소형,1,0,1,0,0,37.10268489,127.13775275
고양시,2013   ,2013-06-27 22시,야간,목요일,차대사람,보도통행중,운전자법규위반,안전운전 의무 불이행,단일로,기타단일로,원동기장치자전거,원동기장치자전거,보행자,보행자,1,1,2,0,0,37.61916122,126.82927999
여주시,2013   ,2013-06-27 13시,주간,목요일,차량단독,전도전복,운전자법규위반,안전운전 의무 불이행,단일로,기타단일로,승용차,소형,없음,없음,1,0,1,0,0,37.27736485,127.63020596
평택시,2013   ,2013-06-26 15시,주간,수요일,차량단독,전도전복,운전자법규위반,안전운전 의무 불이행,단일로,기타단일로,이륜차,소형,없음,없음,1,0,1,0,0,37.00560827,126.95953631
광주시,2013   ,2013-06-26 14시,주간,수요일,차대사람,기타,운전자법규위반,기타(운전자법규위반),단일로,기타단일로,화물차,소형,보행자,보행자,1,0,1,0,0,37.38479205,127.3151498
포천시,2013   ,2013-06-26 10시,주간,수요일,차대차,측면충돌,운전자법규위반,안전운전 의무 불이행,교차로,교차로내,승용차,중형,자전거,자전거,1,0,1,0,0,37.8922615,127.20253299
화성시,2013   ,2013-06-26 09시,주간,수요일,차대차,측면충돌,운전자법규위반,신호위반,교차로,교차로내,승합차,소형,승합차,대형,2,1,25,0,22,37.16243113,126.93092311
파주시,2013   ,2013-06-26 09시,주간,수요일,차량단독,기타,운전자법규위반,안전운전 의무 불이행,단일로,고가도로위,이륜차,사발이,없음,없음,1,0,1,0,0,37.72572675,126.71096448
평택시,2013   ,2013-06-26 02시,야간,수요일,차대차,정면충돌,운전자법규위반,신호위반,교차로,교차로부근,승용차,중형,승용차,중형,1,0,3,0,2,37.01912448,127.07180322
양평군,2013   ,2013-06-25 17시,주간,화요일,차대사람,횡단중,운전자법규위반,중앙선 침범,단일로,기타단일로,화물차,경형,보행자,보행자,1,0,1,0,0,37.47563842,127.63385162
안산시,2013   ,2013-06-25 15시,주간,화요일,차대사람,차도통행중,운전자법규위반,안전운전 의무 불이행,교차로,교차로내,자전거,자전거,보행자,보행자,1,0,1,0,0,37.33477886,126.80342642
수원시,2013   ,2013-06-25 07시,주간,화요일,차대사람,보도통행중,운전자법규위반,기타(운전자법규위반),교차로,교차로부근,승용차,중형,보행자,보행자,1,0,1,0,0,37.25260992,127.03518855
화성시,2013   ,2013-06-24 18시,야간,월요일,차대차,진행중 추돌,운전자법규위반,안전운전 의무 불이행,단일로,기타단일로,승용차,중형,자전거,자전거,1,0,1,0,0,37.23561488,126.87390962
군포시,2013   ,2013-06-23 21시,야간,일요일,차대차,측면충돌,운전자법규위반,신호위반,교차로,교차로내,이륜차,소형,승합차,중형,1,0,1,0,0,37.34686485,126.94261438
안성시,2013   ,2013-06-23 17시,주간,일요일,차대차,정면충돌,운전자법규위반,중앙선 침범,단일로,기타단일로,승용차,중형,화물차,소형,2,1,4,0,1,37.02226581,127.44101188
시흥시,2013   ,2013-06-22 22시,야간,토요일,차량단독,공작물충돌,운전자법규위반,안전운전 의무 불이행,단일로,기타단일로,승용차,중형,없음,없음,2,0,2,0,0,37.40802088,126.82462455
시흥시,2013   ,2013-06-22 07시,주간,토요일,차대차,측면충돌,운전자법규위반,안전운전 의무 불이행,단일로,기타단일로,승용차,중형,승합차,경형,1,0,3,0,2,37.34688155,126.73698431
파주시,2013   ,2013-06-22 02시,야간,토요일,차량단독,전도전복,운전자법규위반,안전운전 의무 불이행,교차로,교차로내,승용차,소형,없음,없음,1,0,1,0,0,37.70689124,126.75917436
남양주시,2013   ,2013-06-21 17시,주간,금요일,차대차,측면충돌,운전자법규위반,중앙선 침범,교차로,교차로내,승용차,중형,승용차,대형,1,1,3,0,1,37.67261172,127.19976065
평택시,2013   ,2013-06-21 04시,야간,금요일,차대차,진행중 추돌,운전자법규위반,안전운전 의무 불이행,교차로,교차로부근,화물차,중형,화물차,중형,1,1,2,0,0,36.98174864,126.93662473
의왕시,2013   ,2013-06-20 22시,야간,목요일,차대차,진행중 추돌,운전자법규위반,안전운전 의무 불이행,단일로,기타단일로,승용차,대형,이륜차,중형,1,0,1,0,0,37.38842972,126.98077162
평택시,2013   ,2013-06-20 09시,주간,목요일,차대사람,기타,운전자법규위반,안전운전 의무 불이행,교차로,교차로부근,승용차,경형,보행자,보행자,1,0,1,0,0,37.0416401,126.95794284
파주시,2013   ,2013-06-20 09시,주간,목요일,차대차,기타,운전자법규위반,중앙선 침범,단일로,기타단일로,승용차,경형,승합차,대형,1,2,3,0,0,37.70807878,126.7348393
이천시,2013   ,2013-06-19 22시,야간,수요일,차대사람,차도통행중,운전자법규위반,안전운전 의무 불이행,단일로,기타단일로,승용차,중형,보행자,보행자,1,0,1,0,0,37.27483125,127.35378124
평택시,2013   ,2013-06-19 21시,야간,수요일,차대차,정면충돌,운전자법규위반,중앙선 침범,단일로,기타단일로,승용차,중형,화물차,대형,1,0,3,0,2,37.02412703,127.09901357
연천군,2013   ,2013-06-19 15시,주간,수요일,차대사람,횡단중,운전자법규위반,안전운전 의무 불이행,단일로,기타단일로,승용차,소형,보행자,보행자,1,0,1,0,0,38.03252008,127.10179453
남양주시,2013   ,2013-06-19 00시,야간,수요일,차대사람,횡단중,운전자법규위반,안전운전 의무 불이행,단일로,기타단일로,승용차,경형,보행자,보행자,1,0,1,0,0,37.66420997,127.30146535
이천시,2013   ,2013-06-18 09시,주간,화요일,차대차,측면충돌,운전자법규위반,안전운전 의무 불이행,단일로,기타단일로,화물차,중형,화물차,중형,1,1,2,0,0,37.24117638,127.42514736
의정부시,2013   ,2013-06-17 16시,주간,월요일,차대차,기타,운전자법규위반,안전운전 의무 불이행,교차로,교차로부근,승용차,중형,자전거,자전거,1,0,1,0,0,37.73189666,127.04378441
성남시,2013   ,2013-06-17 15시,주간,월요일,차대차,기타,운전자법규위반,안전운전 의무 불이행,교차로,교차로부근,이륜차,중형,승용차,중형,2,0,2,0,0,37.37610451,127.13987556
남양주시,2013   ,2013-06-17 09시,주간,월요일,차량단독,공작물충돌,운전자법규위반,안전운전 의무 불이행,단일로,기타단일로,자전거,자전거,없음,없음,1,0,1,0,0,37.63925971,127.35669706
광주시,2013   ,2013-06-17 08시,주간,월요일,차량단독,기타,운전자법규위반,안전운전 의무 불이행,단일로,기타단일로,이륜차,중형,없음,없음,1,0,1,0,0,37.40309045,127.26013581
고양시,2013   ,2013-06-16 12시,주간,일요일,차대사람,기타,운전자법규위반,안전운전 의무 불이행,단일로,기타단일로,승용차,중형,보행자,보행자,1,0,1,0,0,37.68527879,126.77384959
양주시,2013   ,2013-06-16 12시,주간,일요일,차량단독,전도전복,운전자법규위반,안전운전 의무 불이행,단일로,기타단일로,이륜차,중형,없음,없음,1,0,1,0,0,37.80904283,127.10695111
시흥시,2013   ,2013-06-16 06시,주간,일요일,차대사람,횡단중,운전자법규위반,신호위반,단일로,기타단일로,승용차,대형,보행자,보행자,1,0,1,0,0,37.43887269,126.79197254
남양주시,2013   ,2013-06-16 04시,야간,일요일,차대사람,기타,운전자법규위반,안전운전 의무 불이행,단일로,기타단일로,승용차,중형,보행자,보행자,1,0,1,0,0,37.63351606,127.2087356
용인시,2013   ,2013-06-15 05시,야간,토요일,차량단독,기타,운전자법규위반,안전운전 의무 불이행,단일로,기타단일로,승용차,소형,없음,없음,1,0,1,0,0,37.27799541,127.08169822
시흥시,2013   ,2013-06-14 17시,주간,금요일,차대차,측면충돌,운전자법규위반,신호위반,교차로,교차로내,건설기계,건설기계,자전거,자전거,1,0,1,0,0,37.45260393,126.81732069
가평군,2013   ,2013-06-14 16시,주간,금요일,차대사람,횡단중,운전자법규위반,과속,단일로,기타단일로,승용차,소형,보행자,보행자,1,0,1,0,0,37.8544577,127.50661585
평택시,2013   ,2013-06-13 22시,야간,목요일,차대사람,횡단중,운전자법규위반,안전운전 의무 불이행,교차로,교차로내,승용차,중형,보행자,보행자,1,0,1,0,0,37.00744554,127.07935254
안성시,2013   ,2013-06-13 12시,주간,목요일,차량단독,전도전복,운전자법규위반,안전운전 의무 불이행,교차로,교차로내,농기계,농기계,없음,없음,1,0,1,0,0,36.9757906,127.1852852
동두천시,2013   ,2013-06-13 09시,주간,목요일,차대차,측면충돌,운전자법규위반,교차로 통행방법 위반,교차로,교차로내,건설기계,건설기계,이륜차,사발이,2,0,2,0,0,37.90535932,127.04518396
이천시,2013   ,2013-06-13 02시,야간,목요일,차대차,주정차중 추돌,운전자법규위반,안전운전 의무 불이행,단일로,기타단일로,승용차,소형,화물차,대형,1,0,1,0,0,37.24224296,127.50068777
용인시,2013   ,2013-06-13 02시,야간,목요일,차량단독,공작물충돌,운전자법규위반,안전운전 의무 불이행,단일로,기타단일로,이륜차,소형,없음,없음,1,1,2,0,0,37.29179186,127.11787143
구리시,2013   ,2013-06-13 01시,야간,목요일,차대차,측면충돌,운전자법규위반,안전운전 의무 불이행,교차로,교차로내,승용차,대형,승용차,중형,1,2,4,0,1,37.5923486,127.13914196
포천시,2013   ,2013-06-12 17시,주간,수요일,차대차,진행중 추돌,운전자법규위반,안전거리 미확보,단일로,기타단일로,원동기장치자전거,원동기장치자전거,승합차,중형,1,1,2,0,0,37.84110106,127.27461312
성남시,2013   ,2013-06-11 05시,야간,화요일,차대사람,횡단중,운전자법규위반,신호위반,교차로,교차로부근,승합차,소형,보행자,보행자,1,0,1,0,0,37.41662274,127.1286407
용인시,2013   ,2013-06-10 13시,주간,월요일,차대사람,기타,운전자법규위반,안전운전 의무 불이행,단일로,기타단일로,화물차,대형,보행자,보행자,1,0,1,0,0,37.29698456,127.05848566
의정부시,2013   ,2013-06-10 05시,야간,월요일,차대차,진행중 추돌,운전자법규위반,교차로 통행방법 위반,교차로,교차로내,원동기장치자전거,원동기장치자전거,승용차,경형,1,0,2,0,1,37.75464113,127.03790065
화성시,2013   ,2013-06-09 10시,주간,일요일,차량단독,공작물충돌,운전자법규위반,안전운전 의무 불이행,단일로,기타단일로,화물차,중형,없음,없음,1,0,1,0,0,37.07538076,126.96398024
성남시,2013   ,2013-06-08 11시,주간,토요일,차대사람,횡단중,운전자법규위반,안전운전 의무 불이행,단일로,기타단일로,화물차,소형,보행자,보행자,1,1,2,0,0,37.44052861,127.13199306
안산시,2013   ,2013-06-08 01시,야간,토요일,차량단독,공작물충돌,운전자법규위반,안전운전 의무 불이행,단일로,기타단일로,승용차,소형,없음,없음,1,0,1,0,0,37.33231656,126.7543687
용인시,2013   ,2013-06-07 20시,야간,금요일,차대차,정면충돌,운전자법규위반,중앙선 침범,단일로,기타단일로,원동기장치자전거,원동기장치자전거,화물차,중형,1,0,1,0,0,37.17905323,127.30724828
남양주시,2013   ,2013-06-07 11시,주간,금요일,차대차,측면충돌,운전자법규위반,교차로 통행방법 위반,교차로,교차로내,이륜차,소형,승합차,중형,1,0,1,0,0,37.62537484,127.20069869
안산시,2013   ,2013-06-07 00시,야간,금요일,차대사람,횡단중,운전자법규위반,안전운전 의무 불이행,단일로,기타단일로,승용차,중형,보행자,보행자,1,0,1,0,0,37.31480069,126.83892303
평택시,2013   ,2013-06-05 23시,야간,수요일,차대사람,기타,운전자법규위반,안전운전 의무 불이행,단일로,기타단일로,승용차,중형,보행자,보행자,1,0,1,0,0,36.99249913,127.10004499
포천시,2013   ,2013-06-05 20시,야간,수요일,차대사람,횡단중,운전자법규위반,안전운전 의무 불이행,단일로,기타단일로,화물차,소형,보행자,보행자,1,0,1,0,0,37.8547185,127.16657014
용인시,2013   ,2013-06-05 01시,야간,수요일,차대사람,횡단중,운전자법규위반,안전운전 의무 불이행,단일로,기타단일로,화물차,경형,보행자,보행자,1,0,1,0,0,37.23670489,127.3002921
평택시,2013   ,2013-06-04 03시,야간,화요일,차대사람,차도통행중,운전자법규위반,안전운전 의무 불이행,교차로,교차로내,승합차,대형,보행자,보행자,1,0,1,0,0,36.99421405,127.0899321
이천시,2013   ,2013-06-03 15시,주간,월요일,차량단독,도로이탈 기타,운전자법규위반,안전운전 의무 불이행,교차로,교차로부근,이륜차,중형,없음,없음,1,1,2,0,0,37.21161269,127.35872699
안성시,2013   ,2013-06-02 01시,야간,일요일,차대사람,기타,운전자법규위반,안전운전 의무 불이행,단일로,기타단일로,승용차,중형,보행자,보행자,1,0,1,0,0,37.00406176,127.16846227
안양시,2013   ,2013-06-02 00시,야간,일요일,차량단독,공작물충돌,운전자법규위반,안전운전 의무 불이행,단일로,기타단일로,승용차,중형,없음,없음,1,0,1,0,0,37.38165113,126.93736438
고양시,2013   ,2013-06-01 10시,주간,토요일,차대차,기타,운전자법규위반,안전운전 의무 불이행,단일로,기타단일로,이륜차,중형,건설기계,건설기계,2,0,2,0,0,37.60352142,126.86986482