시군명,발생년도,발생일자,주야구분명,사고요일,사고유형_대분류,사고유형,법규위반대분류명,법규위반내용,도로형태_대분류,도로형태,가해자 당사자 종별,당사자1_차종,피해자 당사자 종별,당사자2_차종,사망자수,중상자수,부상자수,부상신고자수,경상자수,WGS84위도,WGS84경도
파주시,2013   ,2013-06-01 08시,주간,토요일,차대사람,횡단중,운전자법규위반,안전운전 의무 불이행,단일로,횡단보도부근,화물차,중형,보행자,보행자,1,0,1,0,0,37.72892718,126.83933283
용인시,2013   ,2013-06-01 07시,주간,토요일,차대사람,기타,운전자법규위반,안전운전 의무 불이행,단일로,기타단일로,승합차,중형,보행자,보행자,1,0,1,0,0,37.23494605,127.10574621
성남시,2013   ,2013-05-31 14시,주간,금요일,차대사람,기타,운전자법규위반,안전운전 의무 불이행,교차로,교차로내,화물차,소형,보행자,보행자,1,0,1,0,0,37.37311384,127.11751577
고양시,2013   ,2013-05-31 10시,주간,금요일,차대사람,횡단중,운전자법규위반,안전운전 의무 불이행,단일로,횡단보도상,승합차,대형,보행자,보행자,1,0,1,0,0,37.66910572,126.7644322
부천시,2013   ,2013-05-31 00시,야간,금요일,차대사람,횡단중,운전자법규위반,안전운전 의무 불이행,교차로,교차로부근,승용차,중형,보행자,보행자,1,0,1,0,0,37.50650206,126.74270574
부천시,2013   ,2013-05-30 23시,야간,목요일,차대사람,횡단중,운전자법규위반,안전운전 의무 불이행,단일로,기타단일로,승용차,중형,보행자,보행자,1,0,1,0,0,37.48304308,126.80893822
수원시,2013   ,2013-05-29 21시,야간,수요일,차대사람,기타,운전자법규위반,안전운전 의무 불이행,단일로,횡단보도부근,승용차,중형,보행자,보행자,1,0,1,0,0,37.24142711,127.05248487
양평군,2013   ,2013-05-29 18시,야간,수요일,차량단독,전도전복,운전자법규위반,안전운전 의무 불이행,단일로,기타단일로,자전거,자전거,없음,없음,1,0,1,0,0,37.5453195,127.32864419
의정부시,2013   ,2013-05-29 04시,야간,수요일,차대차,주정차중 추돌,운전자법규위반,안전운전 의무 불이행,단일로,기타단일로,승용차,중형,화물차,소형,1,0,1,0,0,37.69719445,127.04817148
수원시,2013   ,2013-05-29 03시,야간,수요일,차대사람,기타,운전자법규위반,안전운전 의무 불이행,단일로,기타단일로,승용차,소형,보행자,보행자,1,0,1,0,0,37.25104608,126.98086488
안양시,2013   ,2013-05-29 02시,야간,수요일,차대차,진행중 추돌,운전자법규위반,안전거리 미확보,단일로,기타단일로,불명,불명,승용차,대형,1,0,1,0,0,37.4195097,126.89380892
평택시,2013   ,2013-05-28 22시,야간,화요일,차대차,주정차중 추돌,운전자법규위반,안전운전 의무 불이행,단일로,기타단일로,승용차,중형,승용차,중형,1,0,3,0,2,37.05275551,126.89473665
광주시,2013   ,2013-05-28 15시,주간,화요일,차대사람,기타,운전자법규위반,안전운전 의무 불이행,단일로,기타단일로,화물차,소형,보행자,보행자,1,0,1,0,0,37.40767706,127.25944321
수원시,2013   ,2013-05-27 22시,야간,월요일,차대사람,횡단중,운전자법규위반,안전운전 의무 불이행,교차로,교차로내,승합차,중형,보행자,보행자,1,0,1,0,0,37.23635618,127.02570558
화성시,2013   ,2013-05-27 09시,주간,월요일,차대차,정면충돌,운전자법규위반,중앙선 침범,단일로,기타단일로,승용차,소형,승용차,경형,1,1,3,0,1,37.25259194,126.85780206
시흥시,2013   ,2013-05-27 09시,주간,월요일,차량단독,전도전복,운전자법규위반,안전운전 의무 불이행,단일로,기타단일로,화물차,중형,없음,없음,1,0,1,0,0,37.39495015,126.84937487
수원시,2013   ,2013-05-27 01시,야간,월요일,차대차,기타,운전자법규위반,신호위반,교차로,교차로내,이륜차,중형,승용차,중형,2,0,3,0,1,37.26840682,127.0272077
평택시,2013   ,2013-05-26 23시,야간,일요일,차대사람,기타,운전자법규위반,안전운전 의무 불이행,단일로,기타단일로,승용차,중형,보행자,보행자,1,0,1,0,0,36.98741659,126.89580534
고양시,2013   ,2013-05-26 05시,야간,일요일,차량단독,기타,운전자법규위반,안전운전 의무 불이행,단일로,기타단일로,이륜차,소형,없음,없음,1,0,1,0,0,37.67931838,126.74754121
파주시,2013   ,2013-05-26 03시,야간,일요일,차대차,진행중 추돌,운전자법규위반,안전운전 의무 불이행,교차로,교차로내,이륜차,소형,승합차,대형,1,0,1,0,0,37.70958537,126.75475702
양평군,2013   ,2013-05-26 01시,야간,일요일,차대차,정면충돌,운전자법규위반,중앙선 침범,단일로,기타단일로,승용차,중형,이륜차,중형,1,0,2,0,1,37.48152743,127.54774247
수원시,2013   ,2013-05-25 23시,야간,토요일,차대사람,횡단중,운전자법규위반,신호위반,단일로,횡단보도상,승용차,소형,보행자,보행자,1,0,1,0,0,37.28727417,126.99380173
수원시,2013   ,2013-05-25 10시,주간,토요일,차대차,측면충돌,운전자법규위반,신호위반,교차로,교차로내,원동기장치자전거,원동기장치자전거,승용차,중형,1,0,1,0,0,37.25237272,126.98649919
시흥시,2013   ,2013-05-25 07시,주간,토요일,차대차,측면충돌,운전자법규위반,과속,단일로,기타단일로,화물차,소형,자전거,자전거,1,0,1,0,0,37.36402809,126.75172871
시흥시,2013   ,2013-05-25 06시,주간,토요일,차대사람,횡단중,운전자법규위반,보행자 보호의무 위반,단일로,횡단보도상,화물차,소형,보행자,보행자,1,0,1,0,0,37.36384092,126.81143548
안성시,2013   ,2013-05-24 17시,주간,금요일,차량단독,도로이탈 추락,운전자법규위반,안전운전 의무 불이행,단일로,기타단일로,승용차,중형,없음,없음,1,1,2,0,0,36.93508019,127.3185436
용인시,2013   ,2013-05-24 14시,주간,금요일,차대차,측면충돌,운전자법규위반,신호위반,교차로,교차로내,화물차,소형,승용차,경형,1,0,1,0,0,37.25147381,127.32559076
안성시,2013   ,2013-05-24 06시,주간,금요일,차량단독,도로이탈 기타,운전자법규위반,안전운전 의무 불이행,단일로,기타단일로,특수차,대형,없음,없음,1,1,2,0,0,37.03317729,127.10979376
안양시,2013   ,2013-05-23 09시,주간,목요일,차대사람,기타,운전자법규위반,기타(운전자법규위반),단일로,기타단일로,승용차,소형,보행자,보행자,1,0,1,0,0,37.40067372,126.94692548
부천시,2013   ,2013-05-23 06시,주간,목요일,차량단독,기타,운전자법규위반,안전운전 의무 불이행,단일로,기타단일로,화물차,소형,없음,없음,1,0,1,0,0,37.52061651,126.80567446
여주시,2013   ,2013-05-22 10시,주간,수요일,차대사람,기타,운전자법규위반,안전운전 의무 불이행,단일로,기타단일로,화물차,소형,보행자,보행자,1,0,1,0,0,37.20670135,127.66139126
가평군,2013   ,2013-05-21 05시,야간,화요일,차량단독,도로이탈 기타,운전자법규위반,안전운전 의무 불이행,단일로,기타단일로,원동기장치자전거,원동기장치자전거,없음,없음,1,0,1,0,0,37.67267825,127.5058626
평택시,2013   ,2013-05-20 21시,야간,월요일,차대차,기타,운전자법규위반,중앙선 침범,단일로,기타단일로,승용차,소형,화물차,소형,1,2,3,0,0,36.96202798,126.92583023
화성시,2013   ,2013-05-20 16시,주간,월요일,차대차,기타,운전자법규위반,안전운전 의무 불이행,단일로,기타단일로,건설기계,건설기계,자전거,자전거,1,0,1,0,0,37.20907996,127.03027158
양주시,2013   ,2013-05-20 12시,주간,월요일,차대차,진행중 추돌,운전자법규위반,신호위반,교차로,교차로내,승용차,중형,원동기장치자전거,원동기장치자전거,1,0,1,0,0,37.83612706,126.97305826
평택시,2013   ,2013-05-20 12시,주간,월요일,차대차,기타,운전자법규위반,안전운전 의무 불이행,단일로,기타단일로,화물차,경형,승용차,소형,1,0,1,0,0,37.03007862,127.12445969
김포시,2013   ,2013-05-19 22시,야간,일요일,차대사람,기타,운전자법규위반,안전운전 의무 불이행,단일로,기타단일로,승용차,중형,보행자,보행자,1,0,1,0,0,37.61858938,126.72285118
의정부시,2013   ,2013-05-19 01시,야간,일요일,차대차,정면충돌,운전자법규위반,중앙선 침범,기타/불명,기타/불명,승용차,중형,승합차,중형,1,2,3,0,0,37.77839104,127.11538815
연천군,2013   ,2013-05-19 00시,야간,일요일,차량단독,공작물충돌,운전자법규위반,안전운전 의무 불이행,단일로,기타단일로,승용차,중형,없음,없음,1,1,2,0,0,37.98656654,127.06936028
이천시,2013   ,2013-05-18 21시,야간,토요일,차대사람,횡단중,운전자법규위반,안전운전 의무 불이행,단일로,기타단일로,승용차,경형,보행자,보행자,1,0,1,0,0,37.30764386,127.43753972
포천시,2013   ,2013-05-18 18시,야간,토요일,차량단독,공작물충돌,운전자법규위반,안전운전 의무 불이행,단일로,기타단일로,승용차,대형,없음,없음,1,0,1,0,0,38.00033116,127.24673395
평택시,2013   ,2013-05-18 17시,주간,토요일,차대차,측면충돌,운전자법규위반,중앙선 침범,단일로,기타단일로,승합차,대형,승용차,대형,1,1,2,0,0,36.99417674,126.93409577
의정부시,2013   ,2013-05-18 05시,야간,토요일,차량단독,공작물충돌,운전자법규위반,안전운전 의무 불이행,단일로,기타단일로,이륜차,소형,없음,없음,1,0,1,0,0,37.71954313,127.10201208
광명시,2013   ,2013-05-17 16시,주간,금요일,차대차,진행중 추돌,운전자법규위반,신호위반,교차로,교차로내,승용차,중형,이륜차,소형,1,0,1,0,0,37.43886866,126.89511103
광주시,2013   ,2013-05-17 15시,주간,금요일,차량단독,전도전복,운전자법규위반,안전운전 의무 불이행,교차로,교차로내,농기계,농기계,없음,없음,1,0,1,0,0,37.28032057,127.32084281
김포시,2013   ,2013-05-17 11시,주간,금요일,차대차,측면충돌,운전자법규위반,안전거리 미확보,단일로,기타단일로,이륜차,중형,승합차,대형,1,0,1,0,0,37.60757373,126.74443612
양평군,2013   ,2013-05-17 00시,야간,금요일,차대사람,차도통행중,운전자법규위반,안전운전 의무 불이행,단일로,기타단일로,승합차,소형,보행자,보행자,1,0,1,0,0,37.42309458,127.53896897
화성시,2013   ,2013-05-16 21시,야간,목요일,차대사람,길가장자리구역통행중,운전자법규위반,안전운전 의무 불이행,단일로,기타단일로,승용차,중형,보행자,보행자,1,0,1,0,0,37.16908588,126.95284374
화성시,2013   ,2013-05-16 17시,주간,목요일,차대차,진행중 추돌,운전자법규위반,차로위반(진로변경 위반),단일로,기타단일로,원동기장치자전거,원동기장치자전거,화물차,중형,1,0,1,0,0,37.1083298,126.87598314
고양시,2013   ,2013-05-16 15시,주간,목요일,차대차,측면충돌,운전자법규위반,안전거리 미확보,단일로,횡단보도상,자전거,자전거,승합차,대형,1,0,1,0,0,37.65358707,126.89503998
양주시,2013   ,2013-05-16 07시,주간,목요일,차량단독,공작물충돌,운전자법규위반,안전운전 의무 불이행,단일로,기타단일로,화물차,중형,없음,없음,1,0,1,0,0,37.70916049,126.97142863
수원시,2013   ,2013-05-16 05시,야간,목요일,차대차,측면충돌,운전자법규위반,신호위반,교차로,교차로내,이륜차,소형,승용차,대형,1,0,2,0,1,37.25895819,127.04276168
광주시,2013   ,2013-05-16 03시,야간,목요일,차량단독,공작물충돌,운전자법규위반,안전운전 의무 불이행,단일로,기타단일로,이륜차,중형,없음,없음,1,0,1,0,0,37.45283984,127.25259398
안산시,2013   ,2013-05-15 14시,주간,수요일,차대차,기타,운전자법규위반,중앙선 침범,단일로,기타단일로,자전거,자전거,승용차,중형,1,0,1,0,0,37.32785065,126.81792698
남양주시,2013   ,2013-05-15 03시,야간,수요일,차대사람,횡단중,운전자법규위반,안전운전 의무 불이행,교차로,교차로부근,승용차,대형,보행자,보행자,1,0,1,0,0,37.63318644,127.20666284
수원시,2013   ,2013-05-15 01시,야간,수요일,차대차,측면충돌,운전자법규위반,신호위반,교차로,교차로내,승용차,대형,승용차,경형,1,6,7,0,0,37.26686393,127.03364604
부천시,2013   ,2013-05-14 13시,주간,화요일,차대사람,기타,운전자법규위반,보행자 보호의무 위반,교차로,교차로부근,건설기계,건설기계,보행자,보행자,1,0,1,0,0,37.52748591,126.78323627
시흥시,2013   ,2013-05-13 23시,야간,월요일,차대사람,횡단중,운전자법규위반,과속,교차로,교차로내,승용차,중형,보행자,보행자,1,0,1,0,0,37.38119541,126.78911527
이천시,2013   ,2013-05-13 20시,야간,월요일,차대차,정면충돌,운전자법규위반,중앙선 침범,단일로,기타단일로,승용차,소형,이륜차,소형,1,0,1,0,0,37.31815843,127.40364993
수원시,2013   ,2013-05-13 09시,주간,월요일,차대차,주정차중 추돌,운전자법규위반,안전운전 의무 불이행,교차로,교차로부근,승용차,중형,화물차,대형,1,0,1,0,0,37.30132033,126.96459247
수원시,2013   ,2013-05-12 22시,야간,일요일,차대사람,횡단중,운전자법규위반,안전운전 의무 불이행,단일로,기타단일로,승용차,중형,보행자,보행자,1,0,1,0,0,37.27357727,127.00215764
용인시,2013   ,2013-05-12 12시,주간,일요일,차량단독,전도전복,운전자법규위반,안전운전 의무 불이행,단일로,기타단일로,승합차,소형,없음,없음,1,0,6,5,0,37.28217191,127.17121368
여주시,2013   ,2013-05-12 09시,주간,일요일,차대차,측면충돌,운전자법규위반,안전운전 의무 불이행,교차로,교차로내,이륜차,사발이,승합차,대형,1,0,1,0,0,37.29913577,127.62823505
안산시,2013   ,2013-05-11 22시,야간,토요일,차량단독,도로이탈 기타,운전자법규위반,안전운전 의무 불이행,단일로,기타단일로,이륜차,중형,없음,없음,1,0,1,0,0,37.2981773,126.91564634
파주시,2013   ,2013-05-11 17시,주간,토요일,차대차,기타,운전자법규위반,안전운전 의무 불이행,단일로,기타단일로,이륜차,중형,화물차,소형,1,0,1,0,0,37.81784484,126.79322268
군포시,2013   ,2013-05-10 22시,야간,금요일,차대사람,횡단중,운전자법규위반,신호위반,단일로,횡단보도상,특수차,중형,보행자,보행자,1,0,1,0,0,37.36745561,126.93570863
용인시,2013   ,2013-05-08 01시,야간,수요일,차대사람,기타,운전자법규위반,안전운전 의무 불이행,교차로,교차로내,승용차,중형,보행자,보행자,1,0,1,0,0,37.25846847,127.212454
평택시,2013   ,2013-05-07 23시,야간,화요일,차대차,진행중 추돌,운전자법규위반,안전운전 의무 불이행,단일로,기타단일로,승용차,중형,건설기계,건설기계,1,0,3,0,2,37.12073663,127.10551753
이천시,2013   ,2013-05-07 15시,주간,화요일,차대차,정면충돌,운전자법규위반,중앙선 침범,교차로,교차로부근,이륜차,대형,화물차,대형,1,0,1,0,0,37.05591809,127.53083987
광명시,2013   ,2013-05-06 23시,야간,월요일,차대차,정면충돌,운전자법규위반,중앙선 침범,단일로,기타단일로,원동기장치자전거,원동기장치자전거,승합차,대형,1,0,1,0,0,37.43171783,126.84710812
이천시,2013   ,2013-05-06 16시,주간,월요일,차대차,측면충돌,운전자법규위반,직진 및 우회전차의 통행방해,교차로,교차로내,원동기장치자전거,원동기장치자전거,승용차,중형,1,1,2,0,0,37.27858609,127.45042719
안산시,2013   ,2013-05-06 12시,주간,월요일,차대차,진행중 추돌,운전자법규위반,안전운전 의무 불이행,단일로,기타단일로,화물차,소형,화물차,소형,1,0,2,0,1,37.35268561,126.87202405
화성시,2013   ,2013-05-05 07시,주간,일요일,차량단독,전도전복,운전자법규위반,안전운전 의무 불이행,교차로,교차로내,승용차,중형,없음,없음,1,1,2,0,0,37.22103078,127.02755992
성남시,2013   ,2013-05-04 09시,주간,토요일,차량단독,공작물충돌,운전자법규위반,안전운전 의무 불이행,단일로,기타단일로,승용차,중형,없음,없음,1,0,2,0,1,37.43231755,127.19204217
하남시,2013   ,2013-05-04 06시,주간,토요일,차대차,측면충돌,운전자법규위반,신호위반,교차로,교차로내,화물차,대형,승용차,중형,1,0,3,0,2,37.54873966,127.21841453
안양시,2013   ,2013-05-03 09시,주간,금요일,차대사람,보도통행중,운전자법규위반,보행자 보호의무 위반,교차로,교차로부근,승합차,대형,보행자,보행자,1,0,1,0,0,37.39899487,126.94527902
안성시,2013   ,2013-05-03 06시,주간,금요일,차대차,정면충돌,운전자법규위반,중앙선 침범,단일로,기타단일로,승용차,대형,화물차,중형,1,1,2,0,0,37.03589774,127.42857643
평택시,2013   ,2013-05-02 19시,야간,목요일,차량단독,공작물충돌,운전자법규위반,안전운전 의무 불이행,기타/불명,기타/불명,화물차,중형,없음,없음,1,0,1,0,0,37.04767625,126.9813813
파주시,2013   ,2013-05-02 15시,주간,목요일,차량단독,공작물충돌,운전자법규위반,안전운전 의무 불이행,단일로,기타단일로,승용차,중형,없음,없음,1,0,1,0,0,37.82762955,126.6984946
시흥시,2013   ,2013-05-01 11시,주간,수요일,차대사람,횡단중,운전자법규위반,안전운전 의무 불이행,단일로,기타단일로,승용차,중형,보행자,보행자,1,0,1,0,0,37.35349191,126.73355285
고양시,2013   ,2013-05-01 10시,주간,수요일,차대차,진행중 추돌,운전자법규위반,안전거리 미확보,단일로,기타단일로,자전거,자전거,승합차,대형,1,0,1,0,0,37.60897788,126.8621032
구리시,2013   ,2013-05-01 08시,주간,수요일,차대사람,횡단중,운전자법규위반,안전운전 의무 불이행,교차로,교차로내,승합차,대형,보행자,보행자,1,0,1,0,0,37.59233591,127.13794132
성남시,2013   ,2013-04-30 23시,야간,화요일,차대사람,차도통행중,운전자법규위반,안전운전 의무 불이행,교차로,교차로부근,승용차,중형,보행자,보행자,1,0,1,0,0,37.35379521,127.10182962
안성시,2013   ,2013-04-30 23시,야간,화요일,차대사람,횡단중,운전자법규위반,안전운전 의무 불이행,단일로,기타단일로,화물차,소형,보행자,보행자,1,0,1,0,0,37.00002084,127.22500492
동두천시,2013   ,2013-04-30 20시,야간,화요일,차대차,기타,운전자법규위반,안전운전 의무 불이행,단일로,기타단일로,승용차,중형,승합차,대형,1,0,1,0,0,37.89649515,127.05822741
광명시,2013   ,2013-04-30 09시,주간,화요일,차대차,측면충돌,운전자법규위반,신호위반,교차로,교차로부근,승용차,중형,승용차,중형,1,2,4,0,1,37.48523774,126.85647197
수원시,2013   ,2013-04-30 09시,주간,화요일,차대차,측면충돌,운전자법규위반,안전운전 의무 불이행,단일로,기타단일로,승용차,소형,승용차,소형,1,2,4,0,1,37.30602759,127.03989116
화성시,2013   ,2013-04-30 06시,주간,화요일,차대사람,횡단중,운전자법규위반,안전운전 의무 불이행,단일로,기타단일로,화물차,중형,보행자,보행자,1,0,1,0,0,37.21986032,126.94837206
이천시,2013   ,2013-04-28 19시,야간,일요일,차량단독,도로이탈 기타,운전자법규위반,안전운전 의무 불이행,단일로,기타단일로,이륜차,중형,없음,없음,1,0,1,0,0,37.28463627,127.43050801
평택시,2013   ,2013-04-28 15시,주간,일요일,차대사람,기타,운전자법규위반,안전운전 의무 불이행,교차로,교차로부근,승용차,중형,보행자,보행자,1,0,1,0,0,37.00512263,127.08398147
성남시,2013   ,2013-04-28 13시,주간,일요일,차대사람,기타,운전자법규위반,안전운전 의무 불이행,단일로,기타단일로,승합차,대형,보행자,보행자,1,0,1,0,0,37.43719332,127.15896936
수원시,2013   ,2013-04-27 22시,야간,토요일,차대사람,차도통행중,운전자법규위반,안전운전 의무 불이행,교차로,교차로내,승용차,경형,보행자,보행자,1,0,1,0,0,37.27378616,126.9850351
부천시,2013   ,2013-04-27 17시,주간,토요일,차대차,정면충돌,운전자법규위반,신호위반,교차로,교차로부근,승용차,중형,원동기장치자전거,원동기장치자전거,1,0,1,0,0,37.53100799,126.80549892
포천시,2013   ,2013-04-27 10시,주간,토요일,차대사람,기타,운전자법규위반,안전운전 의무 불이행,단일로,기타단일로,승용차,소형,보행자,보행자,1,1,2,0,0,37.83151922,127.14931569
고양시,2013   ,2013-04-27 04시,야간,토요일,차량단독,공작물충돌,운전자법규위반,안전운전 의무 불이행,단일로,기타단일로,승용차,경형,없음,없음,1,0,1,0,0,37.62413196,126.78698941
여주시,2013   ,2013-04-26 21시,야간,금요일,차대사람,기타,운전자법규위반,안전운전 의무 불이행,단일로,기타단일로,화물차,중형,보행자,보행자,1,0,1,0,0,37.41792014,127.45945155
연천군,2013   ,2013-04-26 20시,야간,금요일,차대사람,횡단중,운전자법규위반,신호위반,단일로,횡단보도상,승합차,중형,보행자,보행자,1,1,3,0,1,38.03311716,127.06430201
수원시,2013   ,2013-04-26 08시,주간,금요일,차대차,진행중 추돌,운전자법규위반,안전운전 의무 불이행,단일로,기타단일로,승용차,중형,자전거,자전거,1,0,1,0,0,37.25002194,126.9765087
파주시,2013   ,2013-04-25 12시,주간,목요일,차량단독,기타,운전자법규위반,안전운전 의무 불이행,단일로,기타단일로,화물차,소형,없음,없음,1,1,2,0,0,37.72303209,126.68776544
이천시,2013   ,2013-04-24 00시,야간,수요일,차대사람,횡단중,운전자법규위반,안전운전 의무 불이행,단일로,기타단일로,승합차,소형,보행자,보행자,1,0,1,0,0,37.29068681,127.50718668
광주시,2013   ,2013-04-23 19시,야간,화요일,차대사람,횡단중,운전자법규위반,안전운전 의무 불이행,교차로,교차로부근,화물차,소형,보행자,보행자,1,0,1,0,0,37.32415993,127.33638265
김포시,2013   ,2013-04-23 15시,주간,화요일,차대차,기타,운전자법규위반,안전운전 의무 불이행,기타/불명,기타/불명,화물차,소형,승용차,중형,1,0,1,0,0,37.64995059,126.67470326
하남시,2013   ,2013-04-23 05시,야간,화요일,차대차,진행중 추돌,운전자법규위반,안전운전 의무 불이행,단일로,기타단일로,승용차,중형,화물차,대형,1,0,2,0,1,37.57987791,127.18458348
포천시,2013   ,2013-04-22 08시,주간,월요일,차대사람,횡단중,운전자법규위반,안전운전 의무 불이행,단일로,기타단일로,승용차,소형,보행자,보행자,1,0,1,0,0,37.84911347,127.19452249
안산시,2013   ,2013-04-22 02시,야간,월요일,차대차,기타,운전자법규위반,신호위반,교차로,교차로내,승용차,중형,승용차,중형,1,3,4,0,0,37.30357658,126.84343326
화성시,2013   ,2013-04-21 10시,주간,일요일,차량단독,전도전복,운전자법규위반,안전운전 의무 불이행,단일로,기타단일로,승용차,대형,없음,없음,1,1,2,0,0,37.08058045,126.83064547
수원시,2013   ,2013-04-21 00시,야간,일요일,차대사람,횡단중,운전자법규위반,신호위반,교차로,교차로내,승용차,중형,보행자,보행자,1,0,1,0,0,37.24800174,127.06797251
화성시,2013   ,2013-04-20 20시,야간,토요일,차대차,진행중 추돌,운전자법규위반,안전운전 의무 불이행,단일로,기타단일로,화물차,소형,농기계,농기계,1,0,1,0,0,37.22348814,126.78876091
화성시,2013   ,2013-04-20 18시,야간,토요일,차량단독,공작물충돌,운전자법규위반,안전운전 의무 불이행,단일로,기타단일로,화물차,소형,없음,없음,1,0,1,0,0,37.22879319,126.91117712
안산시,2013   ,2013-04-20 05시,야간,토요일,차대사람,횡단중,운전자법규위반,안전운전 의무 불이행,단일로,기타단일로,승용차,중형,보행자,보행자,1,0,1,0,0,37.31899232,126.83735141
고양시,2013   ,2013-04-20 04시,야간,토요일,차량단독,공작물충돌,운전자법규위반,안전운전 의무 불이행,교차로,교차로내,승용차,중형,없음,없음,1,0,1,0,0,37.65048375,126.79247358
평택시,2013   ,2013-04-20 00시,야간,토요일,차대사람,횡단중,운전자법규위반,안전운전 의무 불이행,단일로,기타단일로,승용차,중형,보행자,보행자,1,0,1,0,0,37.00360245,127.08879236
포천시,2013   ,2013-04-19 23시,야간,금요일,차량단독,공작물충돌,운전자법규위반,안전운전 의무 불이행,단일로,기타단일로,승용차,경형,없음,없음,1,0,1,0,0,38.01883696,127.3698033
부천시,2013   ,2013-04-18 19시,야간,목요일,차대사람,기타,운전자법규위반,안전운전 의무 불이행,단일로,기타단일로,승용차,중형,보행자,보행자,1,0,1,0,0,37.51551972,126.79734813
의왕시,2013   ,2013-04-17 12시,주간,수요일,차대차,기타,운전자법규위반,과속,단일로,기타단일로,승용차,소형,자전거,자전거,2,1,6,0,3,37.39360039,127.01614189
동두천시,2013   ,2013-04-17 11시,주간,수요일,차량단독,공작물충돌,운전자법규위반,안전운전 의무 불이행,단일로,기타단일로,승용차,소형,없음,없음,1,0,1,0,0,37.89565213,127.0404895
용인시,2013   ,2013-04-17 05시,야간,수요일,차량단독,공작물충돌,운전자법규위반,안전운전 의무 불이행,단일로,기타단일로,승용차,중형,없음,없음,1,0,3,0,2,37.30531097,127.07757493
안산시,2013   ,2013-04-16 04시,야간,화요일,차량단독,공작물충돌,운전자법규위반,안전운전 의무 불이행,단일로,기타단일로,이륜차,소형,없음,없음,1,1,2,0,0,37.34411526,126.79555212
김포시,2013   ,2013-04-14 22시,야간,일요일,차대사람,횡단중,운전자법규위반,안전운전 의무 불이행,교차로,교차로부근,승용차,경형,보행자,보행자,1,0,1,0,0,37.64510387,126.55236671
고양시,2013   ,2013-04-13 21시,야간,토요일,차대차,측면충돌,운전자법규위반,중앙선 침범,단일로,기타단일로,승용차,중형,이륜차,대형,1,0,1,0,0,37.62567341,126.81750388
남양주시,2013   ,2013-04-13 20시,야간,토요일,차대사람,횡단중,운전자법규위반,안전운전 의무 불이행,단일로,기타단일로,승용차,소형,보행자,보행자,1,0,1,0,0,37.63293595,127.20380776
평택시,2013   ,2013-04-13 12시,주간,토요일,차대차,주정차중 추돌,운전자법규위반,안전운전 의무 불이행,단일로,기타단일로,승합차,대형,승합차,대형,1,13,22,0,8,36.99323935,127.15461558
광주시,2013   ,2013-04-13 00시,야간,토요일,차대차,정면충돌,운전자법규위반,중앙선 침범,단일로,기타단일로,화물차,소형,승합차,대형,1,5,22,0,16,37.34040746,127.20050111
의왕시,2013   ,2013-04-11 20시,야간,목요일,차대사람,기타,운전자법규위반,안전운전 의무 불이행,기타/불명,기타/불명,승용차,대형,보행자,보행자,1,0,1,0,0,37.39275063,126.98153263
가평군,2013   ,2013-04-11 16시,주간,목요일,차대사람,기타,운전자법규위반,안전운전 의무 불이행,단일로,횡단보도상,승용차,중형,보행자,보행자,1,0,1,0,0,37.79284946,127.36661175
양주시,2013   ,2013-04-11 09시,주간,목요일,차대사람,차도통행중,운전자법규위반,안전운전 의무 불이행,교차로,교차로부근,화물차,대형,보행자,보행자,1,0,1,0,0,37.82453738,126.98143547
고양시,2013   ,2013-04-11 04시,야간,목요일,차량단독,전도전복,운전자법규위반,안전운전 의무 불이행,단일로,기타단일로,이륜차,소형,없음,없음,1,0,1,0,0,37.67678311,126.77592825
남양주시,2013   ,2013-04-11 00시,야간,목요일,차대차,정면충돌,운전자법규위반,중앙선 침범,단일로,기타단일로,승용차,소형,승용차,중형,2,0,2,0,0,37.59089136,127.20509586
여주시,2013   ,2013-04-09 21시,야간,화요일,차대차,진행중 추돌,운전자법규위반,안전운전 의무 불이행,단일로,기타단일로,승용차,대형,건설기계,건설기계,1,0,2,0,1,37.29774275,127.60581313
포천시,2013   ,2013-04-09 14시,주간,화요일,차대사람,기타,운전자법규위반,안전운전 의무 불이행,기타/불명,기타/불명,건설기계,건설기계,보행자,보행자,1,0,1,0,0,37.84096705,127.1348768
수원시,2013   ,2013-04-09 13시,주간,화요일,차대사람,보도통행중,운전자법규위반,기타(운전자법규위반),단일로,기타단일로,건설기계,건설기계,보행자,보행자,1,0,1,0,0,37.26167123,127.00381161
양평군,2013   ,2013-04-08 17시,주간,월요일,차대차,기타,운전자법규위반,안전운전 의무 불이행,교차로,교차로부근,불명,불명,이륜차,소형,1,0,1,0,0,37.45473881,127.48923605
안성시,2013   ,2013-04-07 17시,주간,일요일,차대차,기타,운전자법규위반,안전운전 의무 불이행,단일로,기타단일로,화물차,중형,화물차,소형,1,0,1,0,0,36.97551855,127.30672916
용인시,2013   ,2013-04-06 03시,야간,토요일,차대차,주정차중 추돌,운전자법규위반,안전운전 의무 불이행,단일로,기타단일로,화물차,대형,화물차,중형,1,0,1,0,0,37.26520444,127.10392386
김포시,2013   ,2013-04-06 00시,야간,토요일,차량단독,전도전복,운전자법규위반,안전운전 의무 불이행,단일로,기타단일로,이륜차,소형,없음,없음,1,0,1,0,0,37.62853773,126.70625856
성남시,2013   ,2013-04-05 09시,주간,금요일,차대사람,기타,운전자법규위반,안전운전 의무 불이행,단일로,기타단일로,화물차,소형,보행자,보행자,1,0,1,0,0,37.4540132,127.15287795
동두천시,2013   ,2013-04-04 16시,주간,목요일,차대차,측면충돌,운전자법규위반,신호위반,교차로,교차로내,화물차,소형,이륜차,대형,1,0,1,0,0,37.90752701,127.05821833
포천시,2013   ,2013-04-03 21시,야간,수요일,차대사람,횡단중,운전자법규위반,안전운전 의무 불이행,교차로,교차로내,승용차,중형,보행자,보행자,1,0,1,0,0,37.81659358,127.13568653