시군명,발생년도,발생일자,주야구분명,사고요일,사고유형_대분류,사고유형,법규위반대분류명,법규위반내용,도로형태_대분류,도로형태,가해자 당사자 종별,당사자1_차종,피해자 당사자 종별,당사자2_차종,사망자수,중상자수,부상자수,부상신고자수,경상자수,WGS84위도,WGS84경도
평택시,2013   ,2013-04-03 20시,야간,수요일,차대차,기타,운전자법규위반,신호위반,교차로,교차로내,화물차,중형,승용차,중형,1,0,1,0,0,36.9669565,126.84973103
성남시,2013   ,2013-04-03 17시,주간,수요일,차대차,측면충돌,운전자법규위반,안전운전 의무 불이행,교차로,교차로내,승용차,중형,이륜차,중형,1,0,1,0,0,37.45051656,127.14674976
파주시,2013   ,2013-04-02 17시,주간,화요일,차대사람,기타,운전자법규위반,안전운전 의무 불이행,교차로,교차로부근,화물차,소형,보행자,보행자,1,0,1,0,0,37.73875876,126.70078168
화성시,2013   ,2013-04-02 08시,주간,화요일,차대차,측면충돌,운전자법규위반,교차로 통행방법 위반,교차로,교차로내,승용차,소형,승용차,소형,1,1,3,0,1,37.08688048,126.8147141
성남시,2013   ,2013-04-01 09시,주간,월요일,차대사람,차도통행중,운전자법규위반,안전운전 의무 불이행,교차로,교차로부근,승합차,대형,보행자,보행자,1,0,1,0,0,37.43377695,127.12898549
평택시,2013   ,2013-03-31 00시,야간,일요일,차대사람,기타,운전자법규위반,안전운전 의무 불이행,교차로,교차로부근,승용차,중형,보행자,보행자,1,0,1,0,0,36.99106745,127.09519785
안성시,2013   ,2013-03-30 06시,주간,토요일,차대차,측면충돌,운전자법규위반,신호위반,교차로,교차로내,승용차,중형,승용차,소형,1,1,2,0,0,36.96108857,127.24570179
광주시,2013   ,2013-03-29 23시,야간,금요일,차대차,정면충돌,운전자법규위반,중앙선 침범,단일로,기타단일로,화물차,소형,승합차,대형,1,2,8,0,5,37.34691392,127.21821255
오산시,2013   ,2013-03-29 15시,주간,금요일,차대차,주정차중 추돌,운전자법규위반,중앙선 침범,단일로,기타단일로,화물차,경형,승합차,대형,1,0,2,0,1,37.19024335,127.04645188
연천군,2013   ,2013-03-29 14시,주간,금요일,차량단독,공작물충돌,운전자법규위반,안전운전 의무 불이행,단일로,기타단일로,이륜차,중형,없음,없음,1,0,1,0,0,37.9348609,127.00123587
용인시,2013   ,2013-03-29 10시,주간,금요일,차대사람,횡단중,운전자법규위반,안전운전 의무 불이행,교차로,교차로내,화물차,경형,보행자,보행자,1,0,1,0,0,37.29013247,127.14964973
평택시,2013   ,2013-03-29 05시,야간,금요일,차량단독,공작물충돌,운전자법규위반,중앙선 침범,단일로,기타단일로,승용차,중형,없음,없음,1,0,1,0,0,36.94779795,126.86883956
안산시,2013   ,2013-03-28 11시,주간,목요일,차대차,측면충돌,운전자법규위반,부당한 회전,단일로,기타단일로,자전거,자전거,승용차,중형,1,0,1,0,0,37.30147437,126.85951922
의정부시,2013   ,2013-03-28 04시,야간,목요일,차대사람,횡단중,운전자법규위반,안전운전 의무 불이행,단일로,횡단보도상,승용차,중형,보행자,보행자,1,0,1,0,0,37.73489248,127.04936111
안산시,2013   ,2013-03-28 02시,야간,목요일,차대사람,횡단중,운전자법규위반,안전운전 의무 불이행,교차로,교차로내,승용차,경형,보행자,보행자,1,2,4,0,1,37.30639406,126.85751404
평택시,2013   ,2013-03-27 22시,야간,수요일,차대사람,차도통행중,운전자법규위반,안전운전 의무 불이행,교차로,교차로부근,승합차,대형,보행자,보행자,1,0,1,0,0,36.99232771,127.10000093
용인시,2013   ,2013-03-27 16시,주간,수요일,차대사람,차도통행중,운전자법규위반,안전운전 의무 불이행,단일로,기타단일로,승용차,중형,보행자,보행자,1,0,1,0,0,37.28149986,127.15364926
안산시,2013   ,2013-03-27 15시,주간,수요일,차대차,진행중 추돌,운전자법규위반,안전운전 의무 불이행,단일로,지하차도(도로)내,건설기계,건설기계,원동기장치자전거,원동기장치자전거,1,0,1,0,0,37.30364464,126.8595886
안성시,2013   ,2013-03-27 13시,주간,수요일,차대차,측면충돌,운전자법규위반,안전운전 의무 불이행,단일로,기타단일로,화물차,중형,자전거,자전거,1,0,1,0,0,37.07077144,127.41108466
화성시,2013   ,2013-03-27 00시,야간,수요일,차량단독,기타,운전자법규위반,안전운전 의무 불이행,단일로,기타단일로,이륜차,소형,없음,없음,1,0,1,0,0,37.2129283,127.08565296
안양시,2013   ,2013-03-25 22시,야간,월요일,차대차,정면충돌,운전자법규위반,중앙선 침범,단일로,기타단일로,승용차,중형,승용차,소형,1,1,2,0,0,37.38120773,126.95626503
안양시,2013   ,2013-03-24 21시,야간,일요일,차대사람,기타,운전자법규위반,안전운전 의무 불이행,단일로,기타단일로,승용차,대형,보행자,보행자,1,0,1,0,0,37.40867618,126.91301296
시흥시,2013   ,2013-03-24 21시,야간,일요일,차대사람,횡단중,운전자법규위반,신호위반,교차로,교차로내,승용차,대형,보행자,보행자,1,0,1,0,0,37.36382117,126.806512
의정부시,2013   ,2013-03-24 04시,야간,일요일,차량단독,공작물충돌,운전자법규위반,안전운전 의무 불이행,단일로,터널안,승용차,중형,없음,없음,1,0,1,0,0,37.71896032,127.01607592
고양시,2013   ,2013-03-24 01시,야간,일요일,차량단독,공작물충돌,운전자법규위반,안전운전 의무 불이행,단일로,기타단일로,승용차,중형,없음,없음,2,1,3,0,0,37.60417277,126.82309299
수원시,2013   ,2013-03-23 20시,야간,토요일,차대사람,기타,운전자법규위반,신호위반,교차로,교차로내,승용차,중형,보행자,보행자,1,0,1,0,0,37.24842538,127.068017
용인시,2013   ,2013-03-23 07시,주간,토요일,차량단독,전도전복,운전자법규위반,안전운전 의무 불이행,단일로,기타단일로,이륜차,사발이,없음,없음,1,0,1,0,0,37.16058458,127.31956026
양평군,2013   ,2013-03-23 03시,야간,토요일,차대차,정면충돌,운전자법규위반,중앙선 침범,단일로,기타단일로,승용차,소형,화물차,소형,1,1,2,0,0,37.50731521,127.62303484
시흥시,2013   ,2013-03-22 07시,주간,금요일,차대차,진행중 추돌,운전자법규위반,안전운전 의무 불이행,단일로,기타단일로,화물차,소형,승용차,중형,1,0,1,0,0,37.32989912,126.7232725
안산시,2013   ,2013-03-22 00시,야간,금요일,차대사람,횡단중,운전자법규위반,안전운전 의무 불이행,단일로,기타단일로,승용차,대형,보행자,보행자,1,0,1,0,0,37.30110188,126.86399062
성남시,2013   ,2013-03-21 15시,주간,목요일,차대사람,차도통행중,운전자법규위반,안전운전 의무 불이행,단일로,기타단일로,승용차,중형,보행자,보행자,1,0,1,0,0,37.40490354,127.1253653
평택시,2013   ,2013-03-20 22시,야간,수요일,차량단독,공작물충돌,운전자법규위반,안전운전 의무 불이행,단일로,기타단일로,승용차,경형,없음,없음,1,0,1,0,0,37.00084618,127.09996755
성남시,2013   ,2013-03-19 23시,야간,화요일,차대사람,차도통행중,운전자법규위반,안전운전 의무 불이행,교차로,교차로부근,승용차,중형,보행자,보행자,1,0,1,0,0,37.41092617,127.12868012
안성시,2013   ,2013-03-19 17시,주간,화요일,차량단독,도로이탈 추락,운전자법규위반,안전운전 의무 불이행,단일로,기타단일로,승용차,대형,없음,없음,1,0,1,0,0,37.04525675,127.15343227
시흥시,2013   ,2013-03-19 13시,주간,화요일,차대사람,횡단중,운전자법규위반,안전운전 의무 불이행,교차로,교차로내,화물차,대형,보행자,보행자,1,0,1,0,0,37.34863707,126.74673303
양평군,2013   ,2013-03-18 20시,야간,월요일,차대사람,횡단중,운전자법규위반,안전운전 의무 불이행,단일로,기타단일로,승용차,대형,보행자,보행자,1,0,1,0,0,37.49735585,127.48993508
화성시,2013   ,2013-03-18 17시,주간,월요일,차대차,측면충돌,운전자법규위반,신호위반,교차로,교차로내,승합차,중형,화물차,소형,1,2,3,0,0,37.13499857,126.92140714
파주시,2013   ,2013-03-18 14시,주간,월요일,차대차,정면충돌,운전자법규위반,안전운전 의무 불이행,교차로,교차로부근,승용차,중형,화물차,대형,1,1,2,0,0,37.78112162,126.83442832
파주시,2013   ,2013-03-18 06시,주간,월요일,차량단독,공작물충돌,운전자법규위반,안전운전 의무 불이행,단일로,기타단일로,승용차,중형,없음,없음,1,0,1,0,0,37.93122375,126.8328611
평택시,2013   ,2013-03-18 06시,주간,월요일,차대사람,횡단중,운전자법규위반,안전운전 의무 불이행,교차로,교차로내,승용차,중형,보행자,보행자,1,0,1,0,0,36.99597003,126.95125451
평택시,2013   ,2013-03-17 22시,야간,일요일,차대차,측면충돌,운전자법규위반,안전운전 의무 불이행,단일로,기타단일로,화물차,소형,건설기계,건설기계,1,0,1,0,0,37.092897,127.06353552
시흥시,2013   ,2013-03-17 22시,야간,일요일,차대사람,횡단중,운전자법규위반,안전운전 의무 불이행,교차로,교차로부근,승용차,중형,보행자,보행자,1,0,1,0,0,37.35979912,126.72351776
남양주시,2013   ,2013-03-17 21시,야간,일요일,차대사람,기타,운전자법규위반,안전운전 의무 불이행,단일로,기타단일로,이륜차,소형,보행자,보행자,1,0,1,0,0,37.58599644,127.21216022
여주시,2013   ,2013-03-17 16시,주간,일요일,차량단독,도로이탈 기타,운전자법규위반,안전운전 의무 불이행,단일로,기타단일로,화물차,소형,없음,없음,1,0,1,0,0,37.34937408,127.61593439
안양시,2013   ,2013-03-16 17시,주간,토요일,차대사람,기타,운전자법규위반,안전운전 의무 불이행,단일로,기타단일로,승용차,경형,보행자,보행자,1,0,1,0,0,37.40679331,126.89770795
화성시,2013   ,2013-03-16 17시,주간,토요일,차량단독,공작물충돌,운전자법규위반,안전운전 의무 불이행,단일로,기타단일로,이륜차,중형,없음,없음,1,0,1,0,0,37.04270642,126.80014782
양평군,2013   ,2013-03-15 17시,주간,금요일,차대사람,기타,운전자법규위반,안전운전 의무 불이행,교차로,교차로부근,승용차,소형,보행자,보행자,1,0,1,0,0,37.5192445,127.46311988
파주시,2013   ,2013-03-15 14시,주간,금요일,차대사람,기타,운전자법규위반,안전운전 의무 불이행,교차로,교차로내,승합차,대형,보행자,보행자,1,0,1,0,0,37.75415315,126.77758146
화성시,2013   ,2013-03-15 06시,주간,금요일,차대차,측면충돌,운전자법규위반,교차로 통행방법 위반,교차로,교차로내,승용차,대형,화물차,중형,1,0,1,0,0,37.21377671,126.84440384
시흥시,2013   ,2013-03-14 23시,야간,목요일,차대차,주정차중 추돌,운전자법규위반,안전운전 의무 불이행,단일로,기타단일로,승용차,대형,화물차,중형,1,0,1,0,0,37.44938913,126.81917656
안성시,2013   ,2013-03-13 20시,야간,수요일,차대사람,횡단중,운전자법규위반,안전운전 의무 불이행,단일로,기타단일로,화물차,소형,보행자,보행자,1,0,1,0,0,37.07749103,127.30787694
고양시,2013   ,2013-03-13 14시,주간,수요일,차대사람,횡단중,운전자법규위반,안전운전 의무 불이행,단일로,기타단일로,이륜차,소형,보행자,보행자,1,0,1,0,0,37.70846046,126.8445744
김포시,2013   ,2013-03-12 18시,야간,화요일,차대차,기타,운전자법규위반,중앙선 침범,단일로,기타단일로,승용차,경형,승용차,소형,1,4,6,0,1,37.6960878,126.58739135
오산시,2013   ,2013-03-12 07시,주간,화요일,차대사람,횡단중,운전자법규위반,과속,교차로,교차로내,승용차,중형,보행자,보행자,1,0,1,0,0,37.16940249,127.0663816
용인시,2013   ,2013-03-11 19시,야간,월요일,차대사람,횡단중,운전자법규위반,안전운전 의무 불이행,단일로,기타단일로,화물차,소형,보행자,보행자,1,0,1,0,0,37.3131276,127.2408982
포천시,2013   ,2013-03-10 23시,야간,일요일,차대차,정면충돌,운전자법규위반,중앙선 침범,단일로,기타단일로,승용차,중형,승용차,중형,2,3,5,0,0,37.77119631,127.22830546
여주시,2013   ,2013-03-10 19시,야간,일요일,차대사람,차도통행중,운전자법규위반,안전운전 의무 불이행,단일로,기타단일로,승용차,중형,보행자,보행자,1,0,1,0,0,37.1892724,127.56045854
수원시,2013   ,2013-03-10 13시,주간,일요일,차대사람,기타,운전자법규위반,안전운전 의무 불이행,교차로,교차로부근,승합차,중형,보행자,보행자,1,0,1,0,0,37.29860045,126.99169126
여주시,2013   ,2013-03-09 20시,야간,토요일,차대사람,길가장자리구역통행중,운전자법규위반,안전운전 의무 불이행,단일로,기타단일로,승용차,소형,보행자,보행자,1,0,1,0,0,37.29548735,127.57242421
의왕시,2013   ,2013-03-09 16시,주간,토요일,차대차,기타,운전자법규위반,신호위반,교차로,교차로내,승용차,대형,원동기장치자전거,원동기장치자전거,1,0,1,0,0,37.33492883,126.96170121
성남시,2013   ,2013-03-09 11시,주간,토요일,차대차,기타,운전자법규위반,안전운전 의무 불이행,기타/불명,기타/불명,건설기계,건설기계,자전거,자전거,1,0,1,0,0,37.34779703,127.10204071
파주시,2013   ,2013-03-09 06시,주간,토요일,차량단독,기타,운전자법규위반,안전운전 의무 불이행,단일로,기타단일로,승용차,소형,없음,없음,1,0,1,0,0,37.90047713,126.88687112
용인시,2013   ,2013-03-09 00시,야간,토요일,차대차,측면충돌,운전자법규위반,신호위반,교차로,교차로내,승용차,중형,승합차,대형,1,1,2,0,0,37.26156838,127.19223126
안성시,2013   ,2013-03-09 00시,야간,토요일,차량단독,도로이탈 추락,운전자법규위반,안전운전 의무 불이행,단일로,기타단일로,건설기계,건설기계,없음,없음,1,0,1,0,0,37.09790525,127.28504852
남양주시,2013   ,2013-03-08 05시,야간,금요일,차대사람,기타,운전자법규위반,기타(운전자법규위반),단일로,기타단일로,승용차,중형,보행자,보행자,1,1,3,0,1,37.64569558,127.23258332
용인시,2013   ,2013-03-07 20시,야간,목요일,차대사람,기타,운전자법규위반,안전운전 의무 불이행,교차로,교차로부근,승용차,중형,보행자,보행자,1,0,1,0,0,37.33646243,127.25251335
안성시,2013   ,2013-03-06 12시,주간,수요일,차량단독,도로이탈 추락,운전자법규위반,안전운전 의무 불이행,단일로,기타단일로,농기계,농기계,없음,없음,1,0,1,0,0,37.11372025,127.48088772
성남시,2013   ,2013-03-05 13시,주간,화요일,차대사람,횡단중,운전자법규위반,안전운전 의무 불이행,단일로,횡단보도상,승합차,대형,보행자,보행자,1,0,1,0,0,37.46127364,127.16774486
의정부시,2013   ,2013-03-05 12시,주간,화요일,차대차,진행중 추돌,운전자법규위반,안전운전 의무 불이행,단일로,기타단일로,화물차,대형,화물차,소형,1,0,1,0,0,37.72520095,127.03484957
광주시,2013   ,2013-03-05 09시,주간,화요일,차대차,측면충돌,운전자법규위반,안전운전 의무 불이행,단일로,기타단일로,화물차,소형,자전거,자전거,1,0,1,0,0,37.4270595,127.24363686
평택시,2013   ,2013-03-04 22시,야간,월요일,차대차,기타,운전자법규위반,안전운전 의무 불이행,단일로,기타단일로,승용차,경형,화물차,대형,1,0,2,0,1,37.06330619,126.91843153
양주시,2013   ,2013-03-04 14시,주간,월요일,차량단독,기타,운전자법규위반,안전운전 의무 불이행,단일로,기타단일로,농기계,농기계,없음,없음,1,0,1,0,0,37.77330502,126.98927638
포천시,2013   ,2013-03-04 13시,주간,월요일,차대차,기타,운전자법규위반,안전운전 의무 불이행,교차로,교차로부근,승용차,소형,승용차,중형,1,1,3,0,1,37.96102588,127.32019222
이천시,2013   ,2013-03-04 08시,주간,월요일,차대차,주정차중 추돌,운전자법규위반,안전운전 의무 불이행,단일로,기타단일로,승용차,중형,화물차,중형,1,1,2,0,0,37.29156513,127.42572927
하남시,2013   ,2013-03-03 22시,야간,일요일,차대사람,횡단중,운전자법규위반,안전운전 의무 불이행,단일로,횡단보도부근,승용차,중형,보행자,보행자,1,0,1,0,0,37.5227524,127.22118222
여주시,2013   ,2013-03-03 00시,야간,일요일,차대사람,차도통행중,운전자법규위반,안전운전 의무 불이행,단일로,기타단일로,승용차,경형,보행자,보행자,1,0,1,0,0,37.29916116,127.56350261
성남시,2013   ,2013-03-03 00시,야간,일요일,차대사람,횡단중,운전자법규위반,안전운전 의무 불이행,단일로,기타단일로,승용차,경형,보행자,보행자,1,0,1,0,0,37.44665248,127.13605562
평택시,2013   ,2013-03-03 00시,야간,일요일,차대차,측면충돌,운전자법규위반,신호위반,교차로,교차로내,화물차,대형,승용차,소형,1,2,3,0,0,36.99424871,126.85159067
화성시,2013   ,2013-03-02 00시,야간,토요일,차량단독,전도전복,운전자법규위반,안전운전 의무 불이행,단일로,기타단일로,승용차,대형,없음,없음,1,0,1,0,0,37.18775406,126.96870767
안성시,2013   ,2013-03-01 07시,주간,금요일,차량단독,공작물충돌,운전자법규위반,안전운전 의무 불이행,교차로,교차로부근,이륜차,중형,없음,없음,1,0,1,0,0,37.00434102,127.16936472
부천시,2013   ,2013-03-01 04시,야간,금요일,차량단독,공작물충돌,운전자법규위반,안전운전 의무 불이행,단일로,기타단일로,승용차,중형,없음,없음,1,0,1,0,0,37.528662,126.77803024
부천시,2013   ,2013-02-28 23시,야간,목요일,차대사람,횡단중,운전자법규위반,안전운전 의무 불이행,교차로,교차로부근,화물차,중형,보행자,보행자,1,0,1,0,0,37.49224204,126.75436724
포천시,2013   ,2013-02-27 11시,주간,수요일,차대사람,횡단중,운전자법규위반,안전운전 의무 불이행,교차로,교차로내,승용차,중형,보행자,보행자,1,0,1,0,0,37.9012911,127.20916217
양평군,2013   ,2013-02-26 22시,야간,화요일,차대차,측면충돌,운전자법규위반,중앙선 침범,단일로,기타단일로,화물차,소형,승용차,소형,1,0,1,0,0,37.49240327,127.53192343
성남시,2013   ,2013-02-26 22시,야간,화요일,차대차,측면충돌,운전자법규위반,안전운전 의무 불이행,교차로,교차로내,승용차,중형,승합차,중형,1,0,3,1,1,37.36346502,127.10802226
고양시,2013   ,2013-02-25 22시,야간,월요일,차량단독,공작물충돌,운전자법규위반,안전운전 의무 불이행,단일로,기타단일로,승용차,중형,없음,없음,1,0,1,0,0,37.65032056,126.7359651
용인시,2013   ,2013-02-25 22시,야간,월요일,차대사람,횡단중,운전자법규위반,안전운전 의무 불이행,단일로,기타단일로,승용차,소형,보행자,보행자,1,0,1,0,0,37.27307871,127.12343653
연천군,2013   ,2013-02-25 21시,야간,월요일,차량단독,공작물충돌,운전자법규위반,안전운전 의무 불이행,단일로,기타단일로,승용차,경형,없음,없음,1,0,1,0,0,37.99396201,126.9195426
포천시,2013   ,2013-02-25 20시,야간,월요일,차대사람,길가장자리구역통행중,운전자법규위반,안전운전 의무 불이행,단일로,교량위,승용차,중형,보행자,보행자,1,0,1,0,0,37.8287151,127.20807229
이천시,2013   ,2013-02-25 20시,야간,월요일,차대차,정면충돌,운전자법규위반,중앙선 침범,교차로,교차로내,원동기장치자전거,원동기장치자전거,승용차,대형,1,0,2,0,1,37.29879257,127.45918837
용인시,2013   ,2013-02-25 14시,주간,월요일,차량단독,공작물충돌,운전자법규위반,안전운전 의무 불이행,단일로,기타단일로,승용차,대형,없음,없음,1,0,1,0,0,37.25786477,127.09393244
남양주시,2013   ,2013-02-25 04시,야간,월요일,차대사람,기타,운전자법규위반,안전운전 의무 불이행,단일로,기타단일로,승용차,중형,보행자,보행자,1,0,1,0,0,37.70363172,127.16803029
여주시,2013   ,2013-02-24 21시,야간,일요일,차대차,정면충돌,운전자법규위반,중앙선 침범,단일로,기타단일로,원동기장치자전거,원동기장치자전거,화물차,소형,1,0,1,0,0,37.30211964,127.66448358
안성시,2013   ,2013-02-24 21시,야간,일요일,차대차,진행중 추돌,운전자법규위반,안전거리 미확보,단일로,기타단일로,화물차,중형,화물차,대형,1,0,2,0,1,37.11999187,127.44478594
파주시,2013   ,2013-02-24 16시,주간,일요일,차량단독,공작물충돌,운전자법규위반,안전운전 의무 불이행,단일로,기타단일로,화물차,중형,없음,없음,1,0,1,0,0,37.83090524,126.71785675
가평군,2013   ,2013-02-24 11시,주간,일요일,차대차,기타,운전자법규위반,안전운전 의무 불이행,단일로,기타단일로,승용차,중형,자전거,자전거,1,0,1,0,0,37.63618155,127.48137807
구리시,2013   ,2013-02-24 01시,야간,일요일,차량단독,공작물충돌,운전자법규위반,안전운전 의무 불이행,단일로,횡단보도부근,승용차,중형,없음,없음,1,0,1,0,0,37.56310412,127.11483679
남양주시,2013   ,2013-02-23 23시,야간,토요일,차량단독,공작물충돌,운전자법규위반,안전운전 의무 불이행,단일로,기타단일로,화물차,소형,없음,없음,1,1,2,0,0,37.71829684,127.19142954
수원시,2013   ,2013-02-23 21시,야간,토요일,차대사람,기타,운전자법규위반,안전운전 의무 불이행,단일로,기타단일로,승용차,경형,보행자,보행자,1,0,1,0,0,37.26880934,127.08219692
부천시,2013   ,2013-02-23 18시,야간,토요일,차대사람,기타,운전자법규위반,안전운전 의무 불이행,교차로,교차로부근,화물차,경형,보행자,보행자,1,0,1,0,0,37.50874308,126.7592363
고양시,2013   ,2013-02-23 14시,주간,토요일,차량단독,공작물충돌,운전자법규위반,안전운전 의무 불이행,단일로,기타단일로,승용차,중형,없음,없음,1,1,2,0,0,37.66713055,126.71406816
평택시,2013   ,2013-02-23 02시,야간,토요일,차량단독,공작물충돌,운전자법규위반,안전운전 의무 불이행,교차로,교차로부근,승용차,중형,없음,없음,1,0,1,0,0,37.10692528,127.02855096
김포시,2013   ,2013-02-22 22시,야간,금요일,차대사람,차도통행중,운전자법규위반,안전운전 의무 불이행,교차로,교차로내,승합차,소형,보행자,보행자,1,0,1,0,0,37.68399386,126.6088153
고양시,2013   ,2013-02-22 02시,야간,금요일,차량단독,공작물충돌,운전자법규위반,안전운전 의무 불이행,단일로,기타단일로,승용차,중형,없음,없음,1,0,1,0,0,37.69743994,126.70839433
남양주시,2013   ,2013-02-22 02시,야간,금요일,차량단독,공작물충돌,운전자법규위반,안전운전 의무 불이행,단일로,기타단일로,승용차,대형,없음,없음,1,0,2,0,1,37.64921798,127.19122812
안양시,2013   ,2013-02-21 21시,야간,목요일,차량단독,전도전복,운전자법규위반,안전운전 의무 불이행,단일로,기타단일로,원동기장치자전거,원동기장치자전거,없음,없음,1,0,1,0,0,37.39592176,126.94732396
여주시,2013   ,2013-02-21 10시,주간,목요일,차대차,기타,운전자법규위반,직진 및 우회전차의 통행방해,교차로,교차로내,건설기계,건설기계,승용차,소형,1,2,3,0,0,37.17490082,127.62268525
파주시,2013   ,2013-02-21 08시,주간,목요일,차량단독,공작물충돌,운전자법규위반,안전운전 의무 불이행,단일로,기타단일로,화물차,대형,없음,없음,1,0,1,0,0,37.93117023,126.83137093
평택시,2013   ,2013-02-21 06시,주간,목요일,차대차,정면충돌,운전자법규위반,중앙선 침범,단일로,기타단일로,승용차,경형,승용차,중형,1,1,3,0,1,36.99513144,126.84784765
용인시,2013   ,2013-02-21 01시,야간,목요일,차대사람,횡단중,운전자법규위반,안전운전 의무 불이행,단일로,기타단일로,승용차,중형,보행자,보행자,1,0,1,0,0,37.33432627,127.10893005
시흥시,2013   ,2013-02-20 15시,주간,수요일,차대사람,횡단중,운전자법규위반,신호위반,단일로,횡단보도상,건설기계,건설기계,보행자,보행자,1,0,1,0,0,37.35786234,126.71880564
고양시,2013   ,2013-02-19 20시,야간,화요일,차대차,측면충돌,운전자법규위반,안전운전 의무 불이행,단일로,기타단일로,승용차,경형,승합차,대형,1,0,1,0,0,37.63907774,126.79327315
여주시,2013   ,2013-02-19 14시,주간,화요일,차대사람,기타,운전자법규위반,안전운전 의무 불이행,단일로,기타단일로,승용차,대형,보행자,보행자,1,0,1,0,0,37.25017366,127.64961029
안양시,2013   ,2013-02-19 13시,주간,화요일,차대차,측면충돌,운전자법규위반,안전운전 의무 불이행,교차로,교차로내,자전거,자전거,승합차,대형,1,0,1,0,0,37.38823673,126.96978141
용인시,2013   ,2013-02-19 08시,주간,화요일,차량단독,공작물충돌,운전자법규위반,안전운전 의무 불이행,단일로,기타단일로,승용차,중형,없음,없음,1,0,1,0,0,37.24124295,127.16925726
용인시,2013   ,2013-02-19 00시,야간,화요일,차대사람,횡단중,운전자법규위반,보행자 보호의무 위반,단일로,횡단보도상,승용차,대형,보행자,보행자,1,0,1,0,0,37.32931483,127.10901247
시흥시,2013   ,2013-02-18 23시,야간,월요일,차량단독,전도전복,운전자법규위반,안전운전 의무 불이행,단일로,고가도로위,승용차,중형,없음,없음,1,0,1,0,0,37.44315969,126.77607506
성남시,2013   ,2013-02-18 22시,야간,월요일,차대사람,횡단중,운전자법규위반,안전운전 의무 불이행,교차로,교차로내,승용차,대형,보행자,보행자,1,0,1,0,0,37.4152253,127.11446527
시흥시,2013   ,2013-02-18 07시,주간,월요일,차량단독,기타,운전자법규위반,안전운전 의무 불이행,단일로,기타단일로,화물차,소형,없음,없음,1,0,1,0,0,37.34211915,126.73116219
오산시,2013   ,2013-02-17 01시,야간,일요일,차대차,기타,운전자법규위반,신호위반,교차로,교차로내,화물차,소형,화물차,소형,1,0,2,0,1,37.14232314,127.06859678
양주시,2013   ,2013-02-16 17시,주간,토요일,차량단독,전도전복,운전자법규위반,안전운전 의무 불이행,단일로,기타단일로,승용차,경형,없음,없음,1,0,1,0,0,37.8941282,127.01777484
고양시,2013   ,2013-02-16 13시,주간,토요일,차대차,측면충돌,운전자법규위반,신호위반,교차로,교차로내,승용차,중형,승합차,대형,1,3,6,0,2,37.59979902,126.87327208
파주시,2013   ,2013-02-15 17시,주간,금요일,차대차,진행중 추돌,운전자법규위반,안전운전 의무 불이행,단일로,기타단일로,승합차,소형,농기계,농기계,1,2,3,0,0,37.92935741,126.84720385
양평군,2013   ,2013-02-14 23시,야간,목요일,차대사람,기타,운전자법규위반,안전운전 의무 불이행,단일로,기타단일로,화물차,소형,보행자,보행자,1,0,1,0,0,37.5414656,127.69438152
구리시,2013   ,2013-02-14 12시,주간,목요일,차대차,측면충돌,운전자법규위반,안전운전 의무 불이행,단일로,횡단보도상,이륜차,소형,승합차,대형,1,0,1,0,0,37.60098484,127.12979395
가평군,2013   ,2013-02-13 23시,야간,수요일,차대사람,기타,운전자법규위반,안전운전 의무 불이행,단일로,기타단일로,승용차,소형,보행자,보행자,1,0,1,0,0,37.68524259,127.37912934
안양시,2013   ,2013-02-13 22시,야간,수요일,차대차,측면충돌,운전자법규위반,안전운전 의무 불이행,교차로,교차로부근,승용차,중형,승용차,중형,1,0,2,0,1,37.41215611,126.90119065
용인시,2013   ,2013-02-13 20시,야간,수요일,차대사람,횡단중,운전자법규위반,안전운전 의무 불이행,단일로,기타단일로,승용차,중형,보행자,보행자,1,0,1,0,0,37.18024721,127.33635671
여주시,2013   ,2013-02-13 07시,주간,수요일,차대사람,차도통행중,운전자법규위반,안전운전 의무 불이행,단일로,기타단일로,화물차,대형,보행자,보행자,1,0,1,0,0,37.29714897,127.54890068
파주시,2013   ,2013-02-12 16시,주간,화요일,차량단독,공작물충돌,운전자법규위반,안전운전 의무 불이행,단일로,기타단일로,승용차,소형,없음,없음,1,0,1,0,0,37.84221678,126.73713787
부천시,2013   ,2013-02-11 20시,야간,월요일,차량단독,공작물충돌,운전자법규위반,과속,단일로,기타단일로,승용차,중형,없음,없음,1,0,1,0,0,37.51554205,126.76112669
성남시,2013   ,2013-02-11 19시,야간,월요일,차대차,기타,운전자법규위반,중앙선 침범,교차로,교차로부근,승용차,중형,승용차,소형,1,0,3,0,2,37.37248406,127.14688401
평택시,2013   ,2013-02-10 17시,주간,일요일,차대차,측면충돌,운전자법규위반,신호위반,교차로,교차로내,승합차,중형,승용차,중형,1,0,9,0,8,36.94276792,127.04986372
광주시,2013   ,2013-02-10 08시,주간,일요일,차량단독,공작물충돌,운전자법규위반,안전운전 의무 불이행,단일로,기타단일로,승용차,중형,없음,없음,1,0,1,0,0,37.46948755,127.316536
광주시,2013   ,2013-02-09 08시,주간,토요일,차대사람,기타,운전자법규위반,안전운전 의무 불이행,단일로,기타단일로,화물차,소형,보행자,보행자,1,0,1,0,0,37.41592955,127.25306577
연천군,2013   ,2013-02-08 21시,야간,금요일,차대사람,차도통행중,운전자법규위반,안전운전 의무 불이행,단일로,기타단일로,승용차,중형,보행자,보행자,1,0,1,0,0,37.93540734,127.00044697
구리시,2013   ,2013-02-08 09시,주간,금요일,차대차,기타,운전자법규위반,신호위반,교차로,교차로내,이륜차,소형,승용차,경형,1,0,1,0,0,37.64251937,127.120462
수원시,2013   ,2013-02-08 06시,주간,금요일,차대차,주정차중 추돌,운전자법규위반,안전운전 의무 불이행,단일로,기타단일로,승용차,소형,승용차,중형,1,1,2,0,0,37.27647907,126.97910106