시군명,발생년도,발생일자,주야구분명,사고요일,사고유형_대분류,사고유형,법규위반대분류명,법규위반내용,도로형태_대분류,도로형태,가해자 당사자 종별,당사자1_차종,피해자 당사자 종별,당사자2_차종,사망자수,중상자수,부상자수,부상신고자수,경상자수,WGS84위도,WGS84경도
화성시,2013   ,2013-02-08 03시,야간,금요일,차량단독,공작물충돌,운전자법규위반,안전운전 의무 불이행,단일로,기타단일로,승용차,소형,없음,없음,1,0,1,0,0,37.17649104,126.9362166
남양주시,2013   ,2013-02-07 21시,야간,목요일,차대사람,기타,운전자법규위반,안전운전 의무 불이행,단일로,기타단일로,승용차,경형,보행자,보행자,1,0,1,0,0,37.72767476,127.28206117
광주시,2013   ,2013-02-07 19시,야간,목요일,차대사람,기타,운전자법규위반,안전운전 의무 불이행,단일로,기타단일로,승용차,중형,보행자,보행자,1,0,1,0,0,37.35530012,127.31604644
안양시,2013   ,2013-02-07 18시,야간,목요일,차대사람,횡단중,운전자법규위반,안전운전 의무 불이행,단일로,횡단보도상,승용차,소형,보행자,보행자,1,0,1,0,0,37.39241633,126.94945097
의정부시,2013   ,2013-02-06 14시,주간,수요일,차대차,기타,운전자법규위반,안전운전 의무 불이행,교차로,교차로내,승용차,중형,승용차,대형,1,0,1,0,0,37.7413363,127.051558
고양시,2013   ,2013-02-05 07시,주간,화요일,차대사람,기타,운전자법규위반,안전운전 의무 불이행,단일로,기타단일로,승합차,대형,보행자,보행자,1,0,1,0,0,37.66912732,126.75025659
남양주시,2013   ,2013-02-04 22시,야간,월요일,차대사람,길가장자리구역통행중,운전자법규위반,안전운전 의무 불이행,교차로,교차로내,승용차,중형,보행자,보행자,1,0,1,0,0,37.62733396,127.19144333
남양주시,2013   ,2013-02-04 18시,야간,월요일,차대사람,기타,운전자법규위반,안전운전 의무 불이행,단일로,기타단일로,승합차,중형,보행자,보행자,1,0,1,0,0,37.63599859,127.22152204
포천시,2013   ,2013-02-04 11시,주간,월요일,차대차,정면충돌,운전자법규위반,중앙선 침범,단일로,기타단일로,승용차,소형,승합차,대형,1,1,5,1,2,38.01849221,127.29283471
평택시,2013   ,2013-02-04 07시,주간,월요일,차량단독,공작물충돌,운전자법규위반,안전운전 의무 불이행,교차로,교차로부근,승용차,중형,없음,없음,1,0,1,0,0,37.12887745,127.10312237
평택시,2013   ,2013-02-04 06시,주간,월요일,차량단독,공작물충돌,운전자법규위반,안전운전 의무 불이행,교차로,교차로부근,승용차,중형,없음,없음,1,0,2,0,1,37.00240568,126.95898578
평택시,2013   ,2013-02-03 00시,야간,일요일,차대사람,기타,운전자법규위반,안전운전 의무 불이행,교차로,교차로부근,승용차,소형,보행자,보행자,1,1,2,0,0,37.00816978,126.87193596
양평군,2013   ,2013-02-02 22시,야간,토요일,차량단독,전도전복,운전자법규위반,앞지르기 금지위반,단일로,기타단일로,화물차,소형,없음,없음,1,1,2,0,0,37.49214469,127.5188463
이천시,2013   ,2013-02-02 19시,야간,토요일,차대사람,횡단중,운전자법규위반,안전운전 의무 불이행,단일로,기타단일로,승합차,소형,보행자,보행자,1,0,1,0,0,37.22023927,127.52681507
평택시,2013   ,2013-02-02 06시,주간,토요일,차대사람,횡단중,운전자법규위반,안전운전 의무 불이행,교차로,교차로부근,승용차,소형,보행자,보행자,1,0,1,0,0,37.11262831,127.06308126
포천시,2013   ,2013-02-02 06시,주간,토요일,차량단독,공작물충돌,운전자법규위반,안전운전 의무 불이행,단일로,기타단일로,승합차,중형,없음,없음,2,2,5,0,1,38.05834293,127.27123552
포천시,2013   ,2013-02-02 04시,야간,토요일,차량단독,공작물충돌,운전자법규위반,안전운전 의무 불이행,단일로,기타단일로,승용차,중형,없음,없음,1,0,1,0,0,37.896642,127.20259498
성남시,2013   ,2013-02-01 23시,야간,금요일,차대사람,기타,운전자법규위반,안전운전 의무 불이행,단일로,기타단일로,승합차,소형,보행자,보행자,1,0,1,0,0,37.45537356,127.16196225
남양주시,2013   ,2013-02-01 22시,야간,금요일,차대사람,횡단중,운전자법규위반,안전운전 의무 불이행,교차로,교차로부근,승합차,소형,보행자,보행자,1,0,1,0,0,37.62739693,127.19139774
성남시,2013   ,2013-02-01 20시,야간,금요일,차대차,진행중 추돌,운전자법규위반,중앙선 침범,단일로,기타단일로,승용차,대형,화물차,중형,1,0,2,0,1,37.45721989,127.14908659
파주시,2013   ,2013-02-01 11시,주간,금요일,차대차,정면충돌,운전자법규위반,교차로 통행방법 위반,교차로,교차로내,화물차,대형,화물차,소형,1,0,1,0,0,37.9078404,126.72210505
성남시,2013   ,2013-02-01 05시,야간,금요일,차량단독,기타,운전자법규위반,안전거리 미확보,단일로,기타단일로,승용차,중형,없음,없음,1,0,2,0,1,37.42492289,127.16114982
파주시,2013   ,2013-01-31 23시,야간,목요일,차대사람,횡단중,운전자법규위반,안전운전 의무 불이행,단일로,기타단일로,승용차,중형,보행자,보행자,1,0,1,0,0,37.81902241,126.79282209
화성시,2013   ,2013-01-31 13시,주간,목요일,차대차,주정차중 추돌,운전자법규위반,안전운전 의무 불이행,기타/불명,기타/불명,화물차,대형,화물차,소형,1,1,8,0,6,37.2205717,126.87322909
양주시,2013   ,2013-01-31 11시,주간,목요일,차대차,주정차중 추돌,운전자법규위반,안전운전 의무 불이행,단일로,기타단일로,승합차,대형,화물차,소형,1,9,11,0,1,37.71934525,126.98296843
평택시,2013   ,2013-01-31 07시,주간,목요일,차대사람,횡단중,운전자법규위반,보행자 보호의무 위반,교차로,교차로내,승합차,대형,보행자,보행자,1,0,1,0,0,36.993046,127.0886132
의정부시,2013   ,2013-01-30 15시,주간,수요일,차대차,측면충돌,운전자법규위반,안전운전 의무 불이행,단일로,기타단일로,원동기장치자전거,원동기장치자전거,승용차,대형,1,0,1,0,0,37.73531031,127.04784915
화성시,2013   ,2013-01-30 13시,주간,수요일,차대차,주정차중 추돌,운전자법규위반,안전운전 의무 불이행,기타/불명,기타/불명,화물차,대형,화물차,소형,1,0,1,0,0,37.09272504,126.94076794
남양주시,2013   ,2013-01-30 06시,주간,수요일,차대사람,횡단중,운전자법규위반,안전운전 의무 불이행,단일로,기타단일로,승용차,경형,보행자,보행자,1,0,1,0,0,37.70799372,127.18766035
화성시,2013   ,2013-01-29 23시,야간,화요일,차량단독,공작물충돌,운전자법규위반,안전운전 의무 불이행,단일로,기타단일로,승용차,중형,없음,없음,1,0,1,0,0,37.24494774,126.88885735
평택시,2013   ,2013-01-29 21시,야간,화요일,차량단독,공작물충돌,운전자법규위반,안전운전 의무 불이행,단일로,기타단일로,승용차,중형,없음,없음,1,0,1,0,0,37.00975905,126.91846872
광주시,2013   ,2013-01-29 18시,야간,화요일,차대사람,보도통행중,운전자법규위반,안전운전 의무 불이행,단일로,기타단일로,승합차,소형,보행자,보행자,1,0,1,0,0,37.42686714,127.24222471
이천시,2013   ,2013-01-29 06시,주간,화요일,차대사람,기타,운전자법규위반,안전운전 의무 불이행,교차로,교차로부근,승용차,중형,보행자,보행자,1,0,1,0,0,37.18154726,127.43951382
화성시,2013   ,2013-01-28 10시,주간,월요일,차대사람,차도통행중,운전자법규위반,안전운전 의무 불이행,교차로,교차로내,건설기계,건설기계,보행자,보행자,1,0,1,0,0,37.1358901,126.91179776
김포시,2013   ,2013-01-28 07시,주간,월요일,차대사람,횡단중,운전자법규위반,안전운전 의무 불이행,교차로,교차로내,승용차,소형,보행자,보행자,1,0,1,0,0,37.63040636,126.71055858
평택시,2013   ,2013-01-27 19시,야간,일요일,차대사람,기타,운전자법규위반,안전운전 의무 불이행,교차로,교차로내,승용차,경형,보행자,보행자,1,0,1,0,0,37.06304357,126.91873712
부천시,2013   ,2013-01-27 18시,야간,일요일,차대사람,기타,운전자법규위반,안전운전 의무 불이행,단일로,기타단일로,승용차,소형,보행자,보행자,1,0,1,0,0,37.47997286,126.79471785
용인시,2013   ,2013-01-27 07시,주간,일요일,차대사람,횡단중,운전자법규위반,안전운전 의무 불이행,교차로,교차로부근,승용차,경형,보행자,보행자,1,0,1,0,0,37.25128814,127.15472352
용인시,2013   ,2013-01-27 00시,야간,일요일,차대사람,기타,운전자법규위반,안전운전 의무 불이행,단일로,기타단일로,화물차,소형,보행자,보행자,1,0,1,0,0,37.17395943,127.34621459
남양주시,2013   ,2013-01-26 18시,야간,토요일,차대사람,차도통행중,운전자법규위반,안전운전 의무 불이행,교차로,교차로부근,승합차,경형,보행자,보행자,1,0,1,0,0,37.69942531,127.12393352
고양시,2013   ,2013-01-26 17시,주간,토요일,차량단독,전도전복,운전자법규위반,안전운전 의무 불이행,단일로,기타단일로,승용차,중형,없음,없음,1,1,2,0,0,37.69696015,126.70808183
양주시,2013   ,2013-01-24 19시,야간,목요일,차대사람,기타,운전자법규위반,안전운전 의무 불이행,교차로,교차로내,승용차,소형,보행자,보행자,1,0,1,0,0,37.84466372,126.98972801
포천시,2013   ,2013-01-24 08시,주간,목요일,차량단독,공작물충돌,운전자법규위반,앞지르기 금지위반,단일로,기타단일로,승용차,소형,없음,없음,1,0,1,0,0,37.96675965,127.32723677
화성시,2013   ,2013-01-23 22시,야간,수요일,차대차,주정차중 추돌,운전자법규위반,안전운전 의무 불이행,단일로,고가도로위,승용차,대형,승합차,대형,1,0,1,0,0,37.24785058,126.89104402
고양시,2013   ,2013-01-23 18시,야간,수요일,차대사람,횡단중,운전자법규위반,신호위반,교차로,교차로부근,건설기계,건설기계,보행자,보행자,1,0,1,0,0,37.62561409,126.8355341
안산시,2013   ,2013-01-23 06시,주간,수요일,차대사람,횡단중,운전자법규위반,안전운전 의무 불이행,단일로,횡단보도상,승용차,대형,보행자,보행자,1,0,1,0,0,37.31471755,126.83856262
포천시,2013   ,2013-01-23 04시,야간,수요일,차대차,주정차중 추돌,운전자법규위반,안전운전 의무 불이행,단일로,기타단일로,승합차,소형,특수차,대형,1,0,1,0,0,37.8106639,127.14039966
김포시,2013   ,2013-01-23 02시,야간,수요일,차대차,정면충돌,운전자법규위반,중앙선 침범,단일로,기타단일로,화물차,중형,승용차,중형,1,1,2,0,0,37.59216609,126.77881043
평택시,2013   ,2013-01-22 21시,야간,화요일,차대차,주정차중 추돌,운전자법규위반,안전운전 의무 불이행,교차로,교차로부근,승용차,중형,특수차,대형,1,0,1,0,0,36.94779795,126.86883956
안양시,2013   ,2013-01-22 06시,주간,화요일,차대사람,기타,운전자법규위반,안전운전 의무 불이행,단일로,기타단일로,승합차,대형,보행자,보행자,1,0,2,0,1,37.4158279,126.90719597
안성시,2013   ,2013-01-22 03시,야간,화요일,차대차,정면충돌,운전자법규위반,중앙선 침범,단일로,기타단일로,승용차,소형,화물차,대형,1,0,2,0,1,37.10287751,127.48440286
안산시,2013   ,2013-01-21 20시,야간,월요일,차대차,주정차중 추돌,운전자법규위반,과속,단일로,기타단일로,승용차,소형,승합차,대형,1,1,2,0,0,37.33635419,126.807679
안양시,2013   ,2013-01-21 14시,주간,월요일,차대사람,횡단중,운전자법규위반,안전운전 의무 불이행,단일로,기타단일로,승합차,소형,보행자,보행자,1,0,1,0,0,37.39909067,126.95229448
화성시,2013   ,2013-01-21 11시,주간,월요일,차대차,진행중 추돌,운전자법규위반,안전운전 의무 불이행,단일로,기타단일로,승용차,대형,승용차,대형,1,2,6,3,0,37.19310674,127.0940857
용인시,2013   ,2013-01-21 06시,주간,월요일,차대차,기타,운전자법규위반,안전운전 의무 불이행,교차로,교차로내,원동기장치자전거,원동기장치자전거,승합차,대형,1,0,1,0,0,37.30811501,127.12887033
용인시,2013   ,2013-01-21 06시,주간,월요일,차대차,측면충돌,운전자법규위반,신호위반,교차로,교차로내,승용차,소형,화물차,중형,1,2,3,0,0,37.17006211,127.37062043
구리시,2013   ,2013-01-20 20시,야간,일요일,차대사람,보도통행중,운전자법규위반,안전운전 의무 불이행,교차로,교차로내,승용차,대형,보행자,보행자,1,0,1,0,0,37.63480908,127.1157137
화성시,2013   ,2013-01-20 19시,야간,일요일,차량단독,공작물충돌,운전자법규위반,안전운전 의무 불이행,단일로,기타단일로,승용차,경형,없음,없음,1,0,1,0,0,37.12520713,126.97315277
고양시,2013   ,2013-01-20 07시,주간,일요일,차대차,측면충돌,운전자법규위반,중앙선 침범,단일로,기타단일로,승용차,소형,승합차,중형,1,2,8,0,5,37.64967014,126.89932275
용인시,2013   ,2013-01-20 07시,주간,일요일,차량단독,전도전복,운전자법규위반,안전운전 의무 불이행,단일로,기타단일로,승용차,대형,없음,없음,2,0,2,0,0,37.27667846,127.08399533
고양시,2013   ,2013-01-20 01시,야간,일요일,차량단독,공작물충돌,운전자법규위반,안전운전 의무 불이행,단일로,기타단일로,승용차,중형,없음,없음,1,0,1,0,0,37.58131915,126.85607621
화성시,2013   ,2013-01-20 00시,야간,일요일,차대차,진행중 추돌,운전자법규위반,안전운전 의무 불이행,단일로,기타단일로,화물차,소형,화물차,소형,1,1,2,0,0,37.25698311,126.88523521
남양주시,2013   ,2013-01-19 21시,야간,토요일,차대사람,기타,운전자법규위반,안전운전 의무 불이행,단일로,기타단일로,승용차,중형,보행자,보행자,1,0,1,0,0,37.70304255,127.12484547
여주시,2013   ,2013-01-19 07시,주간,토요일,차대차,측면충돌,운전자법규위반,안전운전 의무 불이행,단일로,기타단일로,승용차,경형,화물차,중형,1,0,1,0,0,37.20121259,127.54854573
시흥시,2013   ,2013-01-18 23시,야간,금요일,차대사람,차도통행중,운전자법규위반,안전운전 의무 불이행,단일로,기타단일로,승용차,중형,보행자,보행자,1,0,1,0,0,37.34589528,126.7380332
여주시,2013   ,2013-01-18 17시,주간,금요일,차대사람,횡단중,운전자법규위반,안전운전 의무 불이행,단일로,기타단일로,화물차,경형,보행자,보행자,1,0,1,0,0,37.29961981,127.63071822
김포시,2013   ,2013-01-18 13시,주간,금요일,차대사람,보도통행중,운전자법규위반,안전운전 의무 불이행,단일로,기타단일로,승용차,소형,보행자,보행자,1,0,1,0,0,37.69200098,126.59814215
평택시,2013   ,2013-01-18 05시,야간,금요일,차대차,측면충돌,운전자법규위반,신호위반,교차로,교차로내,자전거,자전거,건설기계,건설기계,1,0,1,0,0,37.08007636,127.06263809
성남시,2013   ,2013-01-17 22시,야간,목요일,차량단독,기타,운전자법규위반,안전운전 의무 불이행,단일로,터널안,승용차,대형,없음,없음,1,0,1,0,0,37.38323774,127.06818058
시흥시,2013   ,2013-01-17 19시,야간,목요일,차대사람,횡단중,운전자법규위반,안전운전 의무 불이행,단일로,기타단일로,화물차,소형,보행자,보행자,1,0,1,0,0,37.43904095,126.7905402
구리시,2013   ,2013-01-17 12시,주간,목요일,차대사람,횡단중,운전자법규위반,안전운전 의무 불이행,단일로,횡단보도상,승합차,대형,보행자,보행자,1,2,5,0,2,37.60103066,127.13081127
광주시,2013   ,2013-01-16 14시,주간,수요일,차대차,기타,운전자법규위반,신호위반,단일로,횡단보도상,화물차,소형,이륜차,중형,1,0,1,0,0,37.36623096,127.24422579
고양시,2013   ,2013-01-16 07시,주간,수요일,차대사람,횡단중,운전자법규위반,보행자 보호의무 위반,교차로,교차로내,승용차,중형,보행자,보행자,1,0,1,0,0,37.67248988,126.75291246
시흥시,2013   ,2013-01-16 00시,야간,수요일,차대사람,기타,운전자법규위반,안전운전 의무 불이행,단일로,교량위,승용차,중형,보행자,보행자,1,0,1,0,0,37.36059391,126.86582551
부천시,2013   ,2013-01-15 22시,야간,화요일,차대차,기타,운전자법규위반,안전운전 의무 불이행,단일로,기타단일로,이륜차,중형,이륜차,중형,1,0,1,0,0,37.49815161,126.75626381
성남시,2013   ,2013-01-15 18시,야간,화요일,차대사람,횡단중,운전자법규위반,안전운전 의무 불이행,교차로,교차로부근,승용차,대형,보행자,보행자,1,0,1,0,0,37.42101272,127.12873203
광주시,2013   ,2013-01-15 16시,주간,화요일,차량단독,공작물충돌,운전자법규위반,안전운전 의무 불이행,단일로,기타단일로,승용차,경형,없음,없음,1,0,1,0,0,37.33050659,127.38266103
평택시,2013   ,2013-01-15 13시,주간,화요일,차대차,측면충돌,운전자법규위반,안전운전 의무 불이행,단일로,기타단일로,승용차,대형,이륜차,중형,1,0,1,0,0,37.02738743,127.12291017
용인시,2013   ,2013-01-15 13시,주간,화요일,차대차,기타,운전자법규위반,안전거리 미확보,단일로,기타단일로,화물차,경형,화물차,소형,1,0,2,0,1,37.2214475,127.10062136
고양시,2013   ,2013-01-14 23시,야간,월요일,차대사람,횡단중,운전자법규위반,안전운전 의무 불이행,단일로,기타단일로,승용차,중형,보행자,보행자,1,0,1,0,0,37.61906077,126.83542246
용인시,2013   ,2013-01-14 18시,야간,월요일,차대사람,차도통행중,운전자법규위반,안전운전 의무 불이행,단일로,기타단일로,화물차,소형,보행자,보행자,1,0,1,0,0,37.27854571,127.22692778
화성시,2013   ,2013-01-14 17시,주간,월요일,차대사람,횡단중,운전자법규위반,안전운전 의무 불이행,단일로,기타단일로,화물차,소형,보행자,보행자,1,0,1,0,0,37.13107887,126.91040949
성남시,2013   ,2013-01-14 17시,주간,월요일,차대차,측면충돌,운전자법규위반,신호위반,교차로,교차로내,승용차,중형,이륜차,소형,1,0,1,0,0,37.36356409,127.11903233
고양시,2013   ,2013-01-14 16시,주간,월요일,차량단독,공작물충돌,운전자법규위반,안전운전 의무 불이행,단일로,기타단일로,승용차,소형,없음,없음,1,0,1,0,0,37.61037628,126.82161599
성남시,2013   ,2013-01-13 19시,야간,일요일,차대사람,횡단중,운전자법규위반,안전운전 의무 불이행,단일로,기타단일로,승용차,중형,보행자,보행자,1,0,1,0,0,37.42897812,127.13363199
화성시,2013   ,2013-01-13 18시,야간,일요일,차대사람,횡단중,운전자법규위반,안전운전 의무 불이행,단일로,기타단일로,승용차,중형,보행자,보행자,1,0,1,0,0,37.123281,126.99452075
안성시,2013   ,2013-01-13 02시,야간,일요일,차량단독,공작물충돌,운전자법규위반,안전운전 의무 불이행,교차로,교차로내,승용차,소형,없음,없음,1,2,3,0,0,36.99830754,127.16195084
이천시,2013   ,2013-01-12 18시,야간,토요일,차대사람,횡단중,운전자법규위반,보행자 보호의무 위반,단일로,횡단보도상,화물차,소형,보행자,보행자,1,1,2,0,0,37.28064195,127.44272448
남양주시,2013   ,2013-01-12 00시,야간,토요일,차대차,기타,운전자법규위반,중앙선 침범,단일로,기타단일로,승합차,소형,승용차,중형,1,2,3,0,0,37.64048533,127.22841948
부천시,2013   ,2013-01-11 01시,야간,금요일,차대사람,횡단중,운전자법규위반,안전운전 의무 불이행,단일로,횡단보도상,승용차,경형,보행자,보행자,1,0,1,0,0,37.48317282,126.77980286
동두천시,2013   ,2013-01-10 23시,야간,목요일,차대사람,횡단중,운전자법규위반,안전운전 의무 불이행,교차로,교차로내,원동기장치자전거,원동기장치자전거,보행자,보행자,1,0,1,0,0,37.91372557,127.05758969
수원시,2013   ,2013-01-10 14시,주간,목요일,차대사람,횡단중,운전자법규위반,보행자 보호의무 위반,단일로,횡단보도상,승합차,대형,보행자,보행자,1,0,1,0,0,37.26970762,126.99378818
여주시,2013   ,2013-01-10 13시,주간,목요일,차량단독,도로이탈 기타,운전자법규위반,안전운전 의무 불이행,단일로,기타단일로,화물차,중형,없음,없음,1,0,1,0,0,37.32774436,127.60218671
성남시,2013   ,2013-01-09 17시,주간,수요일,차대사람,횡단중,운전자법규위반,신호위반,교차로,교차로내,승합차,소형,보행자,보행자,1,0,1,0,0,37.38813183,127.10203434
남양주시,2013   ,2013-01-08 11시,주간,화요일,차대차,측면충돌,운전자법규위반,중앙선 침범,단일로,기타단일로,승용차,중형,승용차,중형,1,2,3,0,0,37.75158699,127.18280032
남양주시,2013   ,2013-01-08 02시,야간,화요일,차대사람,기타,운전자법규위반,안전운전 의무 불이행,단일로,기타단일로,승합차,대형,보행자,보행자,1,0,1,0,0,37.67794479,127.1558291
안산시,2013   ,2013-01-08 00시,야간,화요일,차대사람,기타,운전자법규위반,안전운전 의무 불이행,교차로,교차로내,승용차,중형,보행자,보행자,1,0,1,0,0,37.30797871,126.86890915
연천군,2013   ,2013-01-06 21시,야간,일요일,차량단독,도로이탈 추락,운전자법규위반,안전운전 의무 불이행,단일로,교량위,승용차,대형,없음,없음,1,0,1,0,0,37.9427599,127.00424395
안성시,2013   ,2013-01-06 18시,야간,일요일,차대사람,기타,운전자법규위반,기타(운전자법규위반),단일로,기타단일로,승용차,소형,보행자,보행자,1,0,1,0,0,37.08304887,127.26104666
여주시,2013   ,2013-01-06 04시,야간,일요일,차량단독,도로이탈 기타,운전자법규위반,안전운전 의무 불이행,단일로,기타단일로,승용차,중형,없음,없음,1,2,3,0,0,37.35501912,127.59285157
이천시,2013   ,2013-01-05 06시,주간,토요일,차대사람,차도통행중,운전자법규위반,안전운전 의무 불이행,교차로,교차로부근,화물차,중형,보행자,보행자,1,0,1,0,0,37.25183618,127.48974987
용인시,2013   ,2013-01-05 03시,야간,토요일,차대차,진행중 추돌,운전자법규위반,안전운전 의무 불이행,교차로,교차로부근,승용차,중형,승용차,경형,1,0,2,1,0,37.24697494,127.10430794
용인시,2013   ,2013-01-04 19시,야간,금요일,차대사람,기타,운전자법규위반,안전운전 의무 불이행,단일로,기타단일로,승용차,소형,보행자,보행자,1,0,1,0,0,37.18887349,127.32728966
안산시,2013   ,2013-01-04 12시,주간,금요일,차대차,측면충돌,운전자법규위반,차로위반(진로변경 위반),단일로,기타단일로,자전거,자전거,승합차,대형,1,0,1,0,0,37.31338587,126.86281166
안산시,2013   ,2013-01-04 11시,주간,금요일,차대사람,횡단중,운전자법규위반,안전운전 의무 불이행,단일로,기타단일로,승용차,중형,보행자,보행자,1,0,1,0,0,37.32234512,126.83568541
군포시,2013   ,2013-01-03 20시,야간,목요일,차대차,측면충돌,운전자법규위반,기타(운전자법규위반),교차로,교차로부근,특수차,중형,화물차,대형,1,0,1,0,0,37.33011178,126.93038411
안양시,2013   ,2013-01-03 10시,주간,목요일,차대사람,보도통행중,운전자법규위반,신호위반,교차로,교차로내,화물차,소형,보행자,보행자,1,0,1,0,0,37.38403142,126.92810655
안양시,2013   ,2013-01-03 08시,주간,목요일,차대차,주정차중 추돌,운전자법규위반,안전운전 의무 불이행,기타/불명,기타/불명,화물차,소형,화물차,소형,1,0,7,6,0,37.40545235,126.88238583
화성시,2013   ,2013-01-03 07시,주간,목요일,차대사람,길가장자리구역통행중,운전자법규위반,안전운전 의무 불이행,기타/불명,기타/불명,승용차,소형,보행자,보행자,1,0,1,0,0,37.13914879,126.92961739
군포시,2013   ,2013-01-03 07시,주간,목요일,차대사람,기타,운전자법규위반,안전운전 의무 불이행,단일로,기타단일로,승용차,중형,보행자,보행자,1,0,1,0,0,37.36781051,126.9270326
용인시,2013   ,2013-01-02 23시,야간,수요일,차량단독,공작물충돌,운전자법규위반,안전운전 의무 불이행,단일로,터널안,승용차,중형,없음,없음,1,0,1,0,0,37.29584592,127.10349924
여주시,2013   ,2013-01-01 16시,주간,화요일,차량단독,공작물충돌,운전자법규위반,안전운전 의무 불이행,단일로,기타단일로,승용차,소형,없음,없음,1,0,1,0,0,37.21562907,127.56165173
안성시,2012   ,2012-12-31 20시,야간,월요일,차대사람,기타,운전자법규위반,안전운전 의무 불이행,단일로,기타단일로,승합차,대형,보행자,보행자,1,0,1,0,0,36.9812095,127.22188156
남양주시,2012   ,2012-12-31 16시,주간,토요일,차대사람,횡단중,운전자법규위반,보행자 보호의무 위반,교차로,교차로내,화물차,중형,보행자,보행자,1,0,1,0,0,37.65310495,127.30659642
포천시,2012   ,2012-12-31 14시,주간,월요일,차대사람,횡단중,운전자법규위반,안전운전 의무 불이행,단일로,기타단일로,승용차,중형,보행자,보행자,1,0,2,0,1,37.96787846,127.32805386
용인시,2012   ,2012-12-29 17시,주간,토요일,차대사람,기타,운전자법규위반,안전운전 의무 불이행,단일로,횡단보도부근,승합차,소형,보행자,보행자,1,0,1,0,0,37.26850268,127.13302366
김포시,2012   ,2012-12-29 10시,주간,토요일,차대차,주정차중 추돌,운전자법규위반,안전운전 의무 불이행,교차로,교차로부근,화물차,소형,화물차,소형,1,1,2,0,0,37.64729807,126.56757361
성남시,2012   ,2012-12-28 22시,야간,금요일,차대사람,횡단중,운전자법규위반,안전운전 의무 불이행,단일로,기타단일로,승합차,대형,보행자,보행자,1,0,1,0,0,37.43099211,127.12911227
평택시,2012   ,2012-12-28 20시,야간,금요일,차대사람,횡단중,운전자법규위반,안전운전 의무 불이행,교차로,교차로부근,승용차,중형,보행자,보행자,1,0,1,0,0,37.06817959,127.0607491
양주시,2012   ,2012-12-27 23시,야간,목요일,차대사람,보도통행중,운전자법규위반,안전운전 의무 불이행,교차로,교차로내,승용차,중형,보행자,보행자,1,0,1,0,0,37.83962614,127.04956567
고양시,2012   ,2012-12-26 23시,야간,수요일,차량단독,전도전복,운전자법규위반,안전운전 의무 불이행,단일로,기타단일로,승용차,중형,없음,없음,1,0,1,0,0,37.61897922,126.79647757
고양시,2012   ,2012-12-26 23시,야간,수요일,차대사람,횡단중,운전자법규위반,보행자 보호의무 위반,단일로,횡단보도상,승용차,중형,보행자,보행자,1,1,3,0,1,37.62908496,126.82929281
평택시,2012   ,2012-12-26 21시,야간,수요일,차대사람,횡단중,운전자법규위반,안전운전 의무 불이행,교차로,교차로내,승용차,소형,보행자,보행자,1,0,1,0,0,37.02904977,127.07092473
평택시,2012   ,2012-12-26 18시,야간,수요일,차대사람,횡단중,운전자법규위반,보행자 보호의무 위반,교차로,교차로내,승용차,경형,보행자,보행자,1,0,1,0,0,37.10772279,127.02510206
수원시,2012   ,2012-12-26 18시,야간,수요일,차대사람,기타,운전자법규위반,보행자 보호의무 위반,교차로,교차로내,승합차,대형,보행자,보행자,1,0,1,0,0,37.28926619,127.01413704
수원시,2012   ,2012-12-26 04시,야간,수요일,차대사람,횡단중,운전자법규위반,안전운전 의무 불이행,단일로,기타단일로,승용차,소형,보행자,보행자,1,0,1,0,0,37.2720431,127.05609353
양주시,2012   ,2012-12-25 22시,야간,화요일,차대사람,횡단중,운전자법규위반,안전운전 의무 불이행,교차로,교차로내,승용차,중형,보행자,보행자,1,0,1,0,0,37.8465118,127.054218
포천시,2012   ,2012-12-25 17시,주간,화요일,차대사람,보도통행중,운전자법규위반,기타(운전자법규위반),단일로,기타단일로,이륜차,사발이,보행자,보행자,1,0,1,0,0,38.00406944,127.24164094
군포시,2012   ,2012-12-25 04시,야간,화요일,차량단독,공작물충돌,운전자법규위반,안전운전 의무 불이행,단일로,기타단일로,화물차,소형,없음,없음,1,1,2,0,0,37.32223061,126.90031349
시흥시,2012   ,2012-12-24 07시,주간,월요일,차대사람,횡단중,운전자법규위반,과속,교차로,교차로부근,승용차,소형,보행자,보행자,1,0,1,0,0,37.31889235,126.7272456
남양주시,2012   ,2012-12-23 23시,야간,일요일,차대사람,횡단중,운전자법규위반,안전운전 의무 불이행,교차로,교차로부근,승용차,경형,보행자,보행자,1,0,1,0,0,37.71455108,127.18266328
가평군,2012   ,2012-12-23 18시,야간,일요일,차대차,기타,운전자법규위반,중앙선 침범,단일로,기타단일로,이륜차,소형,승용차,중형,1,1,2,0,0,37.85035339,127.28198474
안산시,2012   ,2012-12-22 05시,야간,토요일,차대차,주정차중 추돌,운전자법규위반,안전운전 의무 불이행,단일로,기타단일로,승합차,소형,화물차,대형,1,0,1,0,0,37.31178449,126.84929781
용인시,2012   ,2012-12-22 03시,야간,토요일,차량단독,기타,운전자법규위반,안전운전 의무 불이행,단일로,고가도로위,화물차,소형,없음,없음,1,1,2,0,0,37.26724052,127.07880275
수원시,2012   ,2012-12-21 03시,야간,금요일,차대차,정면충돌,운전자법규위반,신호위반,교차로,교차로내,승용차,중형,승합차,경형,1,4,10,0,5,37.25956225,126.97336872
안산시,2012   ,2012-12-20 20시,야간,목요일,차량단독,전도전복,운전자법규위반,중앙선 침범,단일로,기타단일로,승합차,소형,없음,없음,1,0,1,0,0,37.34836787,126.82454958
고양시,2012   ,2012-12-20 05시,야간,목요일,차량단독,공작물충돌,운전자법규위반,안전운전 의무 불이행,교차로,교차로내,승용차,중형,없음,없음,1,0,1,0,0,37.70475554,126.85758497
파주시,2012   ,2012-12-20 04시,야간,목요일,차량단독,공작물충돌,운전자법규위반,안전운전 의무 불이행,단일로,기타단일로,승용차,중형,없음,없음,1,0,1,0,0,37.70806542,126.73001791