시군명,발생년도,발생일자,주야구분명,사고요일,사고유형_대분류,사고유형,법규위반대분류명,법규위반내용,도로형태_대분류,도로형태,가해자 당사자 종별,당사자1_차종,피해자 당사자 종별,당사자2_차종,사망자수,중상자수,부상자수,부상신고자수,경상자수,WGS84위도,WGS84경도
군포시,2012   ,2012-09-15 23시,야간,토요일,차대차,측면충돌,운전자법규위반,중앙선 침범,단일로,기타단일로,승용차,소형,이륜차,중형,1,0,1,0,0,37.3684722,126.94481492
용인시,2012   ,2012-09-15 19시,야간,토요일,차대차,정면충돌,운전자법규위반,신호위반,단일로,기타단일로,화물차,중형,건설기계,건설기계,1,1,2,0,0,37.28962953,127.13242467
가평군,2012   ,2012-09-15 10시,주간,토요일,차대사람,횡단중,운전자법규위반,안전거리 미확보,교차로,교차로내,화물차,소형,보행자,보행자,1,0,1,0,0,37.85840456,127.51588116
안성시,2012   ,2012-09-14 20시,야간,금요일,차대사람,차도통행중,운전자법규위반,안전운전 의무 불이행,교차로,교차로부근,승합차,경형,보행자,보행자,1,0,1,0,0,36.98089688,127.29931094
수원시,2012   ,2012-09-14 10시,주간,금요일,차대사람,기타,운전자법규위반,안전운전 의무 불이행,단일로,기타단일로,화물차,소형,보행자,보행자,1,0,1,0,0,37.26318566,126.99399322
가평군,2012   ,2012-09-14 09시,주간,금요일,차대차,기타,운전자법규위반,차로위반(진로변경 위반),단일로,기타단일로,승합차,대형,승용차,중형,1,0,1,0,0,37.68472449,127.53367287
용인시,2012   ,2012-09-14 00시,야간,금요일,차대차,측면충돌,운전자법규위반,신호위반,교차로,교차로내,승용차,중형,화물차,대형,1,3,5,0,1,37.23321836,127.28590506
용인시,2012   ,2012-09-13 21시,야간,목요일,차대사람,보도통행중,운전자법규위반,안전운전 의무 불이행,단일로,기타단일로,특수차,소형,보행자,보행자,1,1,2,0,0,37.14246154,127.19427961
화성시,2012   ,2012-09-13 20시,야간,목요일,차대차,기타,운전자법규위반,안전운전 의무 불이행,단일로,기타단일로,승용차,중형,승용차,소형,1,0,1,0,0,37.24749328,126.83390759
남양주시,2012   ,2012-09-13 00시,야간,목요일,차량단독,공작물충돌,운전자법규위반,안전운전 의무 불이행,교차로,교차로부근,이륜차,소형,없음,없음,1,0,1,0,0,37.6127896,127.17261548
남양주시,2012   ,2012-09-12 09시,주간,수요일,차대사람,보도통행중,운전자법규위반,신호위반,교차로,교차로부근,화물차,중형,보행자,보행자,1,0,1,0,0,37.64991705,127.15100459
포천시,2012   ,2012-09-12 07시,주간,수요일,차대사람,기타,운전자법규위반,안전운전 의무 불이행,단일로,기타단일로,화물차,중형,보행자,보행자,1,0,1,0,0,37.77563057,127.22819839
안성시,2012   ,2012-09-11 17시,주간,화요일,차량단독,전도전복,운전자법규위반,안전운전 의무 불이행,단일로,기타단일로,승용차,소형,없음,없음,1,1,2,0,0,36.99267979,127.15472734
안성시,2012   ,2012-09-11 15시,주간,화요일,차대차,정면충돌,운전자법규위반,중앙선 침범,단일로,기타단일로,화물차,대형,농기계,농기계,1,2,4,0,1,37.03938264,127.18702449
남양주시,2012   ,2012-09-11 14시,주간,화요일,차대차,측면충돌,운전자법규위반,안전거리 미확보,단일로,기타단일로,승용차,중형,이륜차,중형,1,0,1,0,0,37.5593798,127.23540568
평택시,2012   ,2012-09-11 11시,주간,화요일,차대차,정면충돌,운전자법규위반,안전운전 의무 불이행,단일로,기타단일로,화물차,대형,이륜차,소형,1,0,1,0,0,37.02201305,126.8680447
안성시,2012   ,2012-09-11 04시,야간,화요일,차대차,진행중 추돌,운전자법규위반,안전운전 의무 불이행,단일로,기타단일로,화물차,중형,화물차,대형,1,1,3,0,1,37.06822393,127.13498072
용인시,2012   ,2012-09-09 21시,야간,일요일,차대사람,횡단중,운전자법규위반,안전운전 의무 불이행,교차로,교차로내,승용차,소형,보행자,보행자,1,0,1,0,0,37.27788867,127.22346716
이천시,2012   ,2012-09-09 13시,주간,일요일,차대차,주정차중 추돌,운전자법규위반,안전운전 의무 불이행,교차로,교차로내,이륜차,소형,승용차,중형,1,0,2,0,1,37.11430443,127.59659768
수원시,2012   ,2012-09-09 06시,주간,일요일,차량단독,공작물충돌,운전자법규위반,안전운전 의무 불이행,단일로,기타단일로,원동기장치자전거,원동기장치자전거,없음,없음,1,1,2,0,0,37.26043996,126.97008087
김포시,2012   ,2012-09-08 03시,야간,토요일,차량단독,공작물충돌,운전자법규위반,안전운전 의무 불이행,단일로,기타단일로,승용차,중형,없음,없음,1,1,2,0,0,37.59535696,126.77149594
안산시,2012   ,2012-09-07 19시,야간,금요일,차대사람,횡단중,운전자법규위반,안전운전 의무 불이행,단일로,기타단일로,승합차,중형,보행자,보행자,1,0,1,0,0,37.23761394,126.61867476
평택시,2012   ,2012-09-07 08시,주간,금요일,차대차,기타,운전자법규위반,신호위반,교차로,교차로내,이륜차,소형,승용차,소형,2,0,3,0,1,36.99652279,126.88910271
평택시,2012   ,2012-09-07 05시,야간,금요일,차대차,진행중 추돌,운전자법규위반,안전운전 의무 불이행,단일로,기타단일로,승합차,중형,농기계,농기계,1,0,1,0,0,37.00074835,126.9436676
파주시,2012   ,2012-09-07 03시,야간,금요일,차대차,측면충돌,운전자법규위반,안전운전 의무 불이행,단일로,기타단일로,원동기장치자전거,원동기장치자전거,화물차,대형,1,0,1,0,0,37.7542919,126.7650363
의정부시,2012   ,2012-09-06 17시,주간,목요일,차대사람,횡단중,운전자법규위반,안전운전 의무 불이행,단일로,기타단일로,승용차,대형,보행자,보행자,1,0,1,0,0,37.73247918,127.06434465
이천시,2012   ,2012-09-06 15시,주간,목요일,차대차,주정차중 추돌,운전자법규위반,안전운전 의무 불이행,단일로,기타단일로,화물차,대형,승용차,대형,2,0,2,0,0,37.22983889,127.42873211
포천시,2012   ,2012-09-06 10시,주간,목요일,차대차,정면충돌,운전자법규위반,중앙선 침범,단일로,기타단일로,화물차,중형,승용차,중형,1,1,3,0,1,38.01660284,127.20926531
화성시,2012   ,2012-09-06 05시,야간,목요일,차대차,정면충돌,운전자법규위반,안전운전 의무 불이행,단일로,기타단일로,화물차,소형,특수차,중형,1,0,2,1,0,37.22557772,126.82387655
파주시,2012   ,2012-09-05 17시,주간,수요일,차대사람,횡단중,운전자법규위반,안전운전 의무 불이행,교차로,교차로부근,승합차,중형,보행자,보행자,1,0,1,0,0,37.84160833,126.73504158
안성시,2012   ,2012-09-05 10시,주간,수요일,차대차,측면충돌,운전자법규위반,교차로 통행방법 위반,교차로,교차로내,승용차,대형,이륜차,중형,1,0,1,0,0,37.07305702,127.41796683
안산시,2012   ,2012-09-03 22시,야간,월요일,차량단독,전도전복,운전자법규위반,안전운전 의무 불이행,단일로,기타단일로,화물차,경형,없음,없음,1,0,1,0,0,37.25699346,126.56576445
수원시,2012   ,2012-09-03 11시,주간,월요일,차대사람,횡단중,운전자법규위반,보행자 보호의무 위반,단일로,횡단보도상,화물차,중형,보행자,보행자,1,0,1,0,0,37.27130621,127.01310201
남양주시,2012   ,2012-09-03 11시,주간,월요일,차대차,측면충돌,운전자법규위반,중앙선 침범,단일로,기타단일로,자전거,자전거,건설기계,건설기계,1,0,1,0,0,37.65002547,127.18302873
동두천시,2012   ,2012-09-03 05시,야간,월요일,차대사람,횡단중,운전자법규위반,신호위반,교차로,교차로내,화물차,소형,보행자,보행자,1,0,1,0,0,37.88041899,127.0518759
평택시,2012   ,2012-09-02 17시,주간,일요일,차대사람,차도통행중,운전자법규위반,안전운전 의무 불이행,교차로,교차로내,승합차,중형,보행자,보행자,1,0,1,0,0,36.98969303,127.08872116
여주시,2012   ,2012-09-02 01시,야간,일요일,차대차,주정차중 추돌,운전자법규위반,신호위반,교차로,교차로부근,승용차,중형,특수차,중형,1,1,3,0,1,37.29905627,127.55708232
화성시,2012   ,2012-09-02 01시,야간,일요일,차량단독,전도전복,운전자법규위반,안전운전 의무 불이행,단일로,기타단일로,승용차,경형,없음,없음,1,1,2,0,0,37.06288037,126.8898308
화성시,2012   ,2012-09-01 10시,주간,토요일,차대차,측면충돌,운전자법규위반,기타(운전자법규위반),단일로,기타단일로,건설기계,건설기계,승합차,대형,1,0,1,0,0,37.20924423,127.03997388
수원시,2012   ,2012-09-01 09시,주간,토요일,차대사람,횡단중,운전자법규위반,안전운전 의무 불이행,단일로,기타단일로,승용차,소형,보행자,보행자,1,0,1,0,0,37.24765688,126.96978703
성남시,2012   ,2012-09-01 01시,야간,토요일,차량단독,전도전복,운전자법규위반,안전운전 의무 불이행,단일로,기타단일로,이륜차,소형,없음,없음,1,0,1,0,0,37.43316804,127.11891721
안산시,2012   ,2012-08-31 19시,야간,금요일,차대차,기타,운전자법규위반,교차로 통행방법 위반,교차로,교차로부근,특수차,대형,자전거,자전거,1,0,1,0,0,37.32793228,126.84188946
용인시,2012   ,2012-08-31 18시,야간,금요일,차대차,정면충돌,운전자법규위반,중앙선 침범,단일로,기타단일로,화물차,소형,승합차,대형,1,5,7,0,1,37.18108195,127.23315973
파주시,2012   ,2012-08-31 18시,야간,금요일,차량단독,공작물충돌,운전자법규위반,안전운전 의무 불이행,단일로,기타단일로,이륜차,소형,없음,없음,1,0,1,0,0,37.79842883,126.69603875
안산시,2012   ,2012-08-31 12시,주간,금요일,차대차,기타,운전자법규위반,차로위반(진로변경 위반),교차로,교차로부근,원동기장치자전거,원동기장치자전거,특수차,중형,1,1,2,0,0,37.32494177,126.80904786
포천시,2012   ,2012-08-31 12시,주간,금요일,차량단독,전도전복,운전자법규위반,안전운전 의무 불이행,교차로,교차로부근,화물차,중형,없음,없음,1,0,1,0,0,38.0536724,127.27025842
성남시,2012   ,2012-08-31 10시,주간,금요일,차대차,진행중 추돌,운전자법규위반,차로위반(진로변경 위반),단일로,기타단일로,자전거,자전거,화물차,소형,1,0,1,0,0,37.44088755,127.12008765
용인시,2012   ,2012-08-31 08시,주간,금요일,차대사람,횡단중,운전자법규위반,신호위반,교차로,교차로내,건설기계,건설기계,보행자,보행자,1,0,1,0,0,37.19029478,127.2066384
시흥시,2012   ,2012-08-31 03시,야간,금요일,차량단독,공작물충돌,운전자법규위반,안전운전 의무 불이행,단일로,기타단일로,승용차,중형,없음,없음,2,2,5,0,1,37.33426468,126.68878696
평택시,2012   ,2012-08-31 01시,야간,금요일,차대사람,차도통행중,운전자법규위반,안전운전 의무 불이행,단일로,기타단일로,승용차,중형,보행자,보행자,1,0,1,0,0,36.97116954,127.11596379
남양주시,2012   ,2012-08-30 17시,주간,목요일,차대차,기타,운전자법규위반,안전운전 의무 불이행,교차로,교차로부근,원동기장치자전거,원동기장치자전거,승합차,대형,1,0,1,0,0,37.64677599,127.14053381
구리시,2012   ,2012-08-29 16시,주간,수요일,차대차,정면충돌,운전자법규위반,신호위반,단일로,기타단일로,자전거,자전거,승용차,중형,1,0,1,0,0,37.60419189,127.13315959
부천시,2012   ,2012-08-28 23시,야간,화요일,차대차,측면충돌,운전자법규위반,신호위반,교차로,교차로내,승용차,대형,이륜차,중형,1,0,1,0,0,37.4816744,126.77063313
고양시,2012   ,2012-08-28 10시,주간,화요일,차대차,측면충돌,운전자법규위반,교차로 통행방법 위반,교차로,교차로내,승합차,소형,원동기장치자전거,원동기장치자전거,1,1,2,0,0,37.62888205,126.83324978
화성시,2012   ,2012-08-28 00시,야간,화요일,차대사람,횡단중,운전자법규위반,안전운전 의무 불이행,단일로,횡단보도상,승용차,중형,보행자,보행자,1,0,1,0,0,37.20482616,127.03735244
안산시,2012   ,2012-08-27 20시,야간,월요일,차대차,기타,운전자법규위반,중앙선 침범,단일로,기타단일로,승용차,중형,화물차,경형,1,1,2,0,0,37.31913722,126.7983792
부천시,2012   ,2012-08-26 21시,야간,일요일,차대차,정면충돌,운전자법규위반,중앙선 침범,단일로,지하차도(도로)내,원동기장치자전거,원동기장치자전거,승용차,중형,1,0,1,0,0,37.53890172,126.8190766
부천시,2012   ,2012-08-26 04시,야간,일요일,차대사람,기타,운전자법규위반,안전운전 의무 불이행,단일로,기타단일로,승용차,중형,보행자,보행자,1,0,1,0,0,37.48745208,126.78687663
시흥시,2012   ,2012-08-25 20시,야간,토요일,차대사람,횡단중,운전자법규위반,안전운전 의무 불이행,단일로,기타단일로,승용차,대형,보행자,보행자,1,0,1,0,0,37.34214022,126.74422392
화성시,2012   ,2012-08-25 18시,야간,토요일,차량단독,공작물충돌,운전자법규위반,중앙선 침범,기타/불명,기타/불명,이륜차,소형,없음,없음,1,0,1,0,0,37.21781243,126.75408837
의정부시,2012   ,2012-08-24 19시,야간,금요일,차대사람,횡단중,운전자법규위반,안전운전 의무 불이행,교차로,교차로부근,승용차,중형,보행자,보행자,1,0,1,0,0,37.70572975,127.05521004
양평군,2012   ,2012-08-24 13시,주간,금요일,차대차,정면충돌,운전자법규위반,중앙선 침범,단일로,기타단일로,승용차,소형,승합차,대형,1,0,1,0,0,37.57382032,127.6650793
가평군,2012   ,2012-08-22 22시,야간,수요일,차량단독,기타,운전자법규위반,안전운전 의무 불이행,단일로,터널안,승용차,중형,없음,없음,1,0,1,0,0,37.68670647,127.53690618
부천시,2012   ,2012-08-22 16시,주간,수요일,차대사람,기타,운전자법규위반,안전운전 의무 불이행,단일로,기타단일로,승용차,중형,보행자,보행자,1,0,1,0,0,37.4758608,126.77651408
광주시,2012   ,2012-08-22 01시,야간,수요일,차량단독,도로이탈 기타,운전자법규위반,안전운전 의무 불이행,단일로,기타단일로,승용차,중형,없음,없음,1,0,1,0,0,37.38164688,127.29374094
양평군,2012   ,2012-08-21 04시,야간,화요일,차량단독,공작물충돌,운전자법규위반,중앙선 침범,단일로,기타단일로,승용차,소형,없음,없음,2,1,3,0,0,37.49473209,127.48445636
광주시,2012   ,2012-08-20 21시,야간,월요일,차대차,정면충돌,운전자법규위반,중앙선 침범,단일로,기타단일로,승용차,경형,승합차,소형,1,1,2,0,0,37.36801729,127.38665705
남양주시,2012   ,2012-08-20 20시,야간,월요일,차대차,기타,운전자법규위반,안전운전 의무 불이행,단일로,기타단일로,승용차,중형,승용차,중형,1,0,2,0,1,37.65026145,127.16407361
안양시,2012   ,2012-08-20 06시,주간,월요일,차대차,기타,운전자법규위반,안전운전 의무 불이행,단일로,고가도로위,승용차,소형,승용차,소형,1,0,1,0,0,37.42627596,126.88450916
남양주시,2012   ,2012-08-20 05시,야간,월요일,차대차,정면충돌,운전자법규위반,중앙선 침범,교차로,교차로부근,승용차,중형,승용차,중형,1,2,3,0,0,37.59476495,127.1734421
화성시,2012   ,2012-08-19 08시,주간,일요일,차대차,측면충돌,운전자법규위반,중앙선 침범,교차로,교차로부근,자전거,자전거,승용차,소형,1,0,1,0,0,37.20332041,126.8002641
오산시,2012   ,2012-08-19 06시,주간,토요일,차대차,기타,운전자법규위반,신호위반,교차로,교차로내,승용차,중형,이륜차,소형,2,0,2,0,0,37.15898177,127.07876217
수원시,2012   ,2012-08-19 03시,야간,일요일,차량단독,공작물충돌,운전자법규위반,안전운전 의무 불이행,단일로,기타단일로,승용차,중형,없음,없음,1,0,1,0,0,37.26339735,127.02552478
의정부시,2012   ,2012-08-19 03시,야간,일요일,차량단독,전도전복,운전자법규위반,안전운전 의무 불이행,교차로,교차로부근,승용차,소형,없음,없음,1,0,1,0,0,37.74823907,127.03038064
광주시,2012   ,2012-08-19 03시,야간,일요일,차량단독,기타,운전자법규위반,안전운전 의무 불이행,교차로,교차로부근,승용차,소형,없음,없음,1,0,1,0,0,37.34719442,127.21866312
연천군,2012   ,2012-08-18 23시,야간,토요일,차대사람,횡단중,운전자법규위반,과속,단일로,기타단일로,승용차,중형,보행자,보행자,1,1,2,0,0,38.01015359,127.06458605
여주시,2012   ,2012-08-18 17시,주간,토요일,차량단독,공작물충돌,운전자법규위반,안전운전 의무 불이행,단일로,기타단일로,승용차,소형,없음,없음,1,2,3,0,0,37.25357985,127.65742038
안산시,2012   ,2012-08-16 14시,주간,목요일,차대차,주정차중 추돌,운전자법규위반,안전운전 의무 불이행,단일로,기타단일로,화물차,소형,화물차,소형,1,1,2,0,0,37.34684016,126.86947597
김포시,2012   ,2012-08-16 12시,주간,목요일,차대차,정면충돌,운전자법규위반,중앙선 침범,단일로,기타단일로,화물차,소형,화물차,중형,1,1,5,0,3,37.61323957,126.55538852
평택시,2012   ,2012-08-15 20시,야간,수요일,차대사람,횡단중,운전자법규위반,안전운전 의무 불이행,단일로,기타단일로,화물차,소형,보행자,보행자,1,1,2,0,0,37.09137331,127.06321457
화성시,2012   ,2012-08-15 20시,야간,수요일,차대사람,길가장자리구역통행중,운전자법규위반,안전운전 의무 불이행,교차로,교차로부근,승용차,소형,보행자,보행자,1,0,1,0,0,37.21343755,126.78128161
평택시,2012   ,2012-08-15 01시,야간,수요일,차대차,주정차중 추돌,운전자법규위반,안전운전 의무 불이행,교차로,교차로부근,승용차,대형,승용차,소형,1,1,2,0,0,36.94212662,127.04969308
군포시,2012   ,2012-08-14 05시,야간,화요일,차대사람,횡단중,운전자법규위반,안전운전 의무 불이행,단일로,횡단보도상,승용차,소형,보행자,보행자,1,0,1,0,0,37.34297209,126.93905302
하남시,2012   ,2012-08-13 22시,야간,월요일,차대차,측면충돌,운전자법규위반,교차로 통행방법 위반,교차로,교차로내,승합차,대형,이륜차,소형,1,0,1,0,0,37.54933664,127.2077729
광주시,2012   ,2012-08-13 19시,야간,월요일,차량단독,공작물충돌,운전자법규위반,안전운전 의무 불이행,교차로,교차로부근,원동기장치자전거,원동기장치자전거,없음,없음,1,0,1,0,0,37.40370549,127.31100182
용인시,2012   ,2012-08-13 10시,주간,월요일,차대차,정면충돌,운전자법규위반,안전운전 의무 불이행,교차로,교차로부근,승용차,중형,자전거,자전거,1,0,1,0,0,37.24368609,127.16616851
고양시,2012   ,2012-08-12 21시,야간,일요일,차대차,측면충돌,운전자법규위반,안전운전 의무 불이행,교차로,교차로내,원동기장치자전거,원동기장치자전거,승용차,소형,1,0,2,0,1,37.66088399,126.77157033
의정부시,2012   ,2012-08-12 21시,야간,일요일,차대사람,횡단중,운전자법규위반,안전운전 의무 불이행,단일로,지하차도(도로)내,승용차,경형,보행자,보행자,1,0,1,0,0,37.73753789,127.05769827
화성시,2012   ,2012-08-11 20시,야간,토요일,차대사람,횡단중,운전자법규위반,안전운전 의무 불이행,단일로,기타단일로,화물차,소형,보행자,보행자,1,0,1,0,0,37.08042739,126.89794819
안양시,2012   ,2012-08-11 06시,주간,토요일,차량단독,공작물충돌,운전자법규위반,안전운전 의무 불이행,단일로,고가도로위,원동기장치자전거,원동기장치자전거,없음,없음,1,0,1,0,0,37.41514438,126.9183889
시흥시,2012   ,2012-08-11 01시,야간,토요일,차대사람,횡단중,운전자법규위반,안전운전 의무 불이행,교차로,교차로내,승용차,소형,보행자,보행자,1,0,1,0,0,37.35351173,126.72552461
남양주시,2012   ,2012-08-08 13시,주간,수요일,차대사람,기타,운전자법규위반,안전운전 의무 불이행,단일로,기타단일로,특수차,대형,보행자,보행자,1,0,1,0,0,37.603101,127.25040918
김포시,2012   ,2012-08-07 21시,야간,화요일,차대사람,횡단중,운전자법규위반,안전운전 의무 불이행,교차로,교차로내,화물차,중형,보행자,보행자,1,0,1,0,0,37.66886725,126.64747989
양평군,2012   ,2012-08-07 20시,야간,화요일,차대차,기타,운전자법규위반,안전운전 의무 불이행,단일로,기타단일로,이륜차,소형,화물차,중형,1,0,1,0,0,37.41200687,127.7603234
안성시,2012   ,2012-08-07 19시,야간,화요일,차대사람,횡단중,운전자법규위반,보행자 보호의무 위반,단일로,횡단보도상,승용차,중형,보행자,보행자,1,0,1,0,0,37.01415604,127.32524653
성남시,2012   ,2012-08-07 18시,야간,화요일,차대사람,기타,운전자법규위반,안전운전 의무 불이행,교차로,교차로부근,승용차,대형,보행자,보행자,1,0,2,0,1,37.42878557,127.13258178
용인시,2012   ,2012-08-07 17시,주간,화요일,차대차,진행중 추돌,운전자법규위반,안전운전 의무 불이행,단일로,기타단일로,화물차,대형,화물차,대형,1,0,3,0,2,37.24687374,127.27097148
김포시,2012   ,2012-08-07 15시,주간,화요일,차량단독,전도전복,운전자법규위반,안전운전 의무 불이행,단일로,기타단일로,농기계,농기계,없음,없음,1,0,1,0,0,37.58665053,126.77596411
부천시,2012   ,2012-08-07 03시,야간,화요일,차대차,주정차중 추돌,운전자법규위반,안전운전 의무 불이행,단일로,기타단일로,승용차,중형,승용차,소형,1,0,1,0,0,37.49719175,126.75556062
평택시,2012   ,2012-08-05 04시,야간,일요일,차대차,진행중 추돌,운전자법규위반,안전운전 의무 불이행,단일로,기타단일로,화물차,중형,농기계,농기계,1,0,1,0,0,36.94186254,126.88091454
남양주시,2012   ,2012-08-04 18시,야간,토요일,차량단독,전도전복,운전자법규위반,안전운전 의무 불이행,단일로,기타단일로,승용차,중형,없음,없음,2,2,4,0,0,37.59319226,127.17187444
수원시,2012   ,2012-08-04 06시,주간,토요일,차대차,기타,운전자법규위반,안전운전 의무 불이행,단일로,기타단일로,자전거,자전거,승용차,소형,1,0,1,0,0,37.2862462,126.99047702
이천시,2012   ,2012-08-03 02시,야간,금요일,차대차,진행중 추돌,운전자법규위반,안전운전 의무 불이행,단일로,기타단일로,화물차,대형,화물차,대형,1,0,2,0,1,37.23986802,127.39908203
평택시,2012   ,2012-08-03 01시,야간,금요일,차대사람,차도통행중,운전자법규위반,안전운전 의무 불이행,단일로,기타단일로,승용차,중형,보행자,보행자,1,0,1,0,0,37.00872113,126.81829387
고양시,2012   ,2012-08-02 20시,야간,목요일,차대사람,횡단중,운전자법규위반,안전운전 의무 불이행,단일로,횡단보도상,화물차,중형,보행자,보행자,1,0,1,0,0,37.71328094,126.78833703
안양시,2012   ,2012-08-02 16시,주간,목요일,차대사람,횡단중,운전자법규위반,안전운전 의무 불이행,단일로,기타단일로,승용차,중형,보행자,보행자,1,0,1,0,0,37.40169404,126.90531878
안양시,2012   ,2012-08-02 08시,주간,목요일,차량단독,공작물충돌,운전자법규위반,안전운전 의무 불이행,단일로,고가도로위,원동기장치자전거,원동기장치자전거,없음,없음,1,0,1,0,0,37.4149019,126.91857159
남양주시,2012   ,2012-08-02 05시,야간,목요일,차량단독,기타,운전자법규위반,안전운전 의무 불이행,단일로,기타단일로,이륜차,소형,없음,없음,1,0,1,0,0,37.6487607,127.19214823
용인시,2012   ,2012-08-01 20시,야간,수요일,차대사람,횡단중,운전자법규위반,안전운전 의무 불이행,단일로,고가도로위,승용차,중형,보행자,보행자,1,0,1,0,0,37.23320492,127.21159038
김포시,2012   ,2012-08-01 17시,주간,금요일,차대차,정면충돌,운전자법규위반,중앙선 침범,단일로,기타단일로,승용차,소형,화물차,중형,1,0,2,0,1,37.67358857,126.6410531
양평군,2012   ,2012-08-01 11시,주간,수요일,차대차,주정차중 추돌,운전자법규위반,안전운전 의무 불이행,단일로,기타단일로,승용차,소형,승용차,대형,1,0,1,0,0,37.49021717,127.49536208
화성시,2012   ,2012-08-01 09시,주간,수요일,차대사람,길가장자리구역통행중,운전자법규위반,안전운전 의무 불이행,교차로,교차로내,승용차,소형,보행자,보행자,1,0,1,0,0,37.2342954,127.06658517
평택시,2012   ,2012-07-31 00시,야간,화요일,차대사람,횡단중,운전자법규위반,안전운전 의무 불이행,단일로,기타단일로,승용차,대형,보행자,보행자,1,0,1,0,0,37.01214467,127.07252604
김포시,2012   ,2012-07-29 20시,야간,일요일,차대사람,차도통행중,운전자법규위반,안전운전 의무 불이행,단일로,기타단일로,화물차,소형,보행자,보행자,1,0,1,0,0,37.60139888,126.71979007
부천시,2012   ,2012-07-29 05시,야간,일요일,차대사람,횡단중,운전자법규위반,안전운전 의무 불이행,단일로,기타단일로,승용차,중형,보행자,보행자,1,0,1,0,0,37.47240625,126.79551274
시흥시,2012   ,2012-07-29 03시,야간,일요일,차대차,기타,운전자법규위반,교차로 통행방법 위반,교차로,교차로내,승용차,중형,이륜차,소형,1,2,3,0,0,37.34650235,126.7455576
포천시,2012   ,2012-07-29 02시,야간,일요일,차량단독,공작물충돌,운전자법규위반,안전운전 의무 불이행,교차로,교차로부근,승용차,중형,없음,없음,3,0,3,0,0,37.91950564,127.22000139
김포시,2012   ,2012-07-28 16시,주간,토요일,차대차,기타,운전자법규위반,안전운전 의무 불이행,단일로,기타단일로,승용차,대형,건설기계,건설기계,1,1,2,0,0,37.60061591,126.7914281
용인시,2012   ,2012-07-28 03시,야간,토요일,차대사람,기타,운전자법규위반,안전운전 의무 불이행,단일로,기타단일로,화물차,중형,보행자,보행자,1,0,1,0,0,37.20292336,127.17546469
김포시,2012   ,2012-07-27 18시,야간,금요일,차대사람,기타,운전자법규위반,안전운전 의무 불이행,교차로,교차로내,승용차,소형,보행자,보행자,1,0,1,0,0,37.61918892,126.70061303
파주시,2012   ,2012-07-27 06시,주간,금요일,차대차,기타,운전자법규위반,안전운전 의무 불이행,교차로,교차로내,화물차,중형,화물차,대형,1,0,1,0,0,37.99248661,126.98187253
성남시,2012   ,2012-07-26 20시,야간,목요일,차대차,주정차중 추돌,운전자법규위반,안전운전 의무 불이행,단일로,기타단일로,승합차,대형,승용차,소형,4,1,14,1,8,37.39593496,127.064854
파주시,2012   ,2012-07-26 05시,야간,목요일,차대차,정면충돌,운전자법규위반,중앙선 침범,단일로,기타단일로,승용차,경형,화물차,중형,1,0,1,0,0,37.75592154,126.81719455
수원시,2012   ,2012-07-26 04시,야간,목요일,차대사람,기타,운전자법규위반,안전운전 의무 불이행,단일로,기타단일로,화물차,중형,보행자,보행자,1,0,1,0,0,37.26650543,126.94818098
광명시,2012   ,2012-07-25 18시,야간,수요일,차대차,측면충돌,운전자법규위반,안전거리 미확보,단일로,기타단일로,화물차,소형,이륜차,중형,1,0,1,0,0,37.41710181,126.84948389
남양주시,2012   ,2012-07-24 19시,야간,화요일,차대차,정면충돌,운전자법규위반,안전운전 의무 불이행,교차로,교차로내,이륜차,소형,승용차,중형,1,0,2,0,1,37.70955278,127.19794393
안양시,2012   ,2012-07-24 05시,야간,월요일,차대차,측면충돌,운전자법규위반,부당한 회전,교차로,교차로내,자전거,자전거,승합차,중형,1,7,9,0,1,37.4048096,126.97104313
동두천시,2012   ,2012-07-24 02시,야간,화요일,차량단독,전도전복,운전자법규위반,안전운전 의무 불이행,단일로,기타단일로,이륜차,소형,없음,없음,1,0,1,0,0,37.89425786,127.07981626
용인시,2012   ,2012-07-23 23시,야간,월요일,차대차,측면충돌,운전자법규위반,신호위반,교차로,교차로내,승용차,중형,이륜차,중형,1,1,2,0,0,37.31060456,127.08334579
가평군,2012   ,2012-07-23 18시,야간,월요일,차대차,정면충돌,운전자법규위반,중앙선 침범,단일로,기타단일로,승용차,소형,이륜차,소형,1,0,1,0,0,37.79716396,127.37219245
하남시,2012   ,2012-07-23 15시,주간,월요일,차대차,측면충돌,운전자법규위반,안전운전 의무 불이행,단일로,횡단보도상,화물차,중형,이륜차,소형,1,1,2,0,0,37.48521884,127.24082537
양주시,2012   ,2012-07-22 13시,주간,일요일,차량단독,공작물충돌,운전자법규위반,안전운전 의무 불이행,단일로,기타단일로,승용차,대형,없음,없음,1,0,1,0,0,37.78588952,127.02423694
의정부시,2012   ,2012-07-22 00시,야간,일요일,차대사람,횡단중,운전자법규위반,안전운전 의무 불이행,단일로,기타단일로,승용차,중형,보행자,보행자,1,0,1,0,0,37.69576073,127.05274009
남양주시,2012   ,2012-07-21 10시,주간,토요일,차대차,측면충돌,운전자법규위반,안전운전 의무 불이행,단일로,기타단일로,승용차,소형,승용차,중형,1,0,5,0,4,37.63171332,127.3220313
동두천시,2012   ,2012-07-21 05시,야간,토요일,차대차,정면충돌,운전자법규위반,중앙선 침범,단일로,기타단일로,승용차,중형,승용차,중형,1,0,2,0,1,37.87428397,127.0573936
광명시,2012   ,2012-07-21 03시,야간,토요일,차량단독,공작물충돌,운전자법규위반,안전운전 의무 불이행,단일로,기타단일로,원동기장치자전거,원동기장치자전거,없음,없음,1,0,2,0,1,37.43291556,126.88731451
고양시,2012   ,2012-07-21 02시,야간,토요일,차대차,측면충돌,운전자법규위반,신호위반,교차로,교차로내,승용차,중형,이륜차,소형,1,2,4,0,1,37.67958156,126.75207473