시군명,발생년도,발생일자,주야구분명,사고요일,사고유형_대분류,사고유형,법규위반대분류명,법규위반내용,도로형태_대분류,도로형태,가해자 당사자 종별,당사자1_차종,피해자 당사자 종별,당사자2_차종,사망자수,중상자수,부상자수,부상신고자수,경상자수,WGS84위도,WGS84경도
성남시,2012   ,2012-07-20 04시,야간,금요일,차대사람,횡단중,운전자법규위반,신호위반,단일로,횡단보도상,이륜차,소형,보행자,보행자,1,0,1,0,0,37.44185482,127.15019839
파주시,2012   ,2012-07-19 19시,야간,목요일,차대사람,차도통행중,운전자법규위반,안전운전 의무 불이행,단일로,기타단일로,승용차,중형,보행자,보행자,1,0,1,0,0,37.7639654,126.77562408
고양시,2012   ,2012-07-19 15시,주간,목요일,차대사람,횡단중,운전자법규위반,신호위반,단일로,횡단보도상,승합차,대형,보행자,보행자,1,0,1,0,0,37.69089945,126.76889495
고양시,2012   ,2012-07-19 00시,야간,목요일,차대사람,기타,운전자법규위반,안전운전 의무 불이행,단일로,기타단일로,승용차,중형,보행자,보행자,1,0,1,0,0,37.58728322,126.84410936
안양시,2012   ,2012-07-18 18시,야간,수요일,차대차,측면충돌,운전자법규위반,신호위반,교차로,교차로내,이륜차,중형,승합차,소형,1,0,1,0,0,37.37724557,126.96902298
의왕시,2012   ,2012-07-18 17시,주간,수요일,차대차,진행중 추돌,운전자법규위반,안전운전 의무 불이행,단일로,기타단일로,화물차,소형,화물차,소형,1,2,5,0,2,37.34275112,126.97740584
화성시,2012   ,2012-07-18 14시,주간,수요일,차량단독,공작물충돌,운전자법규위반,안전운전 의무 불이행,단일로,기타단일로,이륜차,중형,없음,없음,1,0,1,0,0,37.05047432,126.85526925
오산시,2012   ,2012-07-16 08시,주간,월요일,차대사람,기타,운전자법규위반,보행자 보호의무 위반,교차로,교차로내,승용차,경형,보행자,보행자,1,0,1,0,0,37.16272608,127.03854398
의정부시,2012   ,2012-07-14 15시,주간,토요일,차대차,기타,운전자법규위반,교차로 통행방법 위반,교차로,교차로내,이륜차,중형,자전거,자전거,1,0,1,0,0,37.70851152,127.04722921
안성시,2012   ,2012-07-14 11시,주간,토요일,차량단독,전도전복,운전자법규위반,안전운전 의무 불이행,단일로,기타단일로,농기계,농기계,없음,없음,1,0,1,0,0,36.92950571,127.26510869
남양주시,2012   ,2012-07-14 04시,야간,토요일,차대사람,기타,운전자법규위반,안전운전 의무 불이행,단일로,기타단일로,승용차,소형,보행자,보행자,1,0,1,0,0,37.61633986,127.343597
수원시,2012   ,2012-07-14 03시,야간,토요일,차대사람,기타,운전자법규위반,안전운전 의무 불이행,단일로,기타단일로,승용차,중형,보행자,보행자,1,0,1,0,0,37.24618143,127.03479958
고양시,2012   ,2012-07-13 19시,야간,금요일,차량단독,공작물충돌,운전자법규위반,안전운전 의무 불이행,단일로,기타단일로,승용차,경형,없음,없음,1,1,2,0,0,37.64566337,126.90906944
평택시,2012   ,2012-07-13 18시,야간,금요일,차대사람,기타,운전자법규위반,안전운전 의무 불이행,단일로,기타단일로,승합차,대형,보행자,보행자,1,0,1,0,0,36.9965235,127.08802131
광명시,2012   ,2012-07-12 22시,야간,목요일,차대사람,횡단중,운전자법규위반,신호위반,교차로,교차로내,이륜차,소형,보행자,보행자,1,0,1,0,0,37.47335391,126.86741948
안양시,2012   ,2012-07-12 12시,주간,목요일,차대차,정면충돌,운전자법규위반,안전운전 의무 불이행,단일로,기타단일로,화물차,소형,승용차,중형,1,0,2,0,1,37.37895712,126.95687992
수원시,2012   ,2012-07-11 23시,야간,수요일,차대차,진행중 추돌,운전자법규위반,안전운전 의무 불이행,단일로,기타단일로,승합차,대형,화물차,대형,1,1,4,0,2,37.2896871,127.09483326
김포시,2012   ,2012-07-11 23시,야간,수요일,차량단독,공작물충돌,운전자법규위반,안전운전 의무 불이행,단일로,기타단일로,승용차,소형,없음,없음,1,0,1,0,0,37.64010992,126.68760369
이천시,2012   ,2012-07-11 20시,야간,수요일,차대사람,차도통행중,운전자법규위반,안전운전 의무 불이행,단일로,기타단일로,화물차,소형,보행자,보행자,1,0,1,0,0,37.15858406,127.48101158
고양시,2012   ,2012-07-10 21시,야간,화요일,차대사람,기타,운전자법규위반,안전운전 의무 불이행,단일로,횡단보도부근,승용차,중형,보행자,보행자,1,0,1,0,0,37.68648232,126.77024259
고양시,2012   ,2012-07-10 16시,주간,화요일,차대사람,횡단중,운전자법규위반,안전운전 의무 불이행,단일로,기타단일로,승합차,대형,보행자,보행자,1,0,1,0,0,37.6558971,126.83684015
용인시,2012   ,2012-07-10 02시,야간,화요일,차대차,주정차중 추돌,운전자법규위반,안전운전 의무 불이행,단일로,기타단일로,승용차,대형,화물차,대형,1,0,1,0,0,37.09306447,127.12258498
양주시,2012   ,2012-07-09 23시,야간,월요일,차대사람,횡단중,운전자법규위반,안전운전 의무 불이행,단일로,횡단보도상,승합차,소형,보행자,보행자,1,0,1,0,0,37.81905515,127.04640711
화성시,2012   ,2012-07-09 15시,주간,월요일,차대차,진행중 추돌,운전자법규위반,안전거리 미확보,기타/불명,기타/불명,이륜차,중형,이륜차,소형,1,0,1,0,0,37.10009677,126.90160754
고양시,2012   ,2012-07-08 07시,주간,일요일,차대사람,보도통행중,운전자법규위반,기타(운전자법규위반),교차로,교차로부근,화물차,소형,보행자,보행자,1,0,2,0,1,37.68363003,126.84963562
평택시,2012   ,2012-07-07 03시,야간,토요일,차대차,측면충돌,운전자법규위반,신호위반,교차로,교차로내,승용차,중형,승용차,대형,2,1,3,0,0,36.99832685,127.08043674
안산시,2012   ,2012-07-07 01시,야간,토요일,차대차,진행중 추돌,운전자법규위반,신호위반,교차로,교차로내,승용차,중형,승용차,중형,1,1,4,0,2,37.31601962,126.81550592
성남시,2012   ,2012-07-06 20시,야간,금요일,차대사람,횡단중,운전자법규위반,안전운전 의무 불이행,교차로,교차로부근,화물차,소형,보행자,보행자,1,0,1,0,0,37.44012091,127.13714987
오산시,2012   ,2012-07-06 02시,야간,금요일,차량단독,공작물충돌,운전자법규위반,안전운전 의무 불이행,교차로,교차로내,승용차,소형,없음,없음,1,0,1,0,0,37.17767446,127.04632741
용인시,2012   ,2012-07-06 00시,야간,금요일,차량단독,공작물충돌,운전자법규위반,과속,단일로,기타단일로,승용차,중형,없음,없음,1,1,2,0,0,37.35915246,127.06315807
의정부시,2012   ,2012-07-05 22시,야간,목요일,차대사람,기타,운전자법규위반,안전운전 의무 불이행,교차로,교차로내,승용차,대형,보행자,보행자,1,0,1,0,0,37.72577565,127.04820216
화성시,2012   ,2012-07-05 09시,주간,목요일,차대차,주정차중 추돌,운전자법규위반,안전운전 의무 불이행,단일로,기타단일로,승합차,소형,승용차,소형,5,3,10,0,2,37.1826471,126.97364408
고양시,2012   ,2012-07-04 21시,야간,수요일,차대차,측면충돌,운전자법규위반,신호위반,교차로,교차로내,이륜차,소형,승용차,중형,1,0,3,0,2,37.68562522,126.72353587
김포시,2012   ,2012-07-04 07시,주간,수요일,차대사람,횡단중,운전자법규위반,안전운전 의무 불이행,단일로,기타단일로,승합차,대형,보행자,보행자,1,0,1,0,0,37.62644686,126.69696562
이천시,2012   ,2012-07-02 12시,주간,월요일,차량단독,전도전복,운전자법규위반,안전운전 의무 불이행,단일로,기타단일로,승용차,중형,없음,없음,1,1,4,0,2,37.15076749,127.5959571
시흥시,2012   ,2012-07-01 15시,주간,일요일,차대차,기타,운전자법규위반,신호위반,교차로,교차로내,이륜차,중형,이륜차,중형,1,1,2,0,0,37.34787657,126.78244079
하남시,2012   ,2012-07-01 01시,야간,일요일,차대차,진행중 추돌,운전자법규위반,안전운전 의무 불이행,단일로,기타단일로,승용차,중형,화물차,대형,1,1,2,0,0,37.53141265,127.2057603
화성시,2012   ,2012-06-30 20시,야간,토요일,차량단독,도로이탈 추락,운전자법규위반,안전운전 의무 불이행,단일로,기타단일로,승용차,대형,없음,없음,2,0,2,0,0,37.03348375,126.79676581
시흥시,2012   ,2012-06-30 08시,주간,토요일,차대차,측면충돌,운전자법규위반,안전운전 의무 불이행,단일로,교량위,승용차,중형,승용차,대형,1,0,2,0,1,37.37582392,126.76707379
의정부시,2012   ,2012-06-30 03시,야간,토요일,차대사람,횡단중,운전자법규위반,과속,교차로,교차로내,승용차,중형,보행자,보행자,1,0,1,0,0,37.74058123,127.05686297
가평군,2012   ,2012-06-30 01시,야간,토요일,차대사람,차도통행중,운전자법규위반,안전운전 의무 불이행,단일로,기타단일로,승용차,대형,보행자,보행자,1,0,1,0,0,37.88063173,127.54658887
화성시,2012   ,2012-06-30 01시,야간,토요일,차대차,기타,운전자법규위반,안전운전 의무 불이행,단일로,지하차도(도로)내,승용차,소형,승용차,중형,2,0,4,0,2,37.20762147,127.03529558
안산시,2012   ,2012-06-29 19시,야간,금요일,차대차,정면충돌,운전자법규위반,안전운전 의무 불이행,단일로,기타단일로,이륜차,소형,승용차,중형,1,0,1,0,0,37.3378635,126.79917589
안산시,2012   ,2012-06-29 18시,야간,금요일,차대사람,기타,운전자법규위반,안전운전 의무 불이행,단일로,횡단보도부근,승용차,소형,보행자,보행자,1,0,1,0,0,37.30436502,126.90563473
이천시,2012   ,2012-06-29 15시,주간,금요일,차대차,기타,운전자법규위반,안전거리 미확보,단일로,기타단일로,승용차,중형,승용차,소형,1,0,2,0,1,37.28950172,127.42701743
양주시,2012   ,2012-06-29 01시,야간,금요일,차량단독,전도전복,운전자법규위반,안전운전 의무 불이행,단일로,터널안,승용차,소형,없음,없음,1,0,1,0,0,37.68459448,126.93162481
하남시,2012   ,2012-06-29 00시,야간,금요일,차량단독,전도전복,운전자법규위반,안전운전 의무 불이행,단일로,기타단일로,이륜차,소형,없음,없음,1,0,1,0,0,37.5494178,127.18331941
포천시,2012   ,2012-06-28 23시,야간,목요일,차대차,주정차중 추돌,운전자법규위반,안전운전 의무 불이행,단일로,기타단일로,자전거,자전거,화물차,경형,1,0,1,0,0,38.09199402,127.26991044
이천시,2012   ,2012-06-28 14시,주간,목요일,차대차,주정차중 추돌,운전자법규위반,안전운전 의무 불이행,단일로,기타단일로,화물차,대형,승용차,소형,1,0,1,0,0,37.23895584,127.4204256
수원시,2012   ,2012-06-27 23시,야간,수요일,차량단독,전도전복,운전자법규위반,과속,단일로,기타단일로,승용차,중형,없음,없음,2,3,7,1,1,37.2427054,127.02430154
오산시,2012   ,2012-06-27 17시,주간,수요일,차대차,측면충돌,운전자법규위반,차로위반(진로변경 위반),단일로,기타단일로,승용차,대형,승합차,대형,1,0,1,0,0,37.19632491,127.04173121
부천시,2012   ,2012-06-27 14시,주간,수요일,차대차,기타,운전자법규위반,안전운전 의무 불이행,단일로,기타단일로,화물차,중형,자전거,자전거,1,0,1,0,0,37.50367046,126.77114328
평택시,2012   ,2012-06-26 18시,야간,화요일,차대차,기타,운전자법규위반,안전운전 의무 불이행,단일로,기타단일로,이륜차,소형,자전거,자전거,1,1,2,0,0,36.98011488,126.92668312
남양주시,2012   ,2012-06-26 11시,주간,화요일,차대차,정면충돌,운전자법규위반,중앙선 침범,단일로,횡단보도부근,승용차,경형,승용차,경형,1,0,2,0,1,37.61305184,127.17292026
성남시,2012   ,2012-06-26 06시,주간,화요일,차량단독,전도전복,운전자법규위반,안전운전 의무 불이행,단일로,기타단일로,화물차,소형,없음,없음,1,0,1,0,0,37.40394393,127.08885185
이천시,2012   ,2012-06-26 05시,야간,화요일,차량단독,도로이탈 추락,운전자법규위반,안전운전 의무 불이행,단일로,기타단일로,승용차,중형,없음,없음,1,1,2,0,0,37.23543859,127.51855673
의정부시,2012   ,2012-06-26 03시,야간,화요일,차대사람,횡단중,운전자법규위반,안전운전 의무 불이행,단일로,교량위,승용차,중형,보행자,보행자,1,0,1,0,0,37.73838379,127.04316578
남양주시,2012   ,2012-06-25 12시,주간,월요일,차대차,측면충돌,운전자법규위반,안전운전 의무 불이행,단일로,기타단일로,건설기계,건설기계,이륜차,중형,1,0,1,0,0,37.67195735,127.1340169
화성시,2012   ,2012-06-24 19시,야간,일요일,차량단독,전도전복,운전자법규위반,안전운전 의무 불이행,단일로,기타단일로,승합차,중형,없음,없음,2,5,8,0,1,37.17315415,127.09490438
안성시,2012   ,2012-06-24 08시,주간,일요일,차량단독,공작물충돌,운전자법규위반,안전운전 의무 불이행,단일로,기타단일로,승용차,중형,없음,없음,1,0,1,0,0,36.99827116,127.16501916
평택시,2012   ,2012-06-24 00시,야간,일요일,차량단독,공작물충돌,운전자법규위반,안전운전 의무 불이행,단일로,교량위,승용차,소형,없음,없음,1,0,1,0,0,36.95194938,126.84067952
안성시,2012   ,2012-06-23 15시,주간,토요일,차량단독,공작물충돌,운전자법규위반,안전운전 의무 불이행,단일로,기타단일로,승합차,소형,없음,없음,1,1,2,0,0,36.99771403,127.15617683
양주시,2012   ,2012-06-23 15시,주간,토요일,차대차,주정차중 추돌,운전자법규위반,안전운전 의무 불이행,기타/불명,기타/불명,승용차,중형,화물차,대형,1,1,3,0,1,37.67958275,126.91861007
시흥시,2012   ,2012-06-23 05시,야간,토요일,차대차,측면충돌,운전자법규위반,중앙선 침범,교차로,교차로부근,승용차,중형,승용차,중형,1,0,5,0,4,37.44753194,126.79150656
남양주시,2012   ,2012-06-23 01시,야간,토요일,차대사람,기타,운전자법규위반,안전운전 의무 불이행,단일로,기타단일로,승합차,대형,보행자,보행자,1,0,1,0,0,37.71897775,127.18308692
평택시,2012   ,2012-06-23 01시,야간,토요일,차량단독,기타,운전자법규위반,안전운전 의무 불이행,단일로,기타단일로,승용차,소형,없음,없음,1,0,1,0,0,37.03105719,126.938522
시흥시,2012   ,2012-06-21 17시,주간,목요일,차대사람,기타,운전자법규위반,안전운전 의무 불이행,교차로,교차로부근,화물차,중형,보행자,보행자,1,0,1,0,0,37.34718358,126.75491041
이천시,2012   ,2012-06-20 15시,주간,수요일,차량단독,전도전복,운전자법규위반,안전운전 의무 불이행,단일로,기타단일로,이륜차,중형,없음,없음,1,0,1,0,0,37.15493351,127.48229634
평택시,2012   ,2012-06-20 08시,주간,수요일,차량단독,전도전복,운전자법규위반,안전운전 의무 불이행,단일로,기타단일로,원동기장치자전거,원동기장치자전거,없음,없음,1,0,1,0,0,37.11789642,127.02426184
시흥시,2012   ,2012-06-20 00시,야간,수요일,차대차,측면충돌,운전자법규위반,안전운전 의무 불이행,단일로,고가도로위,화물차,소형,승용차,중형,1,1,3,0,1,37.45735108,126.79056592
광주시,2012   ,2012-06-19 21시,야간,화요일,차대차,측면충돌,운전자법규위반,신호위반,교차로,교차로내,이륜차,중형,승용차,중형,1,0,1,0,0,37.41919018,127.25627593
고양시,2012   ,2012-06-19 17시,주간,화요일,차대사람,횡단중,운전자법규위반,안전운전 의무 불이행,단일로,횡단보도상,승합차,대형,보행자,보행자,1,0,1,0,0,37.67031711,126.76083076
구리시,2012   ,2012-06-19 07시,주간,화요일,차대사람,기타,운전자법규위반,안전운전 의무 불이행,단일로,기타단일로,자전거,자전거,보행자,보행자,1,0,1,0,0,37.59782429,127.14359017
용인시,2012   ,2012-06-19 02시,야간,화요일,차대차,주정차중 추돌,운전자법규위반,안전운전 의무 불이행,교차로,교차로부근,승용차,중형,화물차,소형,1,3,4,0,0,37.23747888,127.2084399
연천군,2012   ,2012-06-18 23시,야간,월요일,차대차,정면충돌,운전자법규위반,신호위반,단일로,기타단일로,자전거,자전거,승용차,중형,1,0,1,0,0,38.02950842,127.06090508
연천군,2012   ,2012-06-18 22시,야간,월요일,차대차,측면충돌,운전자법규위반,중앙선 침범,단일로,기타단일로,승용차,중형,화물차,대형,1,0,1,0,0,38.10574943,127.07377156
용인시,2012   ,2012-06-18 20시,야간,월요일,차대차,진행중 추돌,운전자법규위반,안전운전 의무 불이행,단일로,기타단일로,승용차,중형,화물차,소형,1,0,1,0,0,37.26232156,127.19767537
안성시,2012   ,2012-06-18 12시,주간,월요일,차대차,측면충돌,운전자법규위반,안전운전 의무 불이행,단일로,기타단일로,승용차,소형,자전거,자전거,1,0,1,0,0,36.99882793,127.27022281
부천시,2012   ,2012-06-18 08시,주간,월요일,차대차,기타,운전자법규위반,신호위반,교차로,교차로내,승합차,대형,자전거,자전거,1,0,1,0,0,37.51995772,126.7609813
시흥시,2012   ,2012-06-17 07시,주간,일요일,차대차,측면충돌,운전자법규위반,신호위반,교차로,교차로내,이륜차,대형,화물차,중형,1,0,1,0,0,37.44993266,126.79052293
평택시,2012   ,2012-06-17 02시,야간,일요일,차대차,주정차중 추돌,운전자법규위반,안전운전 의무 불이행,교차로,교차로부근,승용차,소형,화물차,대형,1,0,1,0,0,36.98932243,126.91638812
용인시,2012   ,2012-06-17 02시,야간,일요일,차량단독,전도전복,운전자법규위반,안전운전 의무 불이행,단일로,기타단일로,승용차,소형,없음,없음,1,0,1,0,0,37.29159895,127.11398007
가평군,2012   ,2012-06-16 21시,야간,토요일,차대사람,기타,운전자법규위반,안전운전 의무 불이행,단일로,기타단일로,승용차,중형,보행자,보행자,1,0,1,0,0,37.73500032,127.41252076
광주시,2012   ,2012-06-16 15시,주간,토요일,차량단독,공작물충돌,운전자법규위반,안전운전 의무 불이행,단일로,기타단일로,승용차,대형,없음,없음,1,0,1,0,0,37.34964439,127.21414893
용인시,2012   ,2012-06-16 06시,주간,토요일,차대차,주정차중 추돌,운전자법규위반,안전운전 의무 불이행,교차로,교차로부근,화물차,대형,화물차,중형,1,1,2,0,0,37.14003248,127.39450827
안성시,2012   ,2012-06-16 04시,야간,토요일,차대차,정면충돌,운전자법규위반,중앙선 침범,단일로,기타단일로,승용차,중형,승용차,중형,1,4,5,0,0,37.00211417,127.30309901
화성시,2012   ,2012-06-15 04시,야간,금요일,차량단독,전도전복,운전자법규위반,안전운전 의무 불이행,단일로,기타단일로,승용차,중형,없음,없음,1,1,2,0,0,37.13940123,126.90218759
남양주시,2012   ,2012-06-14 21시,야간,목요일,차대차,주정차중 추돌,운전자법규위반,안전운전 의무 불이행,단일로,교량위,화물차,소형,화물차,소형,1,1,2,0,0,37.53041815,127.28855575
광주시,2012   ,2012-06-14 20시,야간,목요일,차대차,측면충돌,운전자법규위반,안전거리 미확보,단일로,교량위,화물차,소형,승용차,대형,1,0,1,0,0,37.46827227,127.24877734
안양시,2012   ,2012-06-14 20시,야간,목요일,차대사람,횡단중,운전자법규위반,안전운전 의무 불이행,단일로,기타단일로,승용차,중형,보행자,보행자,1,0,1,0,0,37.40230018,126.90218428
이천시,2012   ,2012-06-14 14시,주간,목요일,차대사람,차도통행중,운전자법규위반,신호위반,교차로,교차로내,원동기장치자전거,원동기장치자전거,보행자,보행자,1,0,1,0,0,37.28560989,127.44834287
시흥시,2012   ,2012-06-14 11시,주간,월요일,차대차,기타,운전자법규위반,교차로 통행방법 위반,교차로,교차로내,승용차,중형,이륜차,중형,1,0,1,0,0,37.43634224,126.78936263
용인시,2012   ,2012-06-14 10시,주간,목요일,차대사람,횡단중,운전자법규위반,안전운전 의무 불이행,교차로,교차로내,화물차,소형,보행자,보행자,1,0,1,0,0,37.21983131,127.20922921
남양주시,2012   ,2012-06-13 19시,야간,수요일,차대차,기타,운전자법규위반,신호위반,교차로,교차로내,원동기장치자전거,원동기장치자전거,원동기장치자전거,원동기장치자전거,1,0,2,0,1,37.65591438,127.24367967
용인시,2012   ,2012-06-13 05시,야간,수요일,차대차,측면충돌,운전자법규위반,안전거리 미확보,교차로,교차로부근,승용차,경형,화물차,대형,1,0,1,0,0,37.23309914,127.28477805
오산시,2012   ,2012-06-12 20시,야간,화요일,차량단독,공작물충돌,운전자법규위반,안전운전 의무 불이행,단일로,기타단일로,승용차,대형,없음,없음,2,0,5,0,3,37.18149809,127.05149804
남양주시,2012   ,2012-06-11 17시,주간,월요일,차량단독,공작물충돌,운전자법규위반,안전운전 의무 불이행,단일로,터널안,승용차,경형,없음,없음,1,0,1,0,0,37.61641315,127.18933557
성남시,2012   ,2012-06-11 00시,야간,월요일,차대차,측면충돌,운전자법규위반,신호위반,교차로,교차로내,승합차,대형,승용차,중형,1,0,1,0,0,37.43222467,127.1677293
여주시,2012   ,2012-06-09 22시,야간,토요일,차량단독,전도전복,운전자법규위반,안전운전 의무 불이행,단일로,기타단일로,화물차,소형,없음,없음,1,0,1,0,0,37.23372659,127.66715327
이천시,2012   ,2012-06-09 19시,야간,토요일,차대차,진행중 추돌,운전자법규위반,안전운전 의무 불이행,단일로,기타단일로,승용차,중형,화물차,소형,1,1,3,0,1,37.27889101,127.46321491
파주시,2012   ,2012-06-09 12시,주간,토요일,차대차,측면충돌,운전자법규위반,신호위반,교차로,교차로내,자전거,자전거,승용차,중형,1,0,1,0,0,37.86008079,126.78904227
남양주시,2012   ,2012-06-09 02시,야간,토요일,차대차,정면충돌,운전자법규위반,신호위반,교차로,교차로내,이륜차,소형,승용차,중형,1,1,3,0,1,37.6099017,127.16491237
김포시,2012   ,2012-06-08 21시,야간,금요일,차대사람,차도통행중,운전자법규위반,안전운전 의무 불이행,단일로,기타단일로,화물차,소형,보행자,보행자,1,0,1,0,0,37.6028814,126.77561423
포천시,2012   ,2012-06-08 16시,주간,금요일,차대사람,보도통행중,운전자법규위반,보행자 보호의무 위반,단일로,기타단일로,승용차,중형,보행자,보행자,1,1,2,0,0,37.89269416,127.20976466
양평군,2012   ,2012-06-08 03시,야간,금요일,차대사람,차도통행중,운전자법규위반,안전운전 의무 불이행,단일로,기타단일로,이륜차,소형,보행자,보행자,1,2,3,0,0,37.4850338,127.48817976
파주시,2012   ,2012-06-07 23시,야간,목요일,차대차,주정차중 추돌,운전자법규위반,안전운전 의무 불이행,단일로,기타단일로,승용차,중형,승합차,대형,1,3,5,0,1,37.77320278,126.72038399
고양시,2012   ,2012-06-07 16시,주간,목요일,차대차,측면충돌,운전자법규위반,안전거리 미확보,단일로,기타단일로,원동기장치자전거,원동기장치자전거,승합차,대형,1,0,1,0,0,37.67688636,126.74075041
화성시,2012   ,2012-06-07 14시,주간,목요일,차대사람,횡단중,운전자법규위반,안전운전 의무 불이행,단일로,기타단일로,화물차,소형,보행자,보행자,1,0,1,0,0,37.21178302,127.03684789
광명시,2012   ,2012-06-07 07시,주간,목요일,차대차,주정차중 추돌,운전자법규위반,안전거리 미확보,단일로,기타단일로,원동기장치자전거,원동기장치자전거,화물차,소형,1,0,1,0,0,37.47755346,126.87404563
화성시,2012   ,2012-06-06 10시,주간,수요일,차대사람,횡단중,운전자법규위반,과속,단일로,횡단보도상,승용차,대형,보행자,보행자,1,0,1,0,0,37.20635749,127.06810859
안산시,2012   ,2012-06-05 10시,주간,화요일,차대사람,차도통행중,운전자법규위반,안전운전 의무 불이행,교차로,교차로내,화물차,소형,보행자,보행자,1,0,1,0,0,37.32454732,126.80173755
용인시,2012   ,2012-06-04 14시,주간,월요일,차대차,진행중 추돌,운전자법규위반,안전운전 의무 불이행,단일로,기타단일로,화물차,소형,화물차,소형,1,0,2,0,1,37.22256326,127.09053733
평택시,2012   ,2012-06-04 10시,주간,월요일,차량단독,도로이탈 추락,운전자법규위반,안전운전 의무 불이행,교차로,교차로부근,화물차,중형,없음,없음,1,0,1,0,0,37.00849126,127.0428051
고양시,2012   ,2012-06-03 16시,주간,일요일,차대차,정면충돌,운전자법규위반,중앙선 침범,단일로,기타단일로,승용차,중형,승용차,중형,1,1,2,0,0,37.63135318,126.87979577
용인시,2012   ,2012-06-02 09시,주간,토요일,차대사람,기타,운전자법규위반,중앙선 침범,교차로,교차로부근,건설기계,건설기계,보행자,보행자,1,1,2,0,0,37.23979886,127.31842455
김포시,2012   ,2012-06-01 23시,야간,금요일,차대사람,기타,운전자법규위반,안전운전 의무 불이행,단일로,기타단일로,승용차,중형,보행자,보행자,1,0,1,0,0,37.59359293,126.76899846
성남시,2012   ,2012-06-01 23시,야간,금요일,차대사람,차도통행중,운전자법규위반,안전운전 의무 불이행,단일로,기타단일로,승용차,대형,보행자,보행자,1,0,1,0,0,37.39552024,127.10326853
포천시,2012   ,2012-06-01 21시,야간,금요일,차대차,측면충돌,운전자법규위반,안전거리 미확보,단일로,기타단일로,화물차,소형,자전거,자전거,1,0,1,0,0,37.82176607,127.15787794
의정부시,2012   ,2012-06-01 18시,야간,금요일,차대사람,횡단중,운전자법규위반,안전운전 의무 불이행,단일로,기타단일로,화물차,소형,보행자,보행자,1,0,1,0,0,37.70976703,127.04792497
남양주시,2012   ,2012-05-31 12시,주간,목요일,차대차,정면충돌,운전자법규위반,중앙선 침범,단일로,기타단일로,화물차,소형,건설기계,건설기계,1,1,2,0,0,37.67962833,127.11166083
성남시,2012   ,2012-05-31 08시,주간,목요일,차대차,주정차중 추돌,운전자법규위반,안전운전 의무 불이행,단일로,기타단일로,승용차,소형,승용차,소형,1,1,3,0,1,37.44729463,127.15480831
하남시,2012   ,2012-05-31 04시,야간,목요일,차대차,진행중 추돌,운전자법규위반,안전운전 의무 불이행,단일로,기타단일로,승용차,소형,건설기계,건설기계,1,1,2,0,0,37.57840723,127.17736415
용인시,2012   ,2012-05-31 03시,야간,목요일,차량단독,기타,운전자법규위반,안전운전 의무 불이행,단일로,기타단일로,승용차,중형,없음,없음,1,1,2,0,0,37.13404912,127.13606085
안산시,2012   ,2012-05-30 11시,주간,수요일,차대차,측면충돌,운전자법규위반,안전거리 미확보,단일로,기타단일로,자전거,자전거,화물차,소형,1,0,1,0,0,37.33374804,126.85532826
파주시,2012   ,2012-05-29 18시,야간,화요일,차대차,기타,운전자법규위반,신호위반,교차로,교차로내,자전거,자전거,승합차,중형,1,0,1,0,0,37.72967422,126.75168466
군포시,2012   ,2012-05-29 13시,주간,화요일,차대사람,횡단중,운전자법규위반,안전운전 의무 불이행,단일로,횡단보도부근,승용차,중형,보행자,보행자,1,0,1,0,0,37.34353903,126.94844194
수원시,2012   ,2012-05-29 08시,주간,화요일,차대사람,횡단중,운전자법규위반,안전운전 의무 불이행,단일로,기타단일로,승합차,대형,보행자,보행자,1,0,1,0,0,37.27388368,126.94729245
남양주시,2012   ,2012-05-29 01시,야간,화요일,차대차,주정차중 추돌,운전자법규위반,안전운전 의무 불이행,교차로,교차로부근,원동기장치자전거,원동기장치자전거,화물차,중형,1,0,1,0,0,37.73130983,127.19404246
화성시,2012   ,2012-05-28 04시,야간,월요일,차량단독,공작물충돌,운전자법규위반,안전운전 의무 불이행,단일로,횡단보도부근,화물차,중형,없음,없음,1,0,1,0,0,37.21302609,127.06270587
이천시,2012   ,2012-05-27 15시,주간,일요일,차대사람,횡단중,운전자법규위반,안전운전 의무 불이행,교차로,교차로내,승용차,중형,보행자,보행자,1,0,1,0,0,37.27429839,127.4508434
안성시,2012   ,2012-05-27 00시,야간,일요일,차량단독,공작물충돌,운전자법규위반,안전운전 의무 불이행,단일로,기타단일로,승용차,중형,없음,없음,1,1,2,0,0,37.11264856,127.21854269
포천시,2012   ,2012-05-27 00시,야간,일요일,차량단독,공작물충돌,운전자법규위반,기타(운전자법규위반),단일로,기타단일로,이륜차,중형,없음,없음,1,0,1,0,0,37.83940617,127.17427585
연천군,2012   ,2012-05-26 01시,야간,토요일,차대차,정면충돌,운전자법규위반,중앙선 침범,단일로,기타단일로,승용차,중형,승용차,소형,1,0,1,0,0,38.03762428,127.10534512
화성시,2012   ,2012-05-26 00시,야간,토요일,차대사람,기타,운전자법규위반,안전운전 의무 불이행,단일로,기타단일로,승용차,소형,보행자,보행자,1,0,1,0,0,37.17047288,126.62882666
연천군,2012   ,2012-05-25 20시,야간,금요일,차대차,진행중 추돌,운전자법규위반,안전운전 의무 불이행,단일로,교량위,승용차,대형,농기계,농기계,1,0,1,0,0,38.08779912,127.07210828
수원시,2012   ,2012-05-25 19시,야간,금요일,차대사람,기타,운전자법규위반,안전운전 의무 불이행,단일로,기타단일로,승용차,소형,보행자,보행자,1,0,1,0,0,37.28606647,127.0163913
남양주시,2012   ,2012-05-25 14시,주간,금요일,차대차,정면충돌,운전자법규위반,중앙선 침범,단일로,기타단일로,승용차,경형,승용차,경형,1,1,2,0,0,37.68732725,127.16191034
구리시,2012   ,2012-05-25 14시,주간,목요일,차량단독,공작물충돌,운전자법규위반,안전운전 의무 불이행,단일로,기타단일로,승용차,중형,없음,없음,1,1,3,0,1,37.58987842,127.15711855