시군명,발생년도,발생일자,주야구분명,사고요일,사고유형_대분류,사고유형,법규위반대분류명,법규위반내용,도로형태_대분류,도로형태,가해자 당사자 종별,당사자1_차종,피해자 당사자 종별,당사자2_차종,사망자수,중상자수,부상자수,부상신고자수,경상자수,WGS84위도,WGS84경도
광주시,2012   ,2012-02-14 14시,주간,화요일,차량단독,공작물충돌,운전자법규위반,안전운전 의무 불이행,단일로,기타단일로,건설기계,건설기계,없음,없음,1,0,1,0,0,37.4327482,127.19127178
성남시,2012   ,2012-02-14 10시,주간,화요일,차대차,주정차중 추돌,운전자법규위반,안전운전 의무 불이행,단일로,기타단일로,승용차,중형,승합차,중형,1,2,6,0,3,37.38766682,127.07910149
구리시,2012   ,2012-02-13 22시,야간,월요일,차대사람,횡단중,운전자법규위반,안전운전 의무 불이행,단일로,횡단보도상,승용차,중형,보행자,보행자,1,0,1,0,0,37.60076711,127.13326704
오산시,2012   ,2012-02-13 17시,주간,월요일,차대사람,횡단중,운전자법규위반,신호위반,단일로,횡단보도상,건설기계,건설기계,보행자,보행자,1,0,1,0,0,37.14899322,127.06849133
의정부시,2012   ,2012-02-13 15시,주간,월요일,차대사람,횡단중,운전자법규위반,안전운전 의무 불이행,교차로,교차로부근,승용차,경형,보행자,보행자,1,0,1,0,0,37.74834924,127.07110769
안산시,2012   ,2012-02-12 23시,야간,일요일,차대차,기타,운전자법규위반,과속,단일로,기타단일로,승용차,소형,승용차,중형,1,0,1,0,0,37.31835408,126.85561777
포천시,2012   ,2012-02-11 23시,야간,토요일,차대사람,기타,운전자법규위반,안전운전 의무 불이행,단일로,기타단일로,특수차,중형,보행자,보행자,1,0,1,0,0,37.89479361,127.20952894
오산시,2012   ,2012-02-11 18시,야간,토요일,차대사람,기타,운전자법규위반,안전운전 의무 불이행,교차로,교차로내,승용차,소형,보행자,보행자,1,0,1,0,0,37.14572059,127.06588625
구리시,2012   ,2012-02-11 07시,주간,토요일,차량단독,전도전복,운전자법규위반,안전운전 의무 불이행,단일로,기타단일로,화물차,중형,없음,없음,1,0,1,0,0,37.64143143,127.13479013
화성시,2012   ,2012-02-11 05시,야간,토요일,차대차,주정차중 추돌,운전자법규위반,안전운전 의무 불이행,단일로,기타단일로,승용차,소형,화물차,대형,1,0,1,0,0,37.06095472,126.92108135
광주시,2012   ,2012-02-11 01시,야간,토요일,차대차,기타,운전자법규위반,중앙선 침범,단일로,기타단일로,승용차,소형,승합차,경형,1,1,2,0,0,37.34628087,127.1955439
구리시,2012   ,2012-02-10 19시,야간,금요일,차량단독,공작물충돌,운전자법규위반,안전운전 의무 불이행,단일로,기타단일로,승용차,경형,없음,없음,1,1,2,0,0,37.6065983,127.13310246
고양시,2012   ,2012-02-10 05시,야간,금요일,차대사람,기타,운전자법규위반,안전운전 의무 불이행,단일로,기타단일로,승용차,중형,보행자,보행자,1,0,1,0,0,37.68561892,126.67999653
고양시,2012   ,2012-02-09 11시,주간,목요일,차대차,기타,운전자법규위반,안전운전 의무 불이행,단일로,기타단일로,승용차,중형,화물차,대형,1,0,1,0,0,37.64814854,126.74438708
이천시,2012   ,2012-02-09 08시,주간,목요일,차대차,정면충돌,운전자법규위반,중앙선 침범,단일로,기타단일로,화물차,소형,화물차,대형,1,1,2,0,0,37.16022542,127.51327867
안산시,2012   ,2012-02-09 06시,주간,목요일,차대차,측면충돌,운전자법규위반,신호위반,교차로,교차로내,승합차,소형,승합차,소형,1,0,2,0,1,37.34394252,126.79525828
이천시,2012   ,2012-02-08 19시,야간,수요일,차대사람,차도통행중,운전자법규위반,안전운전 의무 불이행,교차로,교차로내,승용차,중형,보행자,보행자,1,0,1,0,0,37.1270886,127.61461505
안양시,2012   ,2012-02-08 09시,주간,수요일,차대차,측면충돌,운전자법규위반,신호위반,교차로,교차로내,자전거,자전거,승용차,대형,1,0,1,0,0,37.41135492,126.91580791
하남시,2012   ,2012-02-08 07시,주간,수요일,차대차,측면충돌,운전자법규위반,중앙선 침범,교차로,교차로부근,승용차,경형,화물차,소형,1,0,2,0,1,37.58014225,127.19253291
용인시,2012   ,2012-02-08 06시,주간,수요일,차대차,진행중 추돌,운전자법규위반,안전운전 의무 불이행,단일로,기타단일로,화물차,중형,불명,불명,1,1,2,0,0,37.28785712,127.15757996
광명시,2012   ,2012-02-07 22시,야간,화요일,차대차,측면충돌,운전자법규위반,신호위반,교차로,교차로내,승용차,중형,원동기장치자전거,원동기장치자전거,1,0,1,0,0,37.45738876,126.8789174
파주시,2012   ,2012-02-07 09시,주간,화요일,차대차,기타,운전자법규위반,안전운전 의무 불이행,단일로,기타단일로,승합차,소형,화물차,대형,1,0,1,0,0,37.7006196,126.68560521
용인시,2012   ,2012-02-07 00시,야간,화요일,차대차,주정차중 추돌,운전자법규위반,안전운전 의무 불이행,교차로,교차로부근,승용차,경형,승합차,대형,1,0,2,0,1,37.26134313,127.1042779
광주시,2012   ,2012-02-06 18시,야간,월요일,차대사람,차도통행중,운전자법규위반,안전운전 의무 불이행,단일로,기타단일로,승용차,중형,보행자,보행자,1,0,1,0,0,37.35873368,127.15768732
성남시,2012   ,2012-02-06 15시,주간,월요일,차대사람,기타,운전자법규위반,보행자 보호의무 위반,교차로,교차로내,승합차,대형,보행자,보행자,1,0,1,0,0,37.33818046,127.11604478
부천시,2012   ,2012-02-06 09시,주간,월요일,차대사람,횡단중,운전자법규위반,안전운전 의무 불이행,단일로,기타단일로,승용차,중형,보행자,보행자,1,0,1,0,0,37.53206443,126.80581734
양주시,2012   ,2012-02-06 07시,주간,월요일,차대차,측면충돌,운전자법규위반,중앙선 침범,단일로,기타단일로,승용차,소형,승용차,소형,1,4,5,0,0,37.73066707,126.97772167
용인시,2012   ,2012-02-06 06시,주간,월요일,차대차,진행중 추돌,운전자법규위반,안전운전 의무 불이행,단일로,기타단일로,화물차,대형,화물차,대형,1,0,2,0,1,37.23945599,127.2858536
하남시,2012   ,2012-02-05 22시,야간,일요일,차량단독,공작물충돌,운전자법규위반,안전운전 의무 불이행,교차로,교차로부근,승용차,중형,없음,없음,1,0,1,0,0,37.50093781,127.23236505
포천시,2012   ,2012-02-05 21시,야간,일요일,차대사람,기타,운전자법규위반,안전운전 의무 불이행,단일로,기타단일로,승용차,경형,보행자,보행자,1,0,1,0,0,37.9058444,127.20986089
수원시,2012   ,2012-02-05 18시,야간,일요일,차대차,진행중 추돌,운전자법규위반,안전운전 의무 불이행,단일로,기타단일로,승용차,대형,이륜차,소형,1,0,1,0,0,37.26041791,126.9917788
시흥시,2012   ,2012-02-05 17시,주간,일요일,차대차,정면충돌,운전자법규위반,중앙선 침범,단일로,교량위,원동기장치자전거,원동기장치자전거,승용차,소형,1,0,2,0,1,37.39835827,126.74138884
이천시,2012   ,2012-02-05 14시,주간,일요일,차량단독,도로이탈 추락,운전자법규위반,안전운전 의무 불이행,단일로,기타단일로,농기계,농기계,없음,없음,1,0,1,0,0,37.18480659,127.48308928
광주시,2012   ,2012-02-04 17시,주간,토요일,차대사람,기타,운전자법규위반,안전운전 의무 불이행,단일로,기타단일로,화물차,중형,보행자,보행자,1,0,1,0,0,37.39467552,127.24066295
고양시,2012   ,2012-02-04 16시,주간,토요일,차대차,측면충돌,운전자법규위반,안전운전 의무 불이행,단일로,기타단일로,승용차,중형,화물차,경형,1,0,2,0,1,37.69579818,126.88324072
안성시,2012   ,2012-02-04 11시,주간,토요일,차대차,측면충돌,운전자법규위반,안전운전 의무 불이행,단일로,기타단일로,승용차,소형,승합차,대형,1,0,1,0,0,37.08864409,127.12435096
평택시,2012   ,2012-02-04 00시,야간,토요일,차량단독,공작물충돌,운전자법규위반,안전운전 의무 불이행,단일로,기타단일로,승용차,중형,없음,없음,1,0,1,0,0,36.96489644,126.86765213
화성시,2012   ,2012-02-03 01시,야간,목요일,차대차,측면충돌,운전자법규위반,안전운전 의무 불이행,교차로,교차로내,승용차,소형,화물차,중형,1,1,2,0,0,37.16755751,126.93829093
고양시,2012   ,2012-02-02 15시,주간,목요일,차대차,주정차중 추돌,운전자법규위반,안전운전 의무 불이행,단일로,터널안,화물차,경형,화물차,소형,1,0,1,0,0,37.66273616,126.72833219
성남시,2012   ,2012-02-02 13시,주간,목요일,차대차,측면충돌,운전자법규위반,중앙선 침범,단일로,기타단일로,승용차,대형,승용차,중형,1,2,3,0,0,37.39076613,127.06134792
용인시,2012   ,2012-02-02 09시,주간,목요일,차대차,기타,운전자법규위반,안전운전 의무 불이행,단일로,터널안,승용차,대형,승용차,소형,1,2,5,0,2,37.27858341,127.07974349
시흥시,2012   ,2012-02-01 23시,야간,수요일,차량단독,공작물충돌,운전자법규위반,안전운전 의무 불이행,교차로,교차로내,승용차,대형,없음,없음,1,0,1,0,0,37.37971535,126.80703209
화성시,2012   ,2012-02-01 16시,주간,수요일,차대차,측면충돌,운전자법규위반,안전운전 의무 불이행,교차로,교차로내,화물차,소형,승용차,중형,1,1,2,0,0,37.21503643,126.84890118
김포시,2012   ,2012-01-31 21시,야간,화요일,차대사람,차도통행중,운전자법규위반,안전운전 의무 불이행,단일로,기타단일로,승합차,대형,보행자,보행자,1,0,1,0,0,37.60435852,126.76090615
화성시,2012   ,2012-01-31 19시,야간,화요일,차량단독,전도전복,운전자법규위반,안전운전 의무 불이행,교차로,교차로내,승용차,대형,없음,없음,1,0,2,0,1,37.06678251,126.94467052
수원시,2012   ,2012-01-31 05시,야간,화요일,차대사람,기타,운전자법규위반,신호위반,교차로,교차로내,승용차,중형,보행자,보행자,1,0,1,0,0,37.24687398,127.03212304
부천시,2012   ,2012-01-30 17시,주간,월요일,차대사람,횡단중,운전자법규위반,보행자 보호의무 위반,단일로,횡단보도상,승합차,소형,보행자,보행자,1,0,1,0,0,37.50405989,126.76128512
평택시,2012   ,2012-01-29 22시,야간,일요일,차대사람,기타,운전자법규위반,안전운전 의무 불이행,단일로,기타단일로,승용차,소형,보행자,보행자,1,0,1,0,0,36.96101614,127.04608836
양평군,2012   ,2012-01-29 19시,야간,일요일,차대사람,횡단중,운전자법규위반,안전운전 의무 불이행,단일로,기타단일로,승용차,대형,보행자,보행자,1,0,1,0,0,37.51352467,127.40527772
평택시,2012   ,2012-01-29 05시,야간,일요일,차대차,주정차중 추돌,운전자법규위반,안전운전 의무 불이행,단일로,기타단일로,승용차,중형,승합차,중형,1,1,2,0,0,36.99845977,127.11430937
구리시,2012   ,2012-01-29 05시,야간,일요일,차대차,정면충돌,운전자법규위반,중앙선 침범,단일로,기타단일로,승용차,중형,승용차,중형,2,1,4,0,1,37.60907576,127.13853998
김포시,2012   ,2012-01-28 19시,야간,토요일,차량단독,기타,운전자법규위반,안전운전 의무 불이행,단일로,기타단일로,승용차,중형,없음,없음,1,0,1,0,0,37.72938232,126.55090787
시흥시,2012   ,2012-01-28 08시,주간,토요일,차대차,진행중 추돌,운전자법규위반,안전운전 의무 불이행,단일로,기타단일로,승용차,대형,화물차,소형,2,1,9,0,6,37.35775958,126.74401087
광주시,2012   ,2012-01-28 05시,야간,토요일,차대사람,차도통행중,운전자법규위반,안전운전 의무 불이행,단일로,기타단일로,화물차,소형,보행자,보행자,1,0,1,0,0,37.36881496,127.24485161
양주시,2012   ,2012-01-27 18시,야간,금요일,차대사람,차도통행중,운전자법규위반,안전운전 의무 불이행,단일로,기타단일로,승용차,대형,보행자,보행자,1,0,1,0,0,37.67791916,126.92306845
용인시,2012   ,2012-01-27 06시,주간,금요일,차대사람,기타,운전자법규위반,안전운전 의무 불이행,단일로,기타단일로,승합차,대형,보행자,보행자,1,0,1,0,0,37.25596816,127.1228
광주시,2012   ,2012-01-27 01시,야간,금요일,차량단독,공작물충돌,운전자법규위반,안전운전 의무 불이행,단일로,기타단일로,승용차,중형,없음,없음,1,0,1,0,0,37.39760512,127.30121042
의정부시,2012   ,2012-01-27 00시,야간,금요일,차대차,측면충돌,운전자법규위반,안전거리 미확보,교차로,교차로부근,승용차,중형,원동기장치자전거,원동기장치자전거,1,0,1,0,0,37.73922329,127.0458278
김포시,2012   ,2012-01-26 21시,야간,목요일,차량단독,기타,운전자법규위반,안전운전 의무 불이행,기타/불명,기타/불명,승용차,중형,없음,없음,1,0,1,0,0,37.69645181,126.63447136
수원시,2012   ,2012-01-26 19시,야간,목요일,차대사람,횡단중,운전자법규위반,안전운전 의무 불이행,교차로,교차로내,화물차,소형,보행자,보행자,1,0,1,0,0,37.29596346,127.02523004
광명시,2012   ,2012-01-23 11시,주간,월요일,차대차,기타,운전자법규위반,안전운전 의무 불이행,교차로,교차로부근,승용차,중형,승용차,중형,1,0,1,0,0,37.46827714,126.85535084
가평군,2012   ,2012-01-22 16시,주간,일요일,차대차,정면충돌,운전자법규위반,교차로 통행방법 위반,교차로,교차로내,승합차,중형,이륜차,중형,1,0,1,0,0,37.74187476,127.42146797
하남시,2012   ,2012-01-22 03시,야간,일요일,차량단독,공작물충돌,운전자법규위반,안전운전 의무 불이행,단일로,기타단일로,승용차,소형,없음,없음,1,0,1,0,0,37.5530241,127.21181158
하남시,2012   ,2012-01-20 18시,야간,금요일,차대사람,횡단중,운전자법규위반,안전운전 의무 불이행,단일로,기타단일로,승합차,대형,보행자,보행자,1,0,1,0,0,37.53759529,127.20548698
고양시,2012   ,2012-01-20 18시,야간,금요일,차대차,정면충돌,운전자법규위반,중앙선 침범,단일로,기타단일로,승용차,중형,화물차,소형,1,1,2,0,0,37.61672692,126.87512428
광명시,2012   ,2012-01-20 18시,야간,금요일,차대사람,횡단중,운전자법규위반,안전운전 의무 불이행,교차로,교차로부근,승합차,대형,보행자,보행자,1,0,1,0,0,37.42311571,126.8817322
의정부시,2012   ,2012-01-20 10시,주간,금요일,차대차,측면충돌,운전자법규위반,안전운전 의무 불이행,단일로,횡단보도상,승용차,중형,자전거,자전거,1,0,1,0,0,37.74537708,127.0546891
성남시,2012   ,2012-01-20 08시,주간,금요일,차대차,정면충돌,운전자법규위반,중앙선 침범,교차로,교차로내,승용차,중형,승용차,중형,1,0,2,0,1,37.36952772,127.10155326
광명시,2012   ,2012-01-19 19시,야간,목요일,차대사람,횡단중,운전자법규위반,보행자 보호의무 위반,교차로,교차로부근,승합차,소형,보행자,보행자,1,0,1,0,0,37.45219061,126.89331915
양주시,2012   ,2012-01-19 16시,주간,목요일,차량단독,공작물충돌,운전자법규위반,안전운전 의무 불이행,단일로,교량위,승용차,중형,없음,없음,1,0,1,0,0,37.78502684,127.02711571
용인시,2012   ,2012-01-19 14시,주간,목요일,차대차,측면충돌,운전자법규위반,안전운전 의무 불이행,단일로,터널안,승용차,소형,승용차,소형,1,0,1,0,0,37.30968724,127.0763204
남양주시,2012   ,2012-01-19 06시,주간,목요일,차량단독,공작물충돌,운전자법규위반,안전운전 의무 불이행,단일로,기타단일로,승용차,대형,없음,없음,1,0,1,0,0,37.65030478,127.16032113
시흥시,2012   ,2012-01-18 23시,야간,수요일,차대사람,횡단중,운전자법규위반,안전운전 의무 불이행,교차로,교차로부근,승합차,중형,보행자,보행자,1,0,1,0,0,37.34869643,126.73352257
파주시,2012   ,2012-01-18 22시,야간,수요일,차대사람,횡단중,운전자법규위반,보행자 보호의무 위반,단일로,기타단일로,화물차,경형,보행자,보행자,1,0,1,0,0,37.80601307,126.79372999
시흥시,2012   ,2012-01-18 15시,주간,수요일,차대차,진행중 추돌,운전자법규위반,안전운전 의무 불이행,단일로,기타단일로,화물차,중형,자전거,자전거,1,1,2,0,0,37.32501333,126.65483389
하남시,2012   ,2012-01-18 13시,주간,수요일,차대차,주정차중 추돌,운전자법규위반,안전운전 의무 불이행,단일로,기타단일로,화물차,중형,화물차,중형,1,0,2,0,1,37.53340196,127.19059702
화성시,2012   ,2012-01-18 12시,주간,수요일,차대차,진행중 추돌,운전자법규위반,안전운전 의무 불이행,단일로,기타단일로,원동기장치자전거,원동기장치자전거,화물차,대형,1,0,1,0,0,37.08035979,126.80328593
안양시,2012   ,2012-01-18 01시,야간,수요일,차대사람,횡단중,운전자법규위반,안전운전 의무 불이행,단일로,횡단보도상,승용차,대형,보행자,보행자,1,0,1,0,0,37.4026277,126.95503691
수원시,2012   ,2012-01-17 18시,야간,화요일,차대사람,횡단중,운전자법규위반,안전운전 의무 불이행,단일로,기타단일로,승용차,중형,보행자,보행자,1,0,1,0,0,37.26402096,127.03964091
동두천시,2012   ,2012-01-17 18시,야간,화요일,차대차,진행중 추돌,운전자법규위반,안전운전 의무 불이행,교차로,교차로부근,화물차,소형,승용차,중형,1,0,2,0,1,37.89238134,127.05719428
수원시,2012   ,2012-01-17 08시,주간,화요일,차대사람,횡단중,운전자법규위반,보행자 보호의무 위반,교차로,교차로내,건설기계,건설기계,보행자,보행자,1,0,1,0,0,37.29847378,126.96900178
화성시,2012   ,2012-01-17 05시,야간,화요일,차량단독,도로이탈 추락,운전자법규위반,안전운전 의무 불이행,단일로,기타단일로,승용차,중형,없음,없음,1,1,2,0,0,37.16230143,126.89950694
용인시,2012   ,2012-01-16 22시,야간,월요일,차대차,진행중 추돌,운전자법규위반,안전운전 의무 불이행,단일로,기타단일로,승용차,중형,승용차,경형,1,0,4,1,2,37.29377275,127.10351012
동두천시,2012   ,2012-01-16 15시,주간,월요일,차대차,진행중 추돌,운전자법규위반,안전운전 의무 불이행,단일로,기타단일로,화물차,소형,자전거,자전거,1,0,1,0,0,37.91898594,127.05673902
수원시,2012   ,2012-01-16 12시,주간,월요일,차대차,진행중 추돌,운전자법규위반,안전운전 의무 불이행,단일로,기타단일로,화물차,대형,화물차,대형,1,0,4,0,3,37.31682122,126.99467219
의정부시,2012   ,2012-01-16 12시,주간,월요일,차대사람,길가장자리구역통행중,운전자법규위반,안전운전 의무 불이행,교차로,교차로내,승용차,중형,보행자,보행자,1,0,1,0,0,37.74704694,127.03660847
안성시,2012   ,2012-01-16 10시,주간,월요일,차대차,주정차중 추돌,운전자법규위반,안전운전 의무 불이행,단일로,기타단일로,승용차,중형,승합차,대형,1,1,2,0,0,37.00424957,127.1787389
평택시,2012   ,2012-01-16 06시,주간,월요일,차대사람,횡단중,운전자법규위반,안전운전 의무 불이행,교차로,교차로내,화물차,소형,보행자,보행자,1,0,1,0,0,36.99761201,126.93997052
김포시,2012   ,2012-01-16 06시,주간,월요일,차대사람,횡단중,운전자법규위반,안전운전 의무 불이행,단일로,기타단일로,화물차,소형,보행자,보행자,1,0,1,0,0,37.68988249,126.59736889
화성시,2012   ,2012-01-15 02시,야간,일요일,차대사람,횡단중,운전자법규위반,안전운전 의무 불이행,단일로,횡단보도상,승용차,대형,보행자,보행자,1,0,1,0,0,37.21018377,127.03358937
포천시,2012   ,2012-01-14 19시,야간,토요일,차대차,주정차중 추돌,운전자법규위반,안전운전 의무 불이행,단일로,기타단일로,화물차,중형,화물차,중형,1,1,2,0,0,37.8638896,127.29111954
용인시,2012   ,2012-01-14 19시,야간,토요일,차대사람,횡단중,운전자법규위반,안전운전 의무 불이행,단일로,기타단일로,승용차,중형,보행자,보행자,1,0,1,0,0,37.32388281,127.10190725
김포시,2012   ,2012-01-14 10시,주간,토요일,차대차,측면충돌,운전자법규위반,중앙선 침범,단일로,기타단일로,승용차,소형,승용차,대형,1,1,2,0,0,37.58748072,126.78054329
남양주시,2012   ,2012-01-14 00시,야간,토요일,차대사람,기타,운전자법규위반,안전운전 의무 불이행,단일로,횡단보도상,화물차,대형,보행자,보행자,1,0,1,0,0,37.61180849,127.16986651
여주시,2012   ,2012-01-13 06시,주간,금요일,차대차,측면충돌,운전자법규위반,안전운전 의무 불이행,단일로,기타단일로,승용차,중형,원동기장치자전거,원동기장치자전거,1,0,1,0,0,37.26571752,127.63920857
양평군,2012   ,2012-01-13 00시,야간,금요일,차대차,진행중 추돌,운전자법규위반,안전운전 의무 불이행,단일로,기타단일로,화물차,소형,화물차,대형,1,0,1,0,0,37.51546093,127.41491635
포천시,2012   ,2012-01-12 21시,야간,목요일,차량단독,공작물충돌,운전자법규위반,안전운전 의무 불이행,교차로,교차로부근,승용차,중형,없음,없음,1,0,1,0,0,38.03781508,127.36717149
의왕시,2012   ,2012-01-12 07시,주간,목요일,차대사람,보도통행중,운전자법규위반,신호위반,단일로,횡단보도상,화물차,소형,보행자,보행자,1,0,1,0,0,37.34194304,126.97812268
의정부시,2012   ,2012-01-11 12시,주간,수요일,차대사람,기타,운전자법규위반,안전운전 의무 불이행,단일로,기타단일로,화물차,경형,보행자,보행자,1,0,1,0,0,37.74323749,127.04903811
안양시,2012   ,2012-01-11 10시,주간,수요일,차대차,측면충돌,운전자법규위반,중앙선 침범,단일로,기타단일로,승합차,대형,승합차,대형,1,9,27,0,17,37.43175583,126.90376989
시흥시,2012   ,2012-01-11 01시,야간,수요일,차대차,진행중 추돌,운전자법규위반,안전운전 의무 불이행,단일로,기타단일로,승용차,중형,승용차,소형,1,1,2,0,0,37.3460982,126.74578744
수원시,2012   ,2012-01-10 19시,야간,화요일,차대사람,횡단중,운전자법규위반,안전운전 의무 불이행,단일로,기타단일로,승합차,대형,보행자,보행자,1,0,1,0,0,37.2680215,126.99926179
용인시,2012   ,2012-01-10 05시,야간,화요일,차대차,주정차중 추돌,운전자법규위반,안전운전 의무 불이행,교차로,교차로내,승합차,중형,이륜차,소형,1,0,1,0,0,37.25844164,127.19266123
이천시,2012   ,2012-01-10 01시,야간,화요일,차대차,주정차중 추돌,운전자법규위반,안전운전 의무 불이행,단일로,기타단일로,승용차,중형,승용차,대형,1,0,1,0,0,37.28584529,127.43248114
남양주시,2012   ,2012-01-10 00시,야간,화요일,차량단독,공작물충돌,운전자법규위반,안전운전 의무 불이행,단일로,기타단일로,승용차,대형,없음,없음,1,0,1,0,0,37.67685762,127.37514345
성남시,2012   ,2012-01-09 20시,야간,월요일,차량단독,기타,운전자법규위반,안전운전 의무 불이행,단일로,기타단일로,승용차,중형,없음,없음,1,1,2,0,0,37.45053296,127.17472588
용인시,2012   ,2012-01-09 20시,야간,월요일,차대사람,횡단중,운전자법규위반,안전운전 의무 불이행,단일로,기타단일로,화물차,대형,보행자,보행자,1,0,1,0,0,37.2511382,127.33036135
평택시,2012   ,2012-01-09 15시,주간,월요일,차량단독,공작물충돌,운전자법규위반,안전운전 의무 불이행,교차로,교차로부근,건설기계,건설기계,없음,없음,1,0,1,0,0,37.03664815,127.01021912
파주시,2012   ,2012-01-09 00시,야간,월요일,차량단독,공작물충돌,운전자법규위반,안전운전 의무 불이행,단일로,기타단일로,승용차,중형,없음,없음,1,0,1,0,0,37.82216104,126.78273654
안산시,2012   ,2012-01-08 16시,주간,일요일,차대사람,길가장자리구역통행중,운전자법규위반,안전운전 의무 불이행,단일로,기타단일로,승용차,중형,보행자,보행자,1,1,2,0,0,37.34925163,126.79677805
수원시,2012   ,2012-01-08 01시,야간,일요일,차대사람,횡단중,운전자법규위반,안전운전 의무 불이행,교차로,교차로내,승용차,중형,보행자,보행자,1,0,1,0,0,37.26040006,127.02212651
안산시,2012   ,2012-01-07 20시,야간,토요일,차대차,측면충돌,운전자법규위반,안전운전 의무 불이행,교차로,교차로내,승용차,중형,이륜차,소형,1,0,1,0,0,37.3103596,126.82030814
가평군,2012   ,2012-01-07 16시,주간,토요일,차량단독,도로이탈 추락,운전자법규위반,안전운전 의무 불이행,기타/불명,기타/불명,승용차,중형,없음,없음,2,1,3,0,0,37.74672164,127.35311887
시흥시,2012   ,2012-01-07 16시,주간,토요일,차대사람,횡단중,운전자법규위반,신호위반,단일로,횡단보도상,승용차,대형,보행자,보행자,1,0,1,0,0,37.36491492,126.72842263
시흥시,2012   ,2012-01-07 06시,주간,토요일,차대사람,횡단중,운전자법규위반,안전운전 의무 불이행,단일로,기타단일로,승용차,소형,보행자,보행자,1,0,1,0,0,37.34889388,126.73757386
광주시,2012   ,2012-01-07 02시,야간,토요일,차량단독,공작물충돌,운전자법규위반,안전운전 의무 불이행,단일로,기타단일로,화물차,소형,없음,없음,1,0,1,0,0,37.37469384,127.29700154
가평군,2012   ,2012-01-06 22시,야간,금요일,차량단독,도로이탈 추락,운전자법규위반,안전운전 의무 불이행,단일로,기타단일로,승용차,소형,없음,없음,1,0,1,0,0,37.71557439,127.45754257
안양시,2012   ,2012-01-06 16시,주간,금요일,차대차,측면충돌,운전자법규위반,안전운전 의무 불이행,단일로,기타단일로,자전거,자전거,승합차,대형,1,0,1,0,0,37.38286756,126.95263841
여주시,2012   ,2012-01-06 09시,주간,금요일,차량단독,전도전복,운전자법규위반,안전운전 의무 불이행,교차로,교차로부근,이륜차,소형,없음,없음,1,0,1,0,0,37.2393644,127.53700264
시흥시,2012   ,2012-01-05 18시,야간,목요일,차대사람,횡단중,운전자법규위반,안전운전 의무 불이행,교차로,교차로부근,승용차,중형,보행자,보행자,1,0,1,0,0,37.38249929,126.76792376
포천시,2012   ,2012-01-05 18시,야간,목요일,차대사람,횡단중,운전자법규위반,과속,단일로,기타단일로,화물차,중형,보행자,보행자,1,0,1,0,0,38.01433447,127.21784109
수원시,2012   ,2012-01-05 15시,주간,목요일,차량단독,기타,운전자법규위반,안전운전 의무 불이행,단일로,기타단일로,승합차,대형,없음,없음,1,0,1,0,0,37.27900913,127.0165267
안산시,2012   ,2012-01-05 01시,야간,목요일,차량단독,공작물충돌,운전자법규위반,안전운전 의무 불이행,교차로,교차로부근,승용차,대형,없음,없음,1,0,1,0,0,37.33282362,126.77946847
남양주시,2012   ,2012-01-05 01시,야간,목요일,차대사람,횡단중,운전자법규위반,안전운전 의무 불이행,교차로,교차로내,화물차,소형,보행자,보행자,1,0,1,0,0,37.67186137,127.15295429
안성시,2012   ,2012-01-04 20시,야간,수요일,차대사람,기타,운전자법규위반,안전운전 의무 불이행,단일로,기타단일로,승용차,중형,보행자,보행자,1,0,1,0,0,37.06876219,127.20176383
남양주시,2012   ,2012-01-04 19시,야간,수요일,차대사람,횡단중,운전자법규위반,안전운전 의무 불이행,단일로,횡단보도상,승용차,소형,보행자,보행자,1,0,1,0,0,37.73298986,127.1954201
성남시,2012   ,2012-01-04 19시,야간,수요일,차대차,진행중 추돌,운전자법규위반,안전운전 의무 불이행,단일로,기타단일로,화물차,소형,승합차,대형,1,3,4,0,0,37.42798207,127.12928535
수원시,2012   ,2012-01-04 11시,주간,수요일,차대사람,횡단중,운전자법규위반,보행자 보호의무 위반,교차로,교차로내,승합차,대형,보행자,보행자,1,0,1,0,0,37.27564559,127.01619854
수원시,2012   ,2012-01-02 22시,야간,월요일,차대사람,횡단중,운전자법규위반,안전운전 의무 불이행,단일로,기타단일로,승용차,중형,보행자,보행자,1,0,1,0,0,37.25402658,127.03556325
부천시,2012   ,2012-01-02 20시,야간,월요일,차대사람,횡단중,운전자법규위반,안전운전 의무 불이행,단일로,횡단보도부근,승용차,소형,보행자,보행자,1,0,1,0,0,37.48397355,126.77074651
파주시,2012   ,2012-01-02 15시,주간,월요일,차대차,정면충돌,운전자법규위반,중앙선 침범,단일로,기타단일로,승용차,경형,화물차,경형,1,1,2,0,0,37.79052587,126.75807888
광명시,2012   ,2012-01-02 13시,주간,월요일,차량단독,전도전복,운전자법규위반,안전운전 의무 불이행,단일로,기타단일로,화물차,중형,없음,없음,1,0,1,0,0,37.44102462,126.85124381
고양시,2012   ,2012-01-02 07시,주간,월요일,차대사람,횡단중,운전자법규위반,안전운전 의무 불이행,단일로,횡단보도상,승합차,대형,보행자,보행자,1,0,1,0,0,37.67476033,126.75078504
화성시,2012   ,2012-01-02 06시,주간,월요일,차대사람,횡단중,운전자법규위반,안전운전 의무 불이행,교차로,교차로부근,승합차,대형,보행자,보행자,1,0,1,0,0,37.19448763,126.93938726
하남시,2012   ,2012-01-02 05시,야간,월요일,차대차,진행중 추돌,운전자법규위반,안전운전 의무 불이행,단일로,기타단일로,승용차,대형,승용차,대형,1,0,2,0,1,37.51662919,127.17768689
포천시,2012   ,2012-01-01 20시,야간,일요일,차대차,정면충돌,운전자법규위반,중앙선 침범,단일로,기타단일로,승용차,소형,승용차,소형,2,9,12,0,1,37.82690241,127.14830918
화성시,2012   ,2012-01-01 04시,야간,일요일,차대사람,차도통행중,운전자법규위반,안전운전 의무 불이행,단일로,횡단보도부근,승용차,소형,보행자,보행자,1,0,1,0,0,37.2066359,126.81074777